{ "type": "FeatureCollection", "features": [
{"type":"Feature","geometry":{"type":"Point","coordinates":[-73.600435,41.564587]},"properties":{":id":"row-6p5p~gg6u.aheh",":version":"rv-jr7s.dt8v-fgg6",":created_at":"2025-11-26T11:58:21.834Z",":updated_at":"2025-11-26T11:58:23.211Z","railroad":"MNR","code":"1PW","station_name":"Pawling","branch":"Wassaic","latitude":"41.564587","longitude":"-73.600435","outbound_title":"To Wassaic","inbound_title":"To Southeast, White Plains, & New York","zone":"8","station_url":{"url":"https://www.mta.info/stations/pawling"},"parking_map_url":null,"accessibility":"FULL",":@computed_region_yamh_8v7k":"591",":@computed_region_wbg7_3whc":"999",":@computed_region_kjdx_g34t":"2040"}},
{"type":"Feature","geometry":{"type":"Point","coordinates":[-73.7650805,40.67516489]},"properties":{":id":"row-umav~rf47~9883",":version":"rv-cbf2-xik7-d7yy",":created_at":"2025-11-26T11:58:21.834Z",":updated_at":"2025-11-26T11:58:23.211Z","railroad":"LIRR","code":"LMR","station_name":"Locust Manor","branch":"Far Rockaway","latitude":"40.67516489","longitude":"-73.7650805","outbound_title":"To Points East","inbound_title":"To Jamaica & New York","zone":"3","station_url":{"url":"https://www.mta.info/stations/locust-manor"},"parking_map_url":{"url":"https://www.mta.info/document/114201"},"accessibility":"NONE",":@computed_region_yamh_8v7k":"196",":@computed_region_wbg7_3whc":"1261",":@computed_region_kjdx_g34t":"2137"}},
{"type":"Feature","geometry":{"type":"Point","coordinates":[-73.725549,40.720074]},"properties":{":id":"row-w84y~q3qh_3yvr",":version":"rv-2av4_bie8_a8bw",":created_at":"2025-11-26T11:58:21.834Z",":updated_at":"2025-11-26T11:58:23.211Z","railroad":"LIRR","code":"EMT","station_name":"Elmont-UBS Arena","branch":"Hempstead","latitude":"40.720074","longitude":"-73.725549","outbound_title":"To Points East","inbound_title":"To Jamaica & New York","zone":"4","station_url":{"url":"https://www.mta.info/stations/elmont-ubs-arena"},"parking_map_url":{"url":"https://www.mta.info/document/113731"},"accessibility":"FULL",":@computed_region_yamh_8v7k":"62",":@computed_region_wbg7_3whc":"860",":@computed_region_kjdx_g34t":"2094"}},
{"type":"Feature","geometry":{"type":"Point","coordinates":[-73.830951,40.911928]},"properties":{":id":"row-vee6-zffx_p6ic",":version":"rv-hgpy_zz65-b3sr",":created_at":"2025-11-26T11:58:21.834Z",":updated_at":"2025-11-26T11:58:23.211Z","railroad":"MNR","code":"2ME","station_name":"Mt Vernon East","branch":"New Haven","latitude":"40.911928","longitude":"-73.830951","outbound_title":"To Stamford & New Haven","inbound_title":"To New York","zone":"12","station_url":{"url":"https://www.mta.info/stations/mt-vernon-east"},"parking_map_url":null,"accessibility":"FULL",":@computed_region_yamh_8v7k":"962",":@computed_region_wbg7_3whc":"1329",":@computed_region_kjdx_g34t":"2185"}},
{"type":"Feature","geometry":{"type":"Point","coordinates":[-73.912311,40.874782]},"properties":{":id":"row-2nff~32iy_e9je",":version":"rv-zaax_q3qe_fyf3",":created_at":"2025-11-26T11:58:21.834Z",":updated_at":"2025-11-26T11:58:23.211Z","railroad":"MNR","code":"0MB","station_name":"Marble Hill","branch":"Hudson","latitude":"40.874782","longitude":"-73.912311","outbound_title":"To Croton-Harmon & Poughkeepsie","inbound_title":"To New York","zone":"2","station_url":{"url":"https://www.mta.info/stations/marble-hill"},"parking_map_url":null,"accessibility":"NONE",":@computed_region_yamh_8v7k":"749",":@computed_region_wbg7_3whc":"676",":@computed_region_kjdx_g34t":"2095"}},
{"type":"Feature","geometry":{"type":"Point","coordinates":[-73.80843137,40.69961991]},"properties":{":id":"row-fzae-zc67~k5f9",":version":"rv-8mga.6vrt_4qx7",":created_at":"2025-11-26T11:58:21.834Z",":updated_at":"2025-11-26T11:58:23.211Z","railroad":"LIRR","code":"JAM","station_name":"Jamaica","branch":"City Terminal Zone","latitude":"40.69961991","longitude":"-73.80843137","outbound_title":"To Long Island","inbound_title":"To Points West","zone":"3","station_url":{"url":"https://www.mta.info/stations/jamaica"},"parking_map_url":null,"accessibility":"FULL",":@computed_region_yamh_8v7k":"196",":@computed_region_wbg7_3whc":"1262",":@computed_region_kjdx_g34t":"2137"}},
{"type":"Feature","geometry":{"type":"Point","coordinates":[-73.443969,41.077645]},"properties":{":id":"row-6kgy-9e7y.aenb",":version":"rv-xbax.hp3p.cxyp",":created_at":"2025-11-26T11:58:21.834Z",":updated_at":"2025-11-26T11:58:23.211Z","railroad":"MNR","code":"2RO","station_name":"Rowayton","branch":"New Haven","latitude":"41.077645","longitude":"-73.443969","outbound_title":"To New Haven","inbound_title":"To Stamford & New York","zone":"16","station_url":{"url":"https://www.mta.info/stations/rowayton"},"parking_map_url":null,"accessibility":"PARTIAL",":@computed_region_yamh_8v7k":null,":@computed_region_wbg7_3whc":null,":@computed_region_kjdx_g34t":"1040"}},
{"type":"Feature","geometry":{"type":"Point","coordinates":[-73.73621938,40.71752423]},"properties":{":id":"row-c4ae-89j2.yrvf",":version":"rv-2cdm-yyi9_82w3",":created_at":"2025-11-26T11:58:21.834Z",":updated_at":"2025-11-26T11:58:23.211Z","railroad":"LIRR","code":"QVG","station_name":"Queens Village","branch":"Hempstead","latitude":"40.71752423","longitude":"-73.73621938","outbound_title":"To Hempstead","inbound_title":"To Jamaica & New York","zone":"3","station_url":{"url":"https://www.mta.info/stations/queens-village"},"parking_map_url":{"url":"https://www.mta.info/document/117401"},"accessibility":"FULL",":@computed_region_yamh_8v7k":"196",":@computed_region_wbg7_3whc":"1213",":@computed_region_kjdx_g34t":"2137"}},
{"type":"Feature","geometry":{"type":"Point","coordinates":[-73.662238,41.348101]},"properties":{":id":"row-v76t~534j-ytc9",":version":"rv-5s6b.bt6b-nn55",":created_at":"2025-11-26T11:58:21.834Z",":updated_at":"2025-11-26T11:58:23.211Z","railroad":"MNR","code":"1CF","station_name":"Croton Falls","branch":"Harlem","latitude":"41.348101","longitude":"-73.662238","outbound_title":"To Southeast & Wassaic","inbound_title":"To White Plains & New York","zone":"7","station_url":{"url":"https://www.mta.info/stations/croton-falls"},"parking_map_url":null,"accessibility":"FULL",":@computed_region_yamh_8v7k":"958",":@computed_region_wbg7_3whc":"1206",":@computed_region_kjdx_g34t":"2185"}},
{"type":"Feature","geometry":{"type":"Point","coordinates":[-73.619973,41.394358]},"properties":{":id":"row-nhst~a6qt-4fas",":version":"rv-2t9v_dujj_q7u8",":created_at":"2025-11-26T11:58:21.834Z",":updated_at":"2025-11-26T11:58:23.211Z","railroad":"MNR","code":"1BW","station_name":"Brewster","branch":"Harlem","latitude":"41.394358","longitude":"-73.619973","outbound_title":"To Southeast & Wassaic","inbound_title":"To White Plains & New York","zone":"7","station_url":{"url":"https://www.mta.info/stations/brewster"},"parking_map_url":null,"accessibility":"FULL",":@computed_region_yamh_8v7k":"98",":@computed_region_wbg7_3whc":"1198",":@computed_region_kjdx_g34t":"627"}},
{"type":"Feature","geometry":{"type":"Point","coordinates":[-73.70481012,40.66155042]},"properties":{":id":"row-jibe~fk87.dxqf",":version":"rv-8ajd_esjj~dshx",":created_at":"2025-11-26T11:58:21.834Z",":updated_at":"2025-11-26T11:58:23.211Z","railroad":"LIRR","code":"VSM","station_name":"Valley Stream","branch":"Far Rockaway","latitude":"40.66155042","longitude":"-73.70481012","outbound_title":"To Points East","inbound_title":"To Jamaica & New York","zone":"4","station_url":{"url":"https://www.mta.info/stations/valley-stream"},"parking_map_url":{"url":"https://www.mta.info/document/113786"},"accessibility":"FULL",":@computed_region_yamh_8v7k":"62",":@computed_region_wbg7_3whc":"996",":@computed_region_kjdx_g34t":"2094"}},
{"type":"Feature","geometry":{"type":"Point","coordinates":[-73.7493319,40.76812045]},"properties":{":id":"row-hfzt~9u28_7med",":version":"rv-xucs~58a8.ekm6",":created_at":"2025-11-26T11:58:21.834Z",":updated_at":"2025-11-26T11:58:23.211Z","railroad":"LIRR","code":"DGL","station_name":"Douglaston","branch":"Port Washington","latitude":"40.76812045","longitude":"-73.7493319","outbound_title":"To Great Neck & Port Washington","inbound_title":"To New York","zone":"3","station_url":{"url":"https://www.mta.info/stations/douglaston"},"parking_map_url":{"url":"https://www.mta.info/document/113711"},"accessibility":"PARTIAL",":@computed_region_yamh_8v7k":"196",":@computed_region_wbg7_3whc":"833",":@computed_region_kjdx_g34t":"2137"}},
{"type":"Feature","geometry":{"type":"Point","coordinates":[-73.984726,41.506503]},"properties":{":id":"row-aas8-cfth.w5ec",":version":"rv-rqbv-akr5_y3zs",":created_at":"2025-11-26T11:58:21.834Z",":updated_at":"2025-11-26T11:58:23.211Z","railroad":"MNR","code":"0BC","station_name":"Beacon","branch":"Hudson","latitude":"41.506503","longitude":"-73.984726","outbound_title":"To Poughkeepsie","inbound_title":"To Croton-Harmon & New York","zone":"8","station_url":{"url":"https://www.mta.info/stations/beacon"},"parking_map_url":null,"accessibility":"FULL",":@computed_region_yamh_8v7k":"601",":@computed_region_wbg7_3whc":"950",":@computed_region_kjdx_g34t":"2040"}},
{"type":"Feature","geometry":{"type":"Point","coordinates":[-73.083527,41.320364]},"properties":{":id":"row-j9us-hqqf.4gg4",":version":"rv-xun5~b39y~vj4k",":created_at":"2025-11-26T11:58:21.834Z",":updated_at":"2025-11-26T11:58:23.211Z","railroad":"MNR","code":"5DB","station_name":"Derby-Shelton","branch":"Waterbury","latitude":"41.320364","longitude":"-73.083527","outbound_title":"To Waterbury","inbound_title":"To Bridgeport, Stamford, & New York","zone":"51","station_url":{"url":"https://www.mta.info/stations/derby-shelton"},"parking_map_url":null,"accessibility":"NONE",":@computed_region_yamh_8v7k":null,":@computed_region_wbg7_3whc":null,":@computed_region_kjdx_g34t":"1044"}},
{"type":"Feature","geometry":{"type":"Point","coordinates":[-73.60345352,40.7492723]},"properties":{":id":"row-ek6p_d26j_4fs2",":version":"rv-pis9_vw2k-nff9",":created_at":"2025-11-26T11:58:21.834Z",":updated_at":"2025-11-26T11:58:23.211Z","railroad":"LIRR","code":"CPL","station_name":"Carle Place","branch":"Port Jefferson","latitude":"40.7492723","longitude":"-73.60345352","outbound_title":"To Points East","inbound_title":"To Jamaica & New York","zone":"7","station_url":{"url":"https://www.mta.info/stations/carle-place"},"parking_map_url":{"url":"https://www.mta.info/document/113671"},"accessibility":"FULL",":@computed_region_yamh_8v7k":"60",":@computed_region_wbg7_3whc":"1353",":@computed_region_kjdx_g34t":"2094"}},
{"type":"Feature","geometry":{"type":"Point","coordinates":[-73.39834275,40.68106307]},"properties":{":id":"row-2fg8-q4vr_2dt4",":version":"rv-i2s4-t4df-u4r5",":created_at":"2025-11-26T11:58:21.834Z",":updated_at":"2025-11-26T11:58:23.211Z","railroad":"LIRR","code":"CPG","station_name":"Copiague","branch":"Babylon","latitude":"40.68106307","longitude":"-73.39834275","outbound_title":"To Babylon & Points East","inbound_title":"To Jamaica & New York","zone":"9","station_url":{"url":"https://www.mta.info/stations/copiague"},"parking_map_url":{"url":"https://www.mta.info/document/113696"},"accessibility":"FULL",":@computed_region_yamh_8v7k":"1023",":@computed_region_wbg7_3whc":"1108",":@computed_region_kjdx_g34t":"2179"}},
{"type":"Feature","geometry":{"type":"Point","coordinates":[-73.130915,41.194643]},"properties":{":id":"row-fvdh.k4ec-g2ry",":version":"rv-ya29-9ph3-ij59",":created_at":"2025-11-26T11:58:21.834Z",":updated_at":"2025-11-26T11:58:23.211Z","railroad":"MNR","code":"2SR","station_name":"Stratford","branch":"New Haven","latitude":"41.194643","longitude":"-73.130915","outbound_title":"To New Haven & Waterbury","inbound_title":"To Stamford & New York","zone":"20","station_url":{"url":"https://www.mta.info/stations/stratford"},"parking_map_url":null,"accessibility":"PARTIAL",":@computed_region_yamh_8v7k":null,":@computed_region_wbg7_3whc":null,":@computed_region_kjdx_g34t":"1040"}},
{"type":"Feature","geometry":{"type":"Point","coordinates":[-73.65465475,40.63476614]},"properties":{":id":"row-uvv6~5ahd_qz48",":version":"rv-cjgk_mp6x_mt8w",":created_at":"2025-11-26T11:58:21.834Z",":updated_at":"2025-11-26T11:58:23.211Z","railroad":"LIRR","code":"ODE","station_name":"Oceanside","branch":"Long Beach","latitude":"40.63476614","longitude":"-73.65465475","outbound_title":"To Long Beach","inbound_title":"To Jamaica & New York","zone":"7","station_url":{"url":"https://www.mta.info/stations/oceanside"},"parking_map_url":{"url":"https://www.mta.info/document/117351"},"accessibility":"FULL",":@computed_region_yamh_8v7k":"62",":@computed_region_wbg7_3whc":"1572",":@computed_region_kjdx_g34t":"2094"}},
{"type":"Feature","geometry":{"type":"Point","coordinates":[-73.729601,41.208797]},"properties":{":id":"row-7v7h-xpza-iwx9",":version":"rv-ybfc-crr6_y6cr",":created_at":"2025-11-26T11:58:21.834Z",":updated_at":"2025-11-26T11:58:23.211Z","railroad":"MNR","code":"1MK","station_name":"Mt Kisco","branch":"Harlem","latitude":"41.208797","longitude":"-73.729601","outbound_title":"To Southeast & Wassaic","inbound_title":"To White Plains & New York","zone":"6","station_url":{"url":"https://www.mta.info/stations/mount-kisco"},"parking_map_url":null,"accessibility":"FULL",":@computed_region_yamh_8v7k":"970",":@computed_region_wbg7_3whc":"1328",":@computed_region_kjdx_g34t":"2185"}},
{"type":"Feature","geometry":{"type":"Point","coordinates":[-73.80181951,40.76165279]},"properties":{":id":"row-thg5_yedb~inxr",":version":"rv-i86s_jts4.ybga",":created_at":"2025-11-26T11:58:21.834Z",":updated_at":"2025-11-26T11:58:23.211Z","railroad":"LIRR","code":"BDY","station_name":"Broadway","branch":"Port Washington","latitude":"40.76165279","longitude":"-73.80181951","outbound_title":"To Great Neck & Port Washington","inbound_title":"To New York","zone":"3","station_url":{"url":"https://www.mta.info/stations/broadway"},"parking_map_url":{"url":"https://www.mta.info/document/113666"},"accessibility":"FULL",":@computed_region_yamh_8v7k":"196",":@computed_region_wbg7_3whc":"828",":@computed_region_kjdx_g34t":"2137"}},
{"type":"Feature","geometry":{"type":"Point","coordinates":[-73.32408767,40.70076415]},"properties":{":id":"row-qha3_u4q2.36zs",":version":"rv-bsg3_5srw_ve29",":created_at":"2025-11-26T11:58:21.834Z",":updated_at":"2025-11-26T11:58:23.211Z","railroad":"LIRR","code":"BTA","station_name":"Babylon","branch":"Babylon","latitude":"40.70076415","longitude":"-73.32408767","outbound_title":"To Patchogue, Speonk, & Montauk","inbound_title":"To Jamaica & New York","zone":"9","station_url":{"url":"https://www.mta.info/stations/babylon"},"parking_map_url":{"url":"https://www.mta.info/document/98431"},"accessibility":"FULL",":@computed_region_yamh_8v7k":"1023",":@computed_region_wbg7_3whc":"1033",":@computed_region_kjdx_g34t":"2179"}},
{"type":"Feature","geometry":{"type":"Point","coordinates":[-73.94702785,40.74232948]},"properties":{":id":"row-3tj9.rstm-5t5y",":version":"rv-dqc8.495b_ph3q",":created_at":"2025-11-26T11:58:21.834Z",":updated_at":"2025-11-26T11:58:23.211Z","railroad":"LIRR","code":"HPA","station_name":"Hunterspoint Av","branch":"City Terminal Zone","latitude":"40.74232948","longitude":"-73.94702785","outbound_title":"To Jamaica & Points East","inbound_title":"To Long Island City","zone":"1","station_url":{"url":"https://www.mta.info/stations/hunterspoint-avenue"},"parking_map_url":null,"accessibility":"NONE",":@computed_region_yamh_8v7k":"196",":@computed_region_wbg7_3whc":"873",":@computed_region_kjdx_g34t":"2137"}},
{"type":"Feature","geometry":{"type":"Point","coordinates":[-73.426333,41.217129]},"properties":{":id":"row-ttvc-pc6y~7auj",":version":"rv-edw6.2hjx.qx5g",":created_at":"2025-11-26T11:58:21.834Z",":updated_at":"2025-11-26T11:58:23.211Z","railroad":"MNR","code":"4CA","station_name":"Cannondale","branch":"Danbury","latitude":"41.217129","longitude":"-73.426333","outbound_title":"To Danbury","inbound_title":"To South Norwalk, Stamford, & New York","zone":"41","station_url":{"url":"https://www.mta.info/stations/cannondale"},"parking_map_url":null,"accessibility":"FULL",":@computed_region_yamh_8v7k":null,":@computed_region_wbg7_3whc":null,":@computed_region_kjdx_g34t":"1040"}},
{"type":"Feature","geometry":{"type":"Point","coordinates":[-73.938918,40.805278]},"properties":{":id":"row-dk6i-dugv-etps",":version":"rv-6yfu_kmsa_b4vf",":created_at":"2025-11-26T11:58:21.834Z",":updated_at":"2025-11-26T11:58:23.211Z","railroad":"MNR","code":"0HL","station_name":"Harlem-125 St","branch":"City Terminal Zone","latitude":"40.805278","longitude":"-73.938918","outbound_title":"Outbound","inbound_title":"To Grand Central","zone":"1","station_url":{"url":"https://www.mta.info/stations/harlem-125-street"},"parking_map_url":null,"accessibility":"FULL",":@computed_region_yamh_8v7k":"749",":@computed_region_wbg7_3whc":"794",":@computed_region_kjdx_g34t":"2095"}},
{"type":"Feature","geometry":{"type":"Point","coordinates":[-73.72829722,40.71368754]},"properties":{":id":"row-3dtb~vimf-xa4j",":version":"rv-htiv~snp7-dy2x",":created_at":"2025-11-26T11:58:21.834Z",":updated_at":"2025-11-26T11:58:23.211Z","railroad":"LIRR","code":"BRT","station_name":"Belmont Park","branch":"Belmont","latitude":"40.71368754","longitude":"-73.72829722","outbound_title":"Arrivals","inbound_title":"Departures","zone":"4","station_url":{"url":"https://www.mta.info/stations/belmont-park"},"parking_map_url":null,"accessibility":"FULL",":@computed_region_yamh_8v7k":"196",":@computed_region_wbg7_3whc":"1214",":@computed_region_kjdx_g34t":"2094"}},
{"type":"Feature","geometry":{"type":"Point","coordinates":[-73.62516422,40.71316538]},"properties":{":id":"row-gixb-332g.brjp",":version":"rv-jexw~utvr_rg5n",":created_at":"2025-11-26T11:58:21.834Z",":updated_at":"2025-11-26T11:58:23.211Z","railroad":"LIRR","code":"HEM","station_name":"Hempstead","branch":"Hempstead","latitude":"40.71316538","longitude":"-73.62516422","outbound_title":"Arrivals","inbound_title":"Departures","zone":"4","station_url":{"url":"https://www.mta.info/stations/hempstead"},"parking_map_url":{"url":"https://www.mta.info/document/115896"},"accessibility":"FULL",":@computed_region_yamh_8v7k":"62",":@computed_region_wbg7_3whc":"1456",":@computed_region_kjdx_g34t":"2094"}},
{"type":"Feature","geometry":{"type":"Point","coordinates":[-73.10594563,40.80812119]},"properties":{":id":"row-3nwu_jprt_km8r",":version":"rv-v3mg-qgcv-63u8",":created_at":"2025-11-26T11:58:21.834Z",":updated_at":"2025-11-26T11:58:23.211Z","railroad":"LIRR","code":"RON","station_name":"Ronkonkoma","branch":"Ronkonkoma","latitude":"40.80812119","longitude":"-73.10594563","outbound_title":"To Greenport","inbound_title":"To Jamaica & New York","zone":"10","station_url":{"url":"https://www.mta.info/stations/ronkonkoma"},"parking_map_url":{"url":"https://www.mta.info/document/117436"},"accessibility":"FULL",":@computed_region_yamh_8v7k":"1019",":@computed_region_wbg7_3whc":"1421",":@computed_region_kjdx_g34t":"2179"}},
{"type":"Feature","geometry":{"type":"Point","coordinates":[-73.25374297,40.72461326]},"properties":{":id":"row-xawd-ba6x_6q75",":version":"rv-yge8~wexn~yg5m",":created_at":"2025-11-26T11:58:21.834Z",":updated_at":"2025-11-26T11:58:23.211Z","railroad":"LIRR","code":"BSR","station_name":"Bay Shore","branch":"Montauk","latitude":"40.72461326","longitude":"-73.25374297","outbound_title":"To Patchogue, Speonk, & Montauk","inbound_title":"To Jamaica & New York","zone":"10","station_url":{"url":"https://www.mta.info/stations/bay-shore"},"parking_map_url":{"url":"https://www.mta.info/document/98441"},"accessibility":"FULL",":@computed_region_yamh_8v7k":"1019",":@computed_region_wbg7_3whc":"1067",":@computed_region_kjdx_g34t":"2179"}},
{"type":"Feature","geometry":{"type":"Point","coordinates":[-73.919764,40.854235]},"properties":{":id":"row-jmd3_f5ig_p2ne",":version":"rv-7ns8.r7bv.xit7",":created_at":"2025-11-26T11:58:21.834Z",":updated_at":"2025-11-26T11:58:23.211Z","railroad":"MNR","code":"0MH","station_name":"Morris Heights","branch":"Hudson","latitude":"40.854235","longitude":"-73.919764","outbound_title":"To Croton-Harmon & Poughkeepsie","inbound_title":"To New York","zone":"2","station_url":{"url":"https://www.mta.info/stations/morris-heights"},"parking_map_url":null,"accessibility":"FULL",":@computed_region_yamh_8v7k":"307",":@computed_region_wbg7_3whc":"649",":@computed_region_kjdx_g34t":"2095"}},
{"type":"Feature","geometry":{"type":"Point","coordinates":[-73.64051987,40.72308753]},"properties":{":id":"row-a9rf.mwws_rr3t",":version":"rv-84rh-6eb3~8fm4",":created_at":"2025-11-26T11:58:21.834Z",":updated_at":"2025-11-26T11:58:23.211Z","railroad":"LIRR","code":"GCY","station_name":"Garden City","branch":"Hempstead","latitude":"40.72308753","longitude":"-73.64051987","outbound_title":"To Hempstead","inbound_title":"To Jamaica & New York","zone":"4","station_url":{"url":"https://www.mta.info/stations/garden-city"},"parking_map_url":{"url":"https://www.mta.info/document/115791"},"accessibility":"FULL",":@computed_region_yamh_8v7k":"62",":@computed_region_wbg7_3whc":"1357",":@computed_region_kjdx_g34t":"2094"}},
{"type":"Feature","geometry":{"type":"Point","coordinates":[-73.869168,41.1572]},"properties":{":id":"row-tc5g~ftfy-i6ry",":version":"rv-de52-kcmd-6zvz",":created_at":"2025-11-26T11:58:21.834Z",":updated_at":"2025-11-26T11:58:23.211Z","railroad":"MNR","code":"0OS","station_name":"Ossining","branch":"Hudson","latitude":"41.1572","longitude":"-73.869168","outbound_title":"To Croton-Harmon & Poughkeepsie","inbound_title":"To New York","zone":"5","station_url":{"url":"https://www.mta.info/stations/ossining"},"parking_map_url":null,"accessibility":"FULL",":@computed_region_yamh_8v7k":"957",":@computed_region_wbg7_3whc":"1333",":@computed_region_kjdx_g34t":"2185"}},
{"type":"Feature","geometry":{"type":"Point","coordinates":[-73.48356944,40.74314217]},"properties":{":id":"row-qgwg_rm6r_bc4j",":version":"rv-r395-4fyn_dwiz",":created_at":"2025-11-26T11:58:21.834Z",":updated_at":"2025-11-26T11:58:23.211Z","railroad":"LIRR","code":"BPG","station_name":"Bethpage","branch":"Ronkonkoma","latitude":"40.74314217","longitude":"-73.48356944","outbound_title":"To Ronkonkoma & Points East","inbound_title":"To Jamaica & New York","zone":"7","station_url":{"url":"https://www.mta.info/stations/bethpage"},"parking_map_url":{"url":"https://www.mta.info/document/113651"},"accessibility":"FULL",":@computed_region_yamh_8v7k":"59",":@computed_region_wbg7_3whc":"1071",":@computed_region_kjdx_g34t":"2094"}},
{"type":"Feature","geometry":{"type":"Point","coordinates":[-72.86432497,40.79898926]},"properties":{":id":"row-kqp7~yfip-4nsq",":version":"rv-ehei.krpg.9c2m",":created_at":"2025-11-26T11:58:21.834Z",":updated_at":"2025-11-26T11:58:23.211Z","railroad":"LIRR","code":"MSY","station_name":"Mastic-Shirley","branch":"Montauk","latitude":"40.79898926","longitude":"-72.86432497","outbound_title":"To Speonk & Montauk","inbound_title":"To Jamaica & New York","zone":"12","station_url":{"url":"https://www.mta.info/stations/mastic-shirley"},"parking_map_url":{"url":"https://www.mta.info/document/115856"},"accessibility":"FULL",":@computed_region_yamh_8v7k":"1022",":@computed_region_wbg7_3whc":"1671",":@computed_region_kjdx_g34t":"2179"}},
{"type":"Feature","geometry":{"type":"Point","coordinates":[-73.19441548,40.79191079]},"properties":{":id":"row-azxh~cxb4~j4cc",":version":"rv-kv33.3jqs_5u6h",":created_at":"2025-11-26T11:58:21.834Z",":updated_at":"2025-11-26T11:58:23.211Z","railroad":"LIRR","code":"CI","station_name":"Central Islip","branch":"Ronkonkoma","latitude":"40.79191079","longitude":"-73.19441548","outbound_title":"To Ronkonkoma & Points East","inbound_title":"To Jamaica & New York","zone":"10","station_url":{"url":"https://www.mta.info/stations/central-islip"},"parking_map_url":{"url":"https://www.mta.info/document/113681"},"accessibility":"FULL",":@computed_region_yamh_8v7k":"1019",":@computed_region_wbg7_3whc":"1079",":@computed_region_kjdx_g34t":"2179"}},
{"type":"Feature","geometry":{"type":"Point","coordinates":[-73.774743,41.073988]},"properties":{":id":"row-uddw_y3a7_uae2",":version":"rv-6kxj_bzk5~7ih8",":created_at":"2025-11-26T11:58:21.834Z",":updated_at":"2025-11-26T11:58:23.211Z","railroad":"MNR","code":"1VA","station_name":"Valhalla","branch":"Harlem","latitude":"41.073988","longitude":"-73.774743","outbound_title":"To Southeast & Wassaic","inbound_title":"To White Plains & New York","zone":"5","station_url":{"url":"https://www.mta.info/stations/valhalla"},"parking_map_url":null,"accessibility":"FULL",":@computed_region_yamh_8v7k":"963",":@computed_region_wbg7_3whc":"1349",":@computed_region_kjdx_g34t":"2185"}},
{"type":"Feature","geometry":{"type":"Point","coordinates":[-73.05215,41.492816]},"properties":{":id":"row-74eu~uzwb.x6xg",":version":"rv-6bsn.j8te~pdfp",":created_at":"2025-11-26T11:58:21.834Z",":updated_at":"2025-11-26T11:58:23.211Z","railroad":"MNR","code":"5NG","station_name":"Naugatuck","branch":"Waterbury","latitude":"41.492816","longitude":"-73.05215","outbound_title":"To Waterbury","inbound_title":"To Bridgeport, Stamford, & New York","zone":"51","station_url":{"url":"https://www.mta.info/stations/naugatuck"},"parking_map_url":null,"accessibility":"NONE",":@computed_region_yamh_8v7k":null,":@computed_region_wbg7_3whc":null,":@computed_region_kjdx_g34t":"1044"}},
{"type":"Feature","geometry":{"type":"Point","coordinates":[-73.50054735,40.82482831]},"properties":{":id":"row-jnwe.6wch_rs8n",":version":"rv-hnwe-ivjp~y9jz",":created_at":"2025-11-26T11:58:21.834Z",":updated_at":"2025-11-26T11:58:23.211Z","railroad":"LIRR","code":"SYT","station_name":"Syosset","branch":"Port Jefferson","latitude":"40.82482831","longitude":"-73.50054735","outbound_title":"To Huntington & Port Jefferson","inbound_title":"To Jamaica & New York","zone":"7","station_url":{"url":"https://www.mta.info/stations/syosset"},"parking_map_url":{"url":"https://www.mta.info/document/116086"},"accessibility":"FULL",":@computed_region_yamh_8v7k":"59",":@computed_region_wbg7_3whc":"1431",":@computed_region_kjdx_g34t":"2094"}},
{"type":"Feature","geometry":{"type":"Point","coordinates":[-73.820779,40.959242]},"properties":{":id":"row-tpkx_hzvn.596k",":version":"rv-zxf9_brkn-w8is",":created_at":"2025-11-26T11:58:21.834Z",":updated_at":"2025-11-26T11:58:23.211Z","railroad":"MNR","code":"1CW","station_name":"Crestwood","branch":"Harlem","latitude":"40.959242","longitude":"-73.820779","outbound_title":"To White Plains, Southeast, & Wassaic","inbound_title":"To New York","zone":"3","station_url":{"url":"https://www.mta.info/stations/crestwood"},"parking_map_url":null,"accessibility":"FULL",":@computed_region_yamh_8v7k":"975",":@computed_region_wbg7_3whc":"1446",":@computed_region_kjdx_g34t":"2185"}},
{"type":"Feature","geometry":{"type":"Point","coordinates":[-73.834945,40.941461]},"properties":{":id":"row-sj78-ppv4-v2ep",":version":"rv-43si~hgpp_764v",":created_at":"2025-11-26T11:58:21.834Z",":updated_at":"2025-11-26T11:58:23.211Z","railroad":"MNR","code":"1BX","station_name":"Bronxville","branch":"Harlem","latitude":"40.941461","longitude":"-73.834945","outbound_title":"To White Plains, Southeast, & Wassaic","inbound_title":"To New York","zone":"3","station_url":{"url":"https://www.mta.info/stations/bronxville"},"parking_map_url":null,"accessibility":"PARTIAL",":@computed_region_yamh_8v7k":"975",":@computed_region_wbg7_3whc":"1447",":@computed_region_kjdx_g34t":"2185"}},
{"type":"Feature","geometry":{"type":"Point","coordinates":[-73.793752,41.095457]},"properties":{":id":"row-x2zh_zm9y-94ts",":version":"rv-vwd4_hbxw-ca49",":created_at":"2025-11-26T11:58:21.834Z",":updated_at":"2025-11-26T11:58:23.211Z","railroad":"MNR","code":"1MP","station_name":"Mt Pleasant","branch":"Harlem","latitude":"41.095457","longitude":"-73.793752","outbound_title":"To Southeast & Wassaic","inbound_title":"To White Plains & New York","zone":"5","station_url":{"url":"https://www.mta.info/stations/mt-pleasant"},"parking_map_url":null,"accessibility":"NONE",":@computed_region_yamh_8v7k":"963",":@computed_region_wbg7_3whc":"1349",":@computed_region_kjdx_g34t":"2185"}},
{"type":"Feature","geometry":{"type":"Point","coordinates":[-73.62079268,40.85822207]},"properties":{":id":"row-4cxm.pmgh_bebr",":version":"rv-2zkg-wsf5~dz3w",":created_at":"2025-11-26T11:58:21.834Z",":updated_at":"2025-11-26T11:58:23.211Z","railroad":"LIRR","code":"GST","station_name":"Glen Street","branch":"Oyster Bay","latitude":"40.85822207","longitude":"-73.62079268","outbound_title":"To Oyster Bay","inbound_title":"To Jamaica & New York","zone":"7","station_url":{"url":"https://www.mta.info/stations/glen-street"},"parking_map_url":{"url":"https://www.mta.info/document/115831"},"accessibility":"FULL",":@computed_region_yamh_8v7k":"63",":@computed_region_wbg7_3whc":"1358",":@computed_region_kjdx_g34t":"2094"}},
{"type":"Feature","geometry":{"type":"Point","coordinates":[-73.884484,40.993837]},"properties":{":id":"row-sxrj-6dnp.zbfn",":version":"rv-mw36_m4ye~zcey",":created_at":"2025-11-26T11:58:21.834Z",":updated_at":"2025-11-26T11:58:23.211Z","railroad":"MNR","code":"0HS","station_name":"Hastings-on-Hudson","branch":"Hudson","latitude":"40.993837","longitude":"-73.884484","outbound_title":"To Croton-Harmon & Poughkeepsie","inbound_title":"To New York","zone":"4","station_url":{"url":"https://www.mta.info/stations/hastings-hudson"},"parking_map_url":null,"accessibility":"FULL",":@computed_region_yamh_8v7k":"974",":@computed_region_wbg7_3whc":"1445",":@computed_region_kjdx_g34t":"2185"}},
{"type":"Feature","geometry":{"type":"Point","coordinates":[-73.37146,41.118822]},"properties":{":id":"row-ke23~usvn.5ekv",":version":"rv-mf5d~8cdi.ei4e",":created_at":"2025-11-26T11:58:21.834Z",":updated_at":"2025-11-26T11:58:23.211Z","railroad":"MNR","code":"2WP","station_name":"Westport","branch":"New Haven","latitude":"41.118822","longitude":"-73.37146","outbound_title":"To New Haven","inbound_title":"To Stamford & New York","zone":"18","station_url":{"url":"https://www.mta.info/stations/westport"},"parking_map_url":null,"accessibility":"FULL",":@computed_region_yamh_8v7k":null,":@computed_region_wbg7_3whc":null,":@computed_region_kjdx_g34t":"1040"}},
{"type":"Feature","geometry":{"type":"Point","coordinates":[-73.19767748,40.85661712]},"properties":{":id":"row-eeku-d2ig-bxv4",":version":"rv-wrie-kt5t_saah",":created_at":"2025-11-26T11:58:21.834Z",":updated_at":"2025-11-26T11:58:23.211Z","railroad":"LIRR","code":"STN","station_name":"Smithtown","branch":"Port Jefferson","latitude":"40.85661712","longitude":"-73.19767748","outbound_title":"To Port Jefferson","inbound_title":"To Jamaica & New York","zone":"10","station_url":{"url":"https://www.mta.info/stations/smithtown"},"parking_map_url":{"url":"https://www.mta.info/document/115806"},"accessibility":"FULL",":@computed_region_yamh_8v7k":"1014",":@computed_region_wbg7_3whc":"1427",":@computed_region_kjdx_g34t":"2179"}},
{"type":"Feature","geometry":{"type":"Point","coordinates":[-73.84483539,40.71959922]},"properties":{":id":"row-h6cu-wvp8~s2f5",":version":"rv-uekw-axxm_8xej",":created_at":"2025-11-26T11:58:21.834Z",":updated_at":"2025-11-26T11:58:23.211Z","railroad":"LIRR","code":"FHL","station_name":"Forest Hills","branch":"City Terminal Zone","latitude":"40.71959922","longitude":"-73.84483539","outbound_title":"To Jamaica & Points East","inbound_title":"To New York","zone":"1","station_url":{"url":"https://www.mta.info/stations/forest-hills"},"parking_map_url":null,"accessibility":"FULL",":@computed_region_yamh_8v7k":"196",":@computed_region_wbg7_3whc":"845",":@computed_region_kjdx_g34t":"2137"}},
{"type":"Feature","geometry":{"type":"Point","coordinates":[-73.84369038,40.75260683]},"properties":{":id":"row-ikif~7h6e-tsp4",":version":"rv-7b4y-p8au~5zyu",":created_at":"2025-11-26T11:58:21.834Z",":updated_at":"2025-11-26T11:58:23.211Z","railroad":"LIRR","code":"SSM","station_name":"Mets-Willets Point","branch":"Port Washington","latitude":"40.75260683","longitude":"-73.84369038","outbound_title":"To Great Neck & Port Washington","inbound_title":"To Woodside & New York","zone":"1","station_url":{"url":"https://www.mta.info/stations/mets-willets-point-lirr"},"parking_map_url":null,"accessibility":"NONE",":@computed_region_yamh_8v7k":"196",":@computed_region_wbg7_3whc":"838",":@computed_region_kjdx_g34t":"2137"}},
{"type":"Feature","geometry":{"type":"Point","coordinates":[-73.876694,41.027087]},"properties":{":id":"row-8mnz-c9ca~ffty",":version":"rv-i833~3egr_cqej",":created_at":"2025-11-26T11:58:21.834Z",":updated_at":"2025-11-26T11:58:23.211Z","railroad":"MNR","code":"0AR","station_name":"Ardsley-on-Hudson","branch":"Hudson","latitude":"41.027087","longitude":"-73.876694","outbound_title":"To Croton-Harmon & Poughkeepsie","inbound_title":"To New York","zone":"4","station_url":{"url":"https://www.mta.info/stations/ardsley-hudson"},"parking_map_url":null,"accessibility":"FULL",":@computed_region_yamh_8v7k":"974",":@computed_region_wbg7_3whc":"1252",":@computed_region_kjdx_g34t":"2185"}},
{"type":"Feature","geometry":{"type":"Point","coordinates":[-73.684086,41.259826]},"properties":{":id":"row-rw4h~wsfr_rpwh",":version":"rv-33te-wrr9.u2ce",":created_at":"2025-11-26T11:58:21.834Z",":updated_at":"2025-11-26T11:58:23.211Z","railroad":"MNR","code":"1KA","station_name":"Katonah","branch":"Harlem","latitude":"41.259826","longitude":"-73.684086","outbound_title":"To Southeast & Wassaic","inbound_title":"To White Plains & New York","zone":"6","station_url":{"url":"https://www.mta.info/stations/katonah"},"parking_map_url":null,"accessibility":"FULL",":@computed_region_yamh_8v7k":"977",":@computed_region_wbg7_3whc":"1254",":@computed_region_kjdx_g34t":"2185"}},
{"type":"Feature","geometry":{"type":"Point","coordinates":[-72.925646,41.297789]},"properties":{":id":"row-ivwv-2jea.pr3h",":version":"rv-ic26_idyk_7khg",":created_at":"2025-11-26T11:58:21.834Z",":updated_at":"2025-11-26T11:58:23.211Z","railroad":"MNR","code":"2NH","station_name":"New Haven","branch":"New Haven","latitude":"41.297789","longitude":"-72.925646","outbound_title":"Arrivals","inbound_title":"Departures","zone":"21","station_url":{"url":"https://www.mta.info/stations/new-haven"},"parking_map_url":null,"accessibility":"FULL",":@computed_region_yamh_8v7k":null,":@computed_region_wbg7_3whc":null,":@computed_region_kjdx_g34t":"1044"}},
{"type":"Feature","geometry":{"type":"Point","coordinates":[-73.62694429,40.8155504]},"properties":{":id":"row-dvcw.33xg.q8rz",":version":"rv-cj5r.khwt~2qyv",":created_at":"2025-11-26T11:58:21.834Z",":updated_at":"2025-11-26T11:58:23.211Z","railroad":"LIRR","code":"GVL","station_name":"Greenvale","branch":"Oyster Bay","latitude":"40.8155504","longitude":"-73.62694429","outbound_title":"To Oyster Bay","inbound_title":"To Jamaica & New York","zone":"7","station_url":{"url":"https://www.mta.info/stations/greenvale"},"parking_map_url":{"url":"https://www.mta.info/document/115886"},"accessibility":"FULL",":@computed_region_yamh_8v7k":"59",":@computed_region_wbg7_3whc":"1361",":@computed_region_kjdx_g34t":"2094"}},
{"type":"Feature","geometry":{"type":"Point","coordinates":[-73.567145,41.033413]},"properties":{":id":"row-bj28~m56h-u353",":version":"rv-yug8_6cgr~x5qv",":created_at":"2025-11-26T11:58:21.834Z",":updated_at":"2025-11-26T11:58:23.211Z","railroad":"MNR","code":"2OG","station_name":"Old Greenwich","branch":"New Haven","latitude":"41.033413","longitude":"-73.567145","outbound_title":"To Stamford & New Haven","inbound_title":"To New York","zone":"15","station_url":{"url":"https://www.mta.info/stations/old-greenwich"},"parking_map_url":null,"accessibility":"PARTIAL",":@computed_region_yamh_8v7k":null,":@computed_region_wbg7_3whc":null,":@computed_region_kjdx_g34t":"1040"}},
{"type":"Feature","geometry":{"type":"Point","coordinates":[-73.072482,41.395251]},"properties":{":id":"row-tavn~xcpf.v2pm",":version":"rv-8t2q.5qef-5cb5",":created_at":"2025-11-26T11:58:21.834Z",":updated_at":"2025-11-26T11:58:23.211Z","railroad":"MNR","code":"5SY","station_name":"Seymour","branch":"Waterbury","latitude":"41.395251","longitude":"-73.072482","outbound_title":"To Waterbury","inbound_title":"To Bridgeport, Stamford, & New York","zone":"51","station_url":{"url":"https://www.mta.info/stations/seymour"},"parking_map_url":null,"accessibility":"NONE",":@computed_region_yamh_8v7k":null,":@computed_region_wbg7_3whc":null,":@computed_region_kjdx_g34t":"1044"}},
{"type":"Feature","geometry":{"type":"Point","coordinates":[-73.448449,41.396057]},"properties":{":id":"row-geea-d6kz~vwcs",":version":"rv-hsmr_vp5b.sve5",":created_at":"2025-11-26T11:58:21.834Z",":updated_at":"2025-11-26T11:58:23.211Z","railroad":"MNR","code":"4DN","station_name":"Danbury","branch":"Danbury","latitude":"41.396057","longitude":"-73.448449","outbound_title":"Arrivals","inbound_title":"Departures","zone":"42","station_url":{"url":"https://www.mta.info/stations/danbury"},"parking_map_url":null,"accessibility":"FULL",":@computed_region_yamh_8v7k":null,":@computed_region_wbg7_3whc":null,":@computed_region_kjdx_g34t":"1040"}},
{"type":"Feature","geometry":{"type":"Point","coordinates":[-72.52385806,40.87665017]},"properties":{":id":"row-azhy~zzj8~araq",":version":"rv-ms9r~3q4r.gqqt",":created_at":"2025-11-26T11:58:21.834Z",":updated_at":"2025-11-26T11:58:23.211Z","railroad":"LIRR","code":"HBY","station_name":"Hampton Bays","branch":"Montauk","latitude":"40.87665017","longitude":"-72.52385806","outbound_title":"To Montauk","inbound_title":"To Jamaica & New York","zone":"14","station_url":{"url":"https://www.mta.info/stations/hampton-bays"},"parking_map_url":{"url":"https://www.mta.info/document/115891"},"accessibility":"FULL",":@computed_region_yamh_8v7k":"1013",":@computed_region_wbg7_3whc":"1604",":@computed_region_kjdx_g34t":"2179"}},
{"type":"Feature","geometry":{"type":"Point","coordinates":[-73.867034,41.139462]},"properties":{":id":"row-vq8y~szib.ytpq",":version":"rv-q2db~htba_bw8s",":created_at":"2025-11-26T11:58:21.834Z",":updated_at":"2025-11-26T11:58:23.211Z","railroad":"MNR","code":"0SB","station_name":"Scarborough","branch":"Hudson","latitude":"41.139462","longitude":"-73.867034","outbound_title":"To Croton-Harmon & Poughkeepsie","inbound_title":"To New York","zone":"5","station_url":{"url":"https://www.mta.info/stations/scarborough"},"parking_map_url":null,"accessibility":"FULL",":@computed_region_yamh_8v7k":"957",":@computed_region_wbg7_3whc":null,":@computed_region_kjdx_g34t":"2185"}},
{"type":"Feature","geometry":{"type":"Point","coordinates":[-73.736172,40.953968]},"properties":{":id":"row-3368-sk2d.xe3g",":version":"rv-43pp~4pgq_t8bj",":created_at":"2025-11-26T11:58:21.834Z",":updated_at":"2025-11-26T11:58:23.211Z","railroad":"MNR","code":"2MA","station_name":"Mamaroneck","branch":"New Haven","latitude":"40.953968","longitude":"-73.736172","outbound_title":"To Stamford & New Haven","inbound_title":"To New York","zone":"13","station_url":{"url":"https://www.mta.info/stations/mamaroneck"},"parking_map_url":null,"accessibility":"PARTIAL",":@computed_region_yamh_8v7k":"971",":@computed_region_wbg7_3whc":"1258",":@computed_region_kjdx_g34t":"2185"}},
{"type":"Feature","geometry":{"type":"Point","coordinates":[-73.186724,41.177594]},"properties":{":id":"row-gy26.t4hp~njgb",":version":"rv-rdus-8rp5-g9nh",":created_at":"2025-11-26T11:58:21.834Z",":updated_at":"2025-11-26T11:58:23.211Z","railroad":"MNR","code":"2BP","station_name":"Bridgeport","branch":"New Haven","latitude":"41.177594","longitude":"-73.186724","outbound_title":"To New Haven & Waterbury","inbound_title":"To Stamford & New York","zone":"19","station_url":{"url":"https://www.mta.info/stations/bridgeport"},"parking_map_url":null,"accessibility":"FULL",":@computed_region_yamh_8v7k":null,":@computed_region_wbg7_3whc":null,":@computed_region_kjdx_g34t":"1040"}},
{"type":"Feature","geometry":{"type":"Point","coordinates":[-73.68739411,40.82915358]},"properties":{":id":"row-b64c-vxes.s2vb",":version":"rv-k2vt-8n3h~xf3b",":created_at":"2025-11-26T11:58:21.834Z",":updated_at":"2025-11-26T11:58:23.211Z","railroad":"LIRR","code":"PWS","station_name":"Port Washington","branch":"Port Washington","latitude":"40.82915358","longitude":"-73.68739411","outbound_title":"Arrivals","inbound_title":"Departures","zone":"4","station_url":{"url":"https://www.mta.info/stations/port-washington"},"parking_map_url":{"url":"https://www.mta.info/document/117396"},"accessibility":"FULL",":@computed_region_yamh_8v7k":"60",":@computed_region_wbg7_3whc":"871",":@computed_region_kjdx_g34t":"2094"}},
{"type":"Feature","geometry":{"type":"Point","coordinates":[-73.73548579,40.66591993]},"properties":{":id":"row-xhry~6bxm~5kst",":version":"rv-3kxr_rtei.uskj",":created_at":"2025-11-26T11:58:21.834Z",":updated_at":"2025-11-26T11:58:23.211Z","railroad":"LIRR","code":"ROS","station_name":"Rosedale","branch":"Far Rockaway","latitude":"40.66591993","longitude":"-73.73548579","outbound_title":"To Points East","inbound_title":"To Jamaica & New York","zone":"3","station_url":{"url":"https://www.mta.info/stations/rosedale"},"parking_map_url":{"url":"https://www.mta.info/document/117456"},"accessibility":"FULL",":@computed_region_yamh_8v7k":"196",":@computed_region_wbg7_3whc":"1169",":@computed_region_kjdx_g34t":"2137"}},
{"type":"Feature","geometry":{"type":"Point","coordinates":[-72.38938784,40.89507414]},"properties":{":id":"row-z5sj_ev6y_p3dd",":version":"rv-t8tq-s6xg_yvax",":created_at":"2025-11-26T11:58:21.834Z",":updated_at":"2025-11-26T11:58:23.211Z","railroad":"LIRR","code":"SHN","station_name":"Southampton","branch":"Montauk","latitude":"40.89507414","longitude":"-72.38938784","outbound_title":"To Montauk","inbound_title":"To Jamaica & New York","zone":"14","station_url":{"url":"https://www.mta.info/stations/southampton"},"parking_map_url":{"url":"https://www.mta.info/document/115826"},"accessibility":"FULL",":@computed_region_yamh_8v7k":"1013",":@computed_region_wbg7_3whc":"1130",":@computed_region_kjdx_g34t":"2179"}},
{"type":"Feature","geometry":{"type":"Point","coordinates":[-73.76660795,40.71022657]},"properties":{":id":"row-z79s-4rce_t47y",":version":"rv-ays6.q42z_jxuu",":created_at":"2025-11-26T11:58:21.834Z",":updated_at":"2025-11-26T11:58:23.211Z","railroad":"LIRR","code":"HOL","station_name":"Hollis","branch":"Hempstead","latitude":"40.71022657","longitude":"-73.76660795","outbound_title":"To Hempstead","inbound_title":"To Jamaica & New York","zone":"3","station_url":{"url":"https://www.mta.info/stations/hollis"},"parking_map_url":{"url":"https://www.mta.info/document/115926"},"accessibility":"NONE",":@computed_region_yamh_8v7k":"196",":@computed_region_wbg7_3whc":"1208",":@computed_region_kjdx_g34t":"2137"}},
{"type":"Feature","geometry":{"type":"Point","coordinates":[-73.795285,41.011363]},"properties":{":id":"row-ig6b-fgp9.ramq",":version":"rv-b4bx~qzmn.aktt",":created_at":"2025-11-26T11:58:21.834Z",":updated_at":"2025-11-26T11:58:23.211Z","railroad":"MNR","code":"1HA","station_name":"Hartsdale","branch":"Harlem","latitude":"41.011363","longitude":"-73.795285","outbound_title":"To White Plains, Southeast, & Wassaic","inbound_title":"To New York","zone":"4","station_url":{"url":"https://www.mta.info/stations/hartsdale"},"parking_map_url":null,"accessibility":"FULL",":@computed_region_yamh_8v7k":"974",":@computed_region_wbg7_3whc":"1250",":@computed_region_kjdx_g34t":"2185"}},
{"type":"Feature","geometry":{"type":"Point","coordinates":[-73.234347,41.160995]},"properties":{":id":"row-9ycr~khvh.3uwg",":version":"rv-paah.n2w9_kx43",":created_at":"2025-11-26T11:58:21.834Z",":updated_at":"2025-11-26T11:58:23.211Z","railroad":"MNR","code":"2FM","station_name":"Fairfield-Black Rock","branch":"New Haven","latitude":"41.160995","longitude":"-73.234347","outbound_title":"To New Haven","inbound_title":"To Stamford & New York","zone":"18","station_url":{"url":"https://www.mta.info/stations/fairfield-black-rock"},"parking_map_url":null,"accessibility":"FULL",":@computed_region_yamh_8v7k":null,":@computed_region_wbg7_3whc":null,":@computed_region_kjdx_g34t":"1040"}},
{"type":"Feature","geometry":{"type":"Point","coordinates":[-73.623225,41.413547]},"properties":{":id":"row-a7dw-b92w_9w56",":version":"rv-dqw7_36tt-fxf5",":created_at":"2025-11-26T11:58:21.834Z",":updated_at":"2025-11-26T11:58:23.211Z","railroad":"MNR","code":"1BR","station_name":"Southeast","branch":"Harlem","latitude":"41.413547","longitude":"-73.623225","outbound_title":"To Wassaic","inbound_title":"To White Plains & New York","zone":"7","station_url":{"url":"https://www.mta.info/stations/southeast"},"parking_map_url":null,"accessibility":"FULL",":@computed_region_yamh_8v7k":"98",":@computed_region_wbg7_3whc":"1198",":@computed_region_kjdx_g34t":"627"}},
{"type":"Feature","geometry":{"type":"Point","coordinates":[-73.55050976,40.66386508]},"properties":{":id":"row-crdx.puwj-4e7s",":version":"rv-cbuc-b2rx~6tid",":created_at":"2025-11-26T11:58:21.834Z",":updated_at":"2025-11-26T11:58:23.211Z","railroad":"LIRR","code":"MRK","station_name":"Merrick","branch":"Babylon","latitude":"40.66386508","longitude":"-73.55050976","outbound_title":"To Babylon & Points East","inbound_title":"To Jamaica & New York","zone":"7","station_url":{"url":"https://www.mta.info/stations/merrick"},"parking_map_url":{"url":"https://www.mta.info/document/115956"},"accessibility":"FULL",":@computed_region_yamh_8v7k":"62",":@computed_region_wbg7_3whc":"1568",":@computed_region_kjdx_g34t":"2094"}},
{"type":"Feature","geometry":{"type":"Point","coordinates":[-73.913909,40.861582]},"properties":{":id":"row-7xfa.9xkn~rq4r",":version":"rv-5ctv.j8x7-eq2g",":created_at":"2025-11-26T11:58:21.834Z",":updated_at":"2025-11-26T11:58:23.211Z","railroad":"MNR","code":"0UH","station_name":"University Heights","branch":"Hudson","latitude":"40.861582","longitude":"-73.913909","outbound_title":"To Croton-Harmon & Poughkeepsie","inbound_title":"To New York","zone":"2","station_url":{"url":"https://www.mta.info/stations/university-heights"},"parking_map_url":null,"accessibility":"FULL",":@computed_region_yamh_8v7k":"307",":@computed_region_wbg7_3whc":"705",":@computed_region_kjdx_g34t":"2032"}},
{"type":"Feature","geometry":{"type":"Point","coordinates":[-73.829666,40.949702]},"properties":{":id":"row-vqkr-w8mn.fe7n",":version":"rv-fstx~b8q2~afg9",":created_at":"2025-11-26T11:58:21.834Z",":updated_at":"2025-11-26T11:58:23.211Z","railroad":"MNR","code":"1TK","station_name":"Tuckahoe","branch":"Harlem","latitude":"40.949702","longitude":"-73.829666","outbound_title":"To White Plains, Southeast, & Wassaic","inbound_title":"To New York","zone":"3","station_url":{"url":"https://www.mta.info/stations/tuckahoe"},"parking_map_url":null,"accessibility":"FULL",":@computed_region_yamh_8v7k":"975",":@computed_region_wbg7_3whc":"1446",":@computed_region_kjdx_g34t":"2185"}},
{"type":"Feature","geometry":{"type":"Point","coordinates":[-73.65458563,40.60141315]},"properties":{":id":"row-4km7_dgm2_82ua",":version":"rv-6b4h~8zuu.afa5",":created_at":"2025-11-26T11:58:21.834Z",":updated_at":"2025-11-26T11:58:23.211Z","railroad":"LIRR","code":"IPK","station_name":"Island Park","branch":"Long Beach","latitude":"40.60141315","longitude":"-73.65458563","outbound_title":"To Long Beach","inbound_title":"To Jamaica & New York","zone":"7","station_url":{"url":"https://www.mta.info/stations/island-park"},"parking_map_url":{"url":"https://www.mta.info/document/115946"},"accessibility":"FULL",":@computed_region_yamh_8v7k":"62",":@computed_region_wbg7_3whc":"1462",":@computed_region_kjdx_g34t":"2094"}},
{"type":"Feature","geometry":{"type":"Point","coordinates":[-73.879369,41.012705]},"properties":{":id":"row-ftkq_hzsz-4s8c",":version":"rv-pb73-87zc-p2pc",":created_at":"2025-11-26T11:58:21.834Z",":updated_at":"2025-11-26T11:58:23.211Z","railroad":"MNR","code":"0DF","station_name":"Dobbs Ferry","branch":"Hudson","latitude":"41.012705","longitude":"-73.879369","outbound_title":"To Croton-Harmon & Poughkeepsie","inbound_title":"To New York","zone":"4","station_url":{"url":"https://www.mta.info/stations/dobbs-ferry"},"parking_map_url":null,"accessibility":"FULL",":@computed_region_yamh_8v7k":"974",":@computed_region_wbg7_3whc":"1244",":@computed_region_kjdx_g34t":"2185"}},
{"type":"Feature","geometry":{"type":"Point","coordinates":[-73.62957195,40.72137501]},"properties":{":id":"row-pk3v~fhez.dfev",":version":"rv-8fj4~virg_j8wa",":created_at":"2025-11-26T11:58:21.834Z",":updated_at":"2025-11-26T11:58:23.211Z","railroad":"LIRR","code":"CLP","station_name":"Country Life Press","branch":"Hempstead","latitude":"40.72137501","longitude":"-73.62957195","outbound_title":"To Hempstead","inbound_title":"To Jamaica & New York","zone":"4","station_url":{"url":"https://www.mta.info/stations/country-life-press"},"parking_map_url":{"url":"https://www.mta.info/document/113701"},"accessibility":"FULL",":@computed_region_yamh_8v7k":"62",":@computed_region_wbg7_3whc":"1357",":@computed_region_kjdx_g34t":"2094"}},
{"type":"Feature","geometry":{"type":"Point","coordinates":[-73.899715,40.846907]},"properties":{":id":"row-p2ch~g2ci-gd7v",":version":"rv-2vb4_bpc5.3mx7",":created_at":"2025-11-26T11:58:21.834Z",":updated_at":"2025-11-26T11:58:23.211Z","railroad":"MNR","code":"1TR","station_name":"Tremont","branch":"Harlem","latitude":"40.846907","longitude":"-73.899715","outbound_title":"To White Plains, Southeast, & Wassaic","inbound_title":"To New York","zone":"2","station_url":{"url":"https://www.mta.info/stations/tremont"},"parking_map_url":null,"accessibility":"NONE",":@computed_region_yamh_8v7k":"307",":@computed_region_wbg7_3whc":"653",":@computed_region_kjdx_g34t":"2032"}},
{"type":"Feature","geometry":{"type":"Point","coordinates":[-73.59828592,40.87448921]},"properties":{":id":"row-sn39.9ssj.9qrr",":version":"rv-pifu.rzz2~352p",":created_at":"2025-11-26T11:58:21.834Z",":updated_at":"2025-11-26T11:58:23.211Z","railroad":"LIRR","code":"LVL","station_name":"Locust Valley","branch":"Oyster Bay","latitude":"40.87448921","longitude":"-73.59828592","outbound_title":"To Oyster Bay","inbound_title":"To Jamaica & New York","zone":"7","station_url":{"url":"https://www.mta.info/stations/locust-valley"},"parking_map_url":{"url":"https://www.mta.info/document/114206"},"accessibility":"FULL",":@computed_region_yamh_8v7k":"59",":@computed_region_wbg7_3whc":"1564",":@computed_region_kjdx_g34t":"2094"}},
{"type":"Feature","geometry":{"type":"Point","coordinates":[-73.855324,40.906529]},"properties":{":id":"row-7nd5_cnzk.wb4x",":version":"rv-mybr_pfte~xcyw",":created_at":"2025-11-26T11:58:21.834Z",":updated_at":"2025-11-26T11:58:23.211Z","railroad":"MNR","code":"1WF","station_name":"Wakefield","branch":"Harlem","latitude":"40.906529","longitude":"-73.855324","outbound_title":"To White Plains, Southeast, & Wassaic","inbound_title":"To New York","zone":"2","station_url":{"url":"https://www.mta.info/stations/wakefield"},"parking_map_url":null,"accessibility":"NONE",":@computed_region_yamh_8v7k":"948",":@computed_region_wbg7_3whc":"1443",":@computed_region_kjdx_g34t":"2185"}},
{"type":"Feature","geometry":{"type":"Point","coordinates":[-73.20891105,40.73593032]},"properties":{":id":"row-4tc4_nrj3~2uvp",":version":"rv-2rtv~vdvx.3tn6",":created_at":"2025-11-26T11:58:21.834Z",":updated_at":"2025-11-26T11:58:23.211Z","railroad":"LIRR","code":"ISP","station_name":"Islip","branch":"Montauk","latitude":"40.73593032","longitude":"-73.20891105","outbound_title":"To Patchogue, Speonk, & Montauk","inbound_title":"To Jamaica & New York","zone":"10","station_url":{"url":"https://www.mta.info/stations/islip"},"parking_map_url":{"url":"https://www.mta.info/document/115951"},"accessibility":"FULL",":@computed_region_yamh_8v7k":"1019",":@computed_region_wbg7_3whc":"1124",":@computed_region_kjdx_g34t":"2179"}},
{"type":"Feature","geometry":{"type":"Point","coordinates":[-73.562371,41.814831]},"properties":{":id":"row-aman-563q.s725",":version":"rv-78em.w7su-q6zc",":created_at":"2025-11-26T11:58:21.834Z",":updated_at":"2025-11-26T11:58:23.211Z","railroad":"MNR","code":"1WA","station_name":"Wassaic","branch":"Wassaic","latitude":"41.814831","longitude":"-73.562371","outbound_title":"Arrivals","inbound_title":"Departures","zone":"10","station_url":{"url":"https://www.mta.info/stations/wassaic"},"parking_map_url":null,"accessibility":"FULL",":@computed_region_yamh_8v7k":"602",":@computed_region_wbg7_3whc":"1019",":@computed_region_kjdx_g34t":"2040"}},
{"type":"Feature","geometry":{"type":"Point","coordinates":[-72.65008386,40.83032007]},"properties":{":id":"row-isgm-t4b2.yuxp",":version":"rv-f2t6_dgyn-b5me",":created_at":"2025-11-26T11:58:21.834Z",":updated_at":"2025-11-26T11:58:23.211Z","railroad":"LIRR","code":"WHN","station_name":"Westhampton","branch":"Montauk","latitude":"40.83032007","longitude":"-72.65008386","outbound_title":"To Montauk","inbound_title":"To Jamaica & New York","zone":"14","station_url":{"url":"https://www.mta.info/stations/westhampton"},"parking_map_url":{"url":"https://www.mta.info/document/116111"},"accessibility":"FULL",":@computed_region_yamh_8v7k":"1013",":@computed_region_wbg7_3whc":"1138",":@computed_region_kjdx_g34t":"2179"}},
{"type":"Feature","geometry":{"type":"Point","coordinates":[-73.063108,41.440683]},"properties":{":id":"row-bcbx.8cht-p4k5",":version":"rv-kmhx-3q7j.x3pm",":created_at":"2025-11-26T11:58:21.834Z",":updated_at":"2025-11-26T11:58:23.211Z","railroad":"MNR","code":"5BF","station_name":"Beacon Falls","branch":"Waterbury","latitude":"41.440683","longitude":"-73.063108","outbound_title":"To Waterbury","inbound_title":"To Bridgeport, Stamford, & New York","zone":"51","station_url":{"url":"https://www.mta.info/stations/beacon-falls"},"parking_map_url":null,"accessibility":"NONE",":@computed_region_yamh_8v7k":null,":@computed_region_wbg7_3whc":null,":@computed_region_kjdx_g34t":"1044"}},
{"type":"Feature","geometry":{"type":"Point","coordinates":[-73.258079,41.142862]},"properties":{":id":"row-qszf.gg7m~ykf5",":version":"rv-5h6j~knie.7439",":created_at":"2025-11-26T11:58:21.834Z",":updated_at":"2025-11-26T11:58:23.211Z","railroad":"MNR","code":"2FF","station_name":"Fairfield","branch":"New Haven","latitude":"41.142862","longitude":"-73.258079","outbound_title":"To New Haven","inbound_title":"To Stamford & New York","zone":"18","station_url":{"url":"https://www.mta.info/stations/fairfield"},"parking_map_url":null,"accessibility":"PARTIAL",":@computed_region_yamh_8v7k":null,":@computed_region_wbg7_3whc":null,":@computed_region_kjdx_g34t":"1040"}},
{"type":"Feature","geometry":{"type":"Point","coordinates":[-73.604251,41.51173]},"properties":{":id":"row-5fwn-qzcc.jxip",":version":"rv-y8nz.dq4e.dpms",":created_at":"2025-11-26T11:58:21.834Z",":updated_at":"2025-11-26T11:58:23.211Z","railroad":"MNR","code":"1PA","station_name":"Patterson","branch":"Wassaic","latitude":"41.51173","longitude":"-73.604251","outbound_title":"To Wassaic","inbound_title":"To Southeast, White Plains, & New York","zone":"8","station_url":{"url":"https://www.mta.info/stations/patterson"},"parking_map_url":null,"accessibility":"FULL",":@computed_region_yamh_8v7k":"101",":@computed_region_wbg7_3whc":"990",":@computed_region_kjdx_g34t":"627"}},
{"type":"Feature","geometry":{"type":"Point","coordinates":[-72.66685927,40.91980061]},"properties":{":id":"row-6bpx-7by4-iuvp",":version":"rv-9rks.t78h.du4k",":created_at":"2025-11-26T11:58:21.834Z",":updated_at":"2025-11-26T11:58:23.211Z","railroad":"LIRR","code":"RHD","station_name":"Riverhead","branch":"Greenport","latitude":"40.91980061","longitude":"-72.66685927","outbound_title":"To Greenport","inbound_title":"To Jamaica & New York","zone":"14","station_url":{"url":"https://www.mta.info/stations/riverhead"},"parking_map_url":{"url":"https://www.mta.info/document/117406"},"accessibility":"FULL",":@computed_region_yamh_8v7k":"1017",":@computed_region_wbg7_3whc":"1530",":@computed_region_kjdx_g34t":"2179"}},
{"type":"Feature","geometry":{"type":"Point","coordinates":[-73.431601,41.195407]},"properties":{":id":"row-zfiw-fauy~hjp9",":version":"rv-wi2t.r6i2_rjfr",":created_at":"2025-11-26T11:58:21.834Z",":updated_at":"2025-11-26T11:58:23.211Z","railroad":"MNR","code":"4WI","station_name":"Wilton","branch":"Danbury","latitude":"41.195407","longitude":"-73.431601","outbound_title":"To Danbury","inbound_title":"To South Norwalk, Stamford, & New York","zone":"41","station_url":{"url":"https://www.mta.info/stations/wilton"},"parking_map_url":null,"accessibility":"FULL",":@computed_region_yamh_8v7k":null,":@computed_region_wbg7_3whc":null,":@computed_region_kjdx_g34t":"1040"}},
{"type":"Feature","geometry":{"type":"Point","coordinates":[-73.72626362,40.78718214]},"properties":{":id":"row-8jn9.nvs2.be7w",":version":"rv-pvxb~7uvr.p7x7",":created_at":"2025-11-26T11:58:21.834Z",":updated_at":"2025-11-26T11:58:23.211Z","railroad":"LIRR","code":"GNK","station_name":"Great Neck","branch":"Port Washington","latitude":"40.78718214","longitude":"-73.72626362","outbound_title":"To Port Washington","inbound_title":"To New York","zone":"4","station_url":{"url":"https://www.mta.info/stations/great-neck"},"parking_map_url":{"url":"https://www.mta.info/document/115846"},"accessibility":"FULL",":@computed_region_yamh_8v7k":"60",":@computed_region_wbg7_3whc":"865",":@computed_region_kjdx_g34t":"2094"}},
{"type":"Feature","geometry":{"type":"Point","coordinates":[-73.427761,41.146606]},"properties":{":id":"row-b7y3~4jdg.j4vt",":version":"rv-92m2~iifg~7fjg",":created_at":"2025-11-26T11:58:21.834Z",":updated_at":"2025-11-26T11:58:23.211Z","railroad":"MNR","code":"4M7","station_name":"Merritt 7","branch":"Danbury","latitude":"41.146606","longitude":"-73.427761","outbound_title":"To Danbury","inbound_title":"To South Norwalk, Stamford, & New York","zone":"41","station_url":{"url":"https://www.mta.info/stations/merritt-7"},"parking_map_url":null,"accessibility":"FULL",":@computed_region_yamh_8v7k":null,":@computed_region_wbg7_3whc":null,":@computed_region_kjdx_g34t":"1040"}},
{"type":"Feature","geometry":{"type":"Point","coordinates":[-73.472121,41.076978]},"properties":{":id":"row-bdsy~p3g7_spns",":version":"rv-czc3_s5bp.vuwt",":created_at":"2025-11-26T11:58:21.834Z",":updated_at":"2025-11-26T11:58:23.211Z","railroad":"MNR","code":"2DA","station_name":"Darien","branch":"New Haven","latitude":"41.076978","longitude":"-73.472121","outbound_title":"To New Haven","inbound_title":"To Stamford & New York","zone":"16","station_url":{"url":"https://www.mta.info/stations/darien"},"parking_map_url":null,"accessibility":"FULL",":@computed_region_yamh_8v7k":null,":@computed_region_wbg7_3whc":null,":@computed_region_kjdx_g34t":"1040"}},
{"type":"Feature","geometry":{"type":"Point","coordinates":[-73.66880973,40.67550074]},"properties":{":id":"row-p94g_vici~etm2",":version":"rv-vtiq_tjq9-i9x3",":created_at":"2025-11-26T11:58:21.834Z",":updated_at":"2025-11-26T11:58:23.211Z","railroad":"LIRR","code":"MVN","station_name":"Malverne","branch":"West Hempstead","latitude":"40.67550074","longitude":"-73.66880973","outbound_title":"To West Hempstead","inbound_title":"To Jamaica & New York","zone":"4","station_url":{"url":"https://www.mta.info/stations/malverne"},"parking_map_url":{"url":"https://www.mta.info/document/115781"},"accessibility":"FULL",":@computed_region_yamh_8v7k":"62",":@computed_region_wbg7_3whc":"1567",":@computed_region_kjdx_g34t":"2094"}},
{"type":"Feature","geometry":{"type":"Point","coordinates":[-73.95603088,40.74135624]},"properties":{":id":"row-2tvp-gdan-h4cr",":version":"rv-n4xc_cg8d~g8yt",":created_at":"2025-11-26T11:58:21.834Z",":updated_at":"2025-11-26T11:58:23.211Z","railroad":"LIRR","code":"LIC","station_name":"Long Island City","branch":"City Terminal Zone","latitude":"40.74135624","longitude":"-73.95603088","outbound_title":"Departures","inbound_title":"Arrivals","zone":"1","station_url":{"url":"https://www.mta.info/stations/long-island-city"},"parking_map_url":null,"accessibility":"FULL",":@computed_region_yamh_8v7k":"196",":@computed_region_wbg7_3whc":"873",":@computed_region_kjdx_g34t":"2137"}},
{"type":"Feature","geometry":{"type":"Point","coordinates":[-73.94829171,40.67838534]},"properties":{":id":"row-z42f-3khb_acuq",":version":"rv-vuea~j4ur~dzfe",":created_at":"2025-11-26T11:58:21.834Z",":updated_at":"2025-11-26T11:58:23.211Z","railroad":"LIRR","code":"NAV","station_name":"Nostrand Av","branch":"City Terminal Zone","latitude":"40.67838534","longitude":"-73.94829171","outbound_title":"To Jamaica & Points East","inbound_title":"To Atlantic Terminal","zone":"1","station_url":{"url":"https://www.mta.info/stations/nostrand-avenue"},"parking_map_url":null,"accessibility":"FULL",":@computed_region_yamh_8v7k":"894",":@computed_region_wbg7_3whc":"894",":@computed_region_kjdx_g34t":"2090"}},
{"type":"Feature","geometry":{"type":"Point","coordinates":[-73.79222,41.134183]},"properties":{":id":"row-4sdm.74bs~2daf",":version":"rv-5iff.3a4v_weu6",":created_at":"2025-11-26T11:58:21.834Z",":updated_at":"2025-11-26T11:58:23.211Z","railroad":"MNR","code":"1PV","station_name":"Pleasantville","branch":"Harlem","latitude":"41.134183","longitude":"-73.79222","outbound_title":"To Southeast & Wassaic","inbound_title":"To White Plains & New York","zone":"5","station_url":{"url":"https://www.mta.info/stations/pleasantville"},"parking_map_url":null,"accessibility":"FULL",":@computed_region_yamh_8v7k":"963",":@computed_region_wbg7_3whc":"1336",":@computed_region_kjdx_g34t":"2185"}},
{"type":"Feature","geometry":{"type":"Point","coordinates":[-72.94363461,40.77376884]},"properties":{":id":"row-66wg_g9wf.6ydc",":version":"rv-rm9b-pvdn_59ch",":created_at":"2025-11-26T11:58:21.834Z",":updated_at":"2025-11-26T11:58:23.211Z","railroad":"LIRR","code":"BPT","station_name":"Bellport","branch":"Montauk","latitude":"40.77376884","longitude":"-72.94363461","outbound_title":"To Speonk & Montauk","inbound_title":"To Jamaica & New York","zone":"12","station_url":{"url":"https://www.mta.info/stations/bellport"},"parking_map_url":{"url":"https://www.mta.info/document/113646"},"accessibility":"FULL",":@computed_region_yamh_8v7k":"1022",":@computed_region_wbg7_3whc":"1070",":@computed_region_kjdx_g34t":"2179"}},
{"type":"Feature","geometry":{"type":"Point","coordinates":[-73.64154322,40.70202607]},"properties":{":id":"row-kxut~6ksw.v5wu",":version":"rv-4yyx.abwy-r36i",":created_at":"2025-11-26T11:58:21.834Z",":updated_at":"2025-11-26T11:58:23.211Z","railroad":"LIRR","code":"WHD","station_name":"West Hempstead","branch":"West Hempstead","latitude":"40.70202607","longitude":"-73.64154322","outbound_title":"Arrivals","inbound_title":"Departures","zone":"4","station_url":{"url":"https://www.mta.info/stations/west-hempstead"},"parking_map_url":{"url":"https://www.mta.info/document/116096"},"accessibility":"FULL",":@computed_region_yamh_8v7k":"62",":@computed_region_wbg7_3whc":"1457",":@computed_region_kjdx_g34t":"2094"}},
{"type":"Feature","geometry":{"type":"Point","coordinates":[-73.872988,41.040388]},"properties":{":id":"row-3c7w_yu6v-wnvu",":version":"rv-5b6z~wdvs~rq92",":created_at":"2025-11-26T11:58:21.834Z",":updated_at":"2025-11-26T11:58:23.211Z","railroad":"MNR","code":"0IV","station_name":"Irvington","branch":"Hudson","latitude":"41.040388","longitude":"-73.872988","outbound_title":"To Croton-Harmon & Poughkeepsie","inbound_title":"To New York","zone":"4","station_url":{"url":"https://www.mta.info/stations/irvington"},"parking_map_url":null,"accessibility":"PARTIAL",":@computed_region_yamh_8v7k":"974",":@computed_region_wbg7_3whc":"1252",":@computed_region_kjdx_g34t":"2185"}},
{"type":"Feature","geometry":{"type":"Point","coordinates":[-73.404428,41.104017]},"properties":{":id":"row-e3dv_cbje-hjhz",":version":"rv-93x3.9fc8~3nw3",":created_at":"2025-11-26T11:58:21.834Z",":updated_at":"2025-11-26T11:58:23.211Z","railroad":"MNR","code":"2EN","station_name":"East Norwalk","branch":"New Haven","latitude":"41.104017","longitude":"-73.404428","outbound_title":"To New Haven","inbound_title":"To Stamford & New York","zone":"17","station_url":{"url":"https://www.mta.info/stations/east-norwalk"},"parking_map_url":null,"accessibility":"PARTIAL",":@computed_region_yamh_8v7k":null,":@computed_region_wbg7_3whc":null,":@computed_region_kjdx_g34t":"1040"}},
{"type":"Feature","geometry":{"type":"Point","coordinates":[-73.287147,41.135823]},"properties":{":id":"row-u4j4~zpj3-g626",":version":"rv-dvfs~et6w.eci6",":created_at":"2025-11-26T11:58:21.834Z",":updated_at":"2025-11-26T11:58:23.211Z","railroad":"MNR","code":"2SP","station_name":"Southport","branch":"New Haven","latitude":"41.135823","longitude":"-73.287147","outbound_title":"To New Haven","inbound_title":"To Stamford & New York","zone":"18","station_url":{"url":"https://www.mta.info/stations/southport"},"parking_map_url":null,"accessibility":"PARTIAL",":@computed_region_yamh_8v7k":null,":@computed_region_wbg7_3whc":null,":@computed_region_kjdx_g34t":"1040"}},
{"type":"Feature","geometry":{"type":"Point","coordinates":[-73.3578579,40.75484196]},"properties":{":id":"row-nygn-xi2s_4fye",":version":"rv-yxji~jt5d_g8ei",":created_at":"2025-11-26T11:58:21.834Z",":updated_at":"2025-11-26T11:58:23.211Z","railroad":"LIRR","code":"WYD","station_name":"Wyandanch","branch":"Ronkonkoma","latitude":"40.75484196","longitude":"-73.3578579","outbound_title":"To Ronkonkoma & Points East","inbound_title":"To Jamaica & New York","zone":"9","station_url":{"url":"https://www.mta.info/stations/wyandanch"},"parking_map_url":{"url":"https://www.mta.info/document/116131"},"accessibility":"FULL",":@computed_region_yamh_8v7k":"1023",":@computed_region_wbg7_3whc":"1488",":@computed_region_kjdx_g34t":"2179"}},
{"type":"Feature","geometry":{"type":"Point","coordinates":[-72.36260645,41.09982935]},"properties":{":id":"row-7ayc~hva9.6u3d",":version":"rv-x6c8_4mqw~tm4h",":created_at":"2025-11-26T11:58:21.834Z",":updated_at":"2025-11-26T11:58:23.211Z","railroad":"LIRR","code":"GPT","station_name":"Greenport","branch":"Greenport","latitude":"41.09982935","longitude":"-72.36260645","outbound_title":"Arrivals","inbound_title":"Departures","zone":"14","station_url":{"url":"https://www.mta.info/stations/greenport"},"parking_map_url":{"url":"https://www.mta.info/document/115876"},"accessibility":"FULL",":@computed_region_yamh_8v7k":"1012",":@computed_region_wbg7_3whc":"1603",":@computed_region_kjdx_g34t":"2179"}},
{"type":"Feature","geometry":{"type":"Point","coordinates":[-73.79612,41.10913]},"properties":{":id":"row-r42c.cdpf-vhsv",":version":"rv-chgm-sjih-vrmz",":created_at":"2025-11-26T11:58:21.834Z",":updated_at":"2025-11-26T11:58:23.211Z","railroad":"MNR","code":"1HN","station_name":"Hawthorne","branch":"Harlem","latitude":"41.10913","longitude":"-73.79612","outbound_title":"To Southeast & Wassaic","inbound_title":"To White Plains & New York","zone":"5","station_url":{"url":"https://www.mta.info/stations/hawthorne"},"parking_map_url":null,"accessibility":"FULL",":@computed_region_yamh_8v7k":"963",":@computed_region_wbg7_3whc":"1251",":@computed_region_kjdx_g34t":"2185"}},
{"type":"Feature","geometry":{"type":"Point","coordinates":[-73.40953855,40.85301307]},"properties":{":id":"row-p2mt.chbe~mt7g",":version":"rv-ms27.cpu6-kwmj",":created_at":"2025-11-26T11:58:21.834Z",":updated_at":"2025-11-26T11:58:23.211Z","railroad":"LIRR","code":"HUN","station_name":"Huntington","branch":"Port Jefferson","latitude":"40.85301307","longitude":"-73.40953855","outbound_title":"To Port Jefferson","inbound_title":"To Jamaica & New York","zone":"9","station_url":{"url":"https://www.mta.info/stations/huntington"},"parking_map_url":{"url":"https://www.mta.info/document/115931"},"accessibility":"FULL",":@computed_region_yamh_8v7k":"1020",":@computed_region_wbg7_3whc":"1121",":@computed_region_kjdx_g34t":"2179"}},
{"type":"Feature","geometry":{"type":"Point","coordinates":[-72.30979879,40.93911034]},"properties":{":id":"row-hxpx-ae7g.x5qm",":version":"rv-iwx4-7yvm-7b9b",":created_at":"2025-11-26T11:58:21.834Z",":updated_at":"2025-11-26T11:58:23.211Z","railroad":"LIRR","code":"BHN","station_name":"Bridgehampton","branch":"Montauk","latitude":"40.93911034","longitude":"-72.30979879","outbound_title":"To Montauk","inbound_title":"To Jamaica & New York","zone":"14","station_url":{"url":"https://www.mta.info/stations/bridgehampton"},"parking_map_url":{"url":"https://www.mta.info/document/113661"},"accessibility":"FULL",":@computed_region_yamh_8v7k":"1013",":@computed_region_wbg7_3whc":"1533",":@computed_region_kjdx_g34t":"2179"}},
{"type":"Feature","geometry":{"type":"Point","coordinates":[-73.73583686,40.61576138]},"properties":{":id":"row-3cmd.wh67_ev2j",":version":"rv-d8ej_fymc-f6xx",":created_at":"2025-11-26T11:58:21.834Z",":updated_at":"2025-11-26T11:58:23.211Z","railroad":"LIRR","code":"LCE","station_name":"Lawrence","branch":"Far Rockaway","latitude":"40.61576138","longitude":"-73.73583686","outbound_title":"To Far Rockaway","inbound_title":"To Jamaica & New York","zone":"4","station_url":{"url":"https://www.mta.info/stations/lawrence"},"parking_map_url":{"url":"https://www.mta.info/document/116006"},"accessibility":"FULL",":@computed_region_yamh_8v7k":"62",":@computed_region_wbg7_3whc":"1563",":@computed_region_kjdx_g34t":"2094"}},
{"type":"Feature","geometry":{"type":"Point","coordinates":[-73.808422,40.909918]},"properties":{":id":"row-f4mr-zswf_yfcn",":version":"rv-qpuv~hwsp~sdss",":created_at":"2025-11-26T11:58:21.834Z",":updated_at":"2025-11-26T11:58:23.211Z","railroad":"MNR","code":"2PH","station_name":"Pelham","branch":"New Haven","latitude":"40.909918","longitude":"-73.808422","outbound_title":"To Stamford & New Haven","inbound_title":"To New York","zone":"12","station_url":{"url":"https://www.mta.info/stations/pelham"},"parking_map_url":null,"accessibility":"PARTIAL",":@computed_region_yamh_8v7k":"955",":@computed_region_wbg7_3whc":"1451",":@computed_region_kjdx_g34t":"2185"}},
{"type":"Feature","geometry":{"type":"Point","coordinates":[-72.13259431,40.98003502]},"properties":{":id":"row-ym2s_93ix.dw2e",":version":"rv-n2c4~6dkm_iqxs",":created_at":"2025-11-26T11:58:21.834Z",":updated_at":"2025-11-26T11:58:23.211Z","railroad":"LIRR","code":"AGT","station_name":"Amagansett","branch":"Montauk","latitude":"40.98003502","longitude":"-72.13259431","outbound_title":"To Montauk","inbound_title":"To Jamaica & New York","zone":"14","station_url":{"url":"https://www.mta.info/stations/amagansett"},"parking_map_url":{"url":"https://www.mta.info/document/113631"},"accessibility":"FULL",":@computed_region_yamh_8v7k":"1021",":@computed_region_wbg7_3whc":"1531",":@computed_region_kjdx_g34t":"2179"}},
{"type":"Feature","geometry":{"type":"Point","coordinates":[-73.75179637,40.66853133]},"properties":{":id":"row-guuc-sxg7~23xp",":version":"rv-aj86-uft2~k2bv",":created_at":"2025-11-26T11:58:21.834Z",":updated_at":"2025-11-26T11:58:23.211Z","railroad":"LIRR","code":"LTN","station_name":"Laurelton","branch":"Far Rockaway","latitude":"40.66853133","longitude":"-73.75179637","outbound_title":"To Points East","inbound_title":"To Jamaica & New York","zone":"3","station_url":{"url":"https://www.mta.info/stations/laurelton"},"parking_map_url":{"url":"https://www.mta.info/document/116001"},"accessibility":"NONE",":@computed_region_yamh_8v7k":"196",":@computed_region_wbg7_3whc":"852",":@computed_region_kjdx_g34t":"2137"}},
{"type":"Feature","geometry":{"type":"Point","coordinates":[-73.86246,40.895706]},"properties":{":id":"row-4k9s_3j5u_5fyq",":version":"rv-w4hr~szu8~czrg",":created_at":"2025-11-26T11:58:21.834Z",":updated_at":"2025-11-26T11:58:23.211Z","railroad":"MNR","code":"1WN","station_name":"Woodlawn","branch":"Harlem","latitude":"40.895706","longitude":"-73.86246","outbound_title":"To White Plains, Southeast, & Wassaic","inbound_title":"To New York","zone":"2","station_url":{"url":"https://www.mta.info/stations/woodlawn-mnr"},"parking_map_url":null,"accessibility":"NONE",":@computed_region_yamh_8v7k":"307",":@computed_region_wbg7_3whc":"679",":@computed_region_kjdx_g34t":"2032"}},
{"type":"Feature","geometry":{"type":"Point","coordinates":[-73.982454,41.450193]},"properties":{":id":"row-f2rt~pv86-i2xb",":version":"rv-z6c9-m26f~dk8s",":created_at":"2025-11-26T11:58:21.834Z",":updated_at":"2025-11-26T11:58:23.211Z","railroad":"MNR","code":"0BK","station_name":"Breakneck Ridge","branch":"Hudson","latitude":"41.450193","longitude":"-73.982454","outbound_title":"To Poughkeepsie","inbound_title":"To Croton-Harmon & New York","zone":"7","station_url":{"url":"https://www.mta.info/stations/breakneck-ridge"},"parking_map_url":null,"accessibility":"NONE",":@computed_region_yamh_8v7k":"596",":@computed_region_wbg7_3whc":"950",":@computed_region_kjdx_g34t":"2040"}},
{"type":"Feature","geometry":{"type":"Point","coordinates":[-73.64620359,40.69490918]},"properties":{":id":"row-xep3.2bge~b34f",":version":"rv-ybbn-24iy~ug9h",":created_at":"2025-11-26T11:58:21.834Z",":updated_at":"2025-11-26T11:58:23.211Z","railroad":"LIRR","code":"HGN","station_name":"Hempstead Gardens","branch":"West Hempstead","latitude":"40.69490918","longitude":"-73.64620359","outbound_title":"To West Hempstead","inbound_title":"To Jamaica & New York","zone":"4","station_url":{"url":"https://www.mta.info/stations/hempstead-gardens"},"parking_map_url":{"url":"https://www.mta.info/document/115901"},"accessibility":"FULL",":@computed_region_yamh_8v7k":"62",":@computed_region_wbg7_3whc":"1457",":@computed_region_kjdx_g34t":"2094"}},
{"type":"Feature","geometry":{"type":"Point","coordinates":[-73.97545486,40.75516235]},"properties":{":id":"row-tkzt-tfce.s8mi",":version":"rv-qkc7-g8ai-qv25",":created_at":"2025-11-26T11:58:21.834Z",":updated_at":"2025-11-26T11:58:23.211Z","railroad":"LIRR","code":"GCT","station_name":"Grand Central","branch":"City Terminal Zone","latitude":"40.75516235","longitude":"-73.97545486","outbound_title":"Departures","inbound_title":"Arrivals","zone":"1","station_url":{"url":"https://www.mta.info/stations/grand-central-madison"},"parking_map_url":null,"accessibility":"FULL",":@computed_region_yamh_8v7k":"749",":@computed_region_wbg7_3whc":"589",":@computed_region_kjdx_g34t":"2095"}},
{"type":"Feature","geometry":{"type":"Point","coordinates":[-73.66308736,40.72297212]},"properties":{":id":"row-rn97.xz8k~evbk",":version":"rv-5kr4~yxgb.usih",":created_at":"2025-11-26T11:58:21.834Z",":updated_at":"2025-11-26T11:58:23.211Z","railroad":"LIRR","code":"NBD","station_name":"Nassau Blvd","branch":"Hempstead","latitude":"40.72297212","longitude":"-73.66308736","outbound_title":"To Hempstead","inbound_title":"To Jamaica & New York","zone":"4","station_url":{"url":"https://www.mta.info/stations/nassau-boulevard"},"parking_map_url":{"url":"https://www.mta.info/document/116036"},"accessibility":"FULL",":@computed_region_yamh_8v7k":"62",":@computed_region_wbg7_3whc":"1357",":@computed_region_kjdx_g34t":"2094"}},
{"type":"Feature","geometry":{"type":"Point","coordinates":[-73.76549112,40.69126726]},"properties":{":id":"row-2hfs_hnw6_hcaz",":version":"rv-fc7r-92ey_5sza",":created_at":"2025-11-26T11:58:21.834Z",":updated_at":"2025-11-26T11:58:23.211Z","railroad":"LIRR","code":"SAB","station_name":"St. Albans","branch":"West Hempstead","latitude":"40.69126726","longitude":"-73.76549112","outbound_title":"To Points East","inbound_title":"To Jamaica & New York","zone":"3","station_url":{"url":"https://www.mta.info/stations/st-albans"},"parking_map_url":{"url":"https://www.mta.info/document/115866"},"accessibility":"FULL",":@computed_region_yamh_8v7k":"196",":@computed_region_wbg7_3whc":"851",":@computed_region_kjdx_g34t":"2137"}},
{"type":"Feature","geometry":{"type":"Point","coordinates":[-73.898694,40.951355]},"properties":{":id":"row-b59w_rj9x.fqcn",":version":"rv-py5e_w5d8~uzn8",":created_at":"2025-11-26T11:58:21.834Z",":updated_at":"2025-11-26T11:58:23.211Z","railroad":"MNR","code":"0GD","station_name":"Glenwood","branch":"Hudson","latitude":"40.951355","longitude":"-73.898694","outbound_title":"To Croton-Harmon & Poughkeepsie","inbound_title":"To New York","zone":"3","station_url":{"url":"https://www.mta.info/stations/glenwood"},"parking_map_url":null,"accessibility":"FULL",":@computed_region_yamh_8v7k":"948",":@computed_region_wbg7_3whc":"1441",":@computed_region_kjdx_g34t":"2185"}},
{"type":"Feature","geometry":{"type":"Point","coordinates":[-73.25600585,40.88368828]},"properties":{":id":"row-fi48.c76u-amjj",":version":"rv-3izj-d9p2.mtw5",":created_at":"2025-11-26T11:58:21.834Z",":updated_at":"2025-11-26T11:58:23.211Z","railroad":"LIRR","code":"KPK","station_name":"Kings Park","branch":"Port Jefferson","latitude":"40.88368828","longitude":"-73.25600585","outbound_title":"To Port Jefferson","inbound_title":"To Jamaica & New York","zone":"10","station_url":{"url":"https://www.mta.info/stations/kings-park"},"parking_map_url":{"url":"https://www.mta.info/document/115986"},"accessibility":"FULL",":@computed_region_yamh_8v7k":"1014",":@computed_region_wbg7_3whc":"1127",":@computed_region_kjdx_g34t":"2179"}},
{"type":"Feature","geometry":{"type":"Point","coordinates":[-73.68086663,40.730787]},"properties":{":id":"row-5mg7_2zc3.86er",":version":"rv-fqa7_6tzh.i6cq",":created_at":"2025-11-26T11:58:21.834Z",":updated_at":"2025-11-26T11:58:23.211Z","railroad":"LIRR","code":"NHP","station_name":"New Hyde Park","branch":"Port Jefferson","latitude":"40.730787","longitude":"-73.68086663","outbound_title":"To Points East","inbound_title":"To Jamaica & New York","zone":"4","station_url":{"url":"https://www.mta.info/stations/new-hyde-park"},"parking_map_url":{"url":"https://www.mta.info/document/116101"},"accessibility":"FULL",":@computed_region_yamh_8v7k":"62",":@computed_region_wbg7_3whc":"869",":@computed_region_kjdx_g34t":"2094"}},
{"type":"Feature","geometry":{"type":"Point","coordinates":[-73.44109502,40.7359587]},"properties":{":id":"row-86s3_aur5.j92r",":version":"rv-be5u_n87k~3b9g",":created_at":"2025-11-26T11:58:21.834Z",":updated_at":"2025-11-26T11:58:23.211Z","railroad":"LIRR","code":"FMD","station_name":"Farmingdale","branch":"Ronkonkoma","latitude":"40.7359587","longitude":"-73.44109502","outbound_title":"To Ronkonkoma & Points East","inbound_title":"To Jamaica & New York","zone":"7","station_url":{"url":"https://www.mta.info/stations/farmingdale"},"parking_map_url":{"url":"https://www.mta.info/document/113741"},"accessibility":"FULL",":@computed_region_yamh_8v7k":"59",":@computed_region_wbg7_3whc":"1115",":@computed_region_kjdx_g34t":"2094"}},
{"type":"Feature","geometry":{"type":"Point","coordinates":[-72.963728,41.270775]},"properties":{":id":"row-nt6u_qhvg.98da",":version":"rv-zxfh-3rra~m868",":created_at":"2025-11-26T11:58:21.834Z",":updated_at":"2025-11-26T11:58:23.211Z","railroad":"MNR","code":"2WH","station_name":"West Haven","branch":"New Haven","latitude":"41.270775","longitude":"-72.963728","outbound_title":"To New Haven","inbound_title":"To Stamford & New York","zone":"21","station_url":{"url":"https://www.mta.info/stations/west-haven"},"parking_map_url":null,"accessibility":"FULL",":@computed_region_yamh_8v7k":null,":@computed_region_wbg7_3whc":null,":@computed_region_kjdx_g34t":"1044"}},
{"type":"Feature","geometry":{"type":"Point","coordinates":[-73.60716189,40.65678547]},"properties":{":id":"row-wkwt-tqc8-tgs7",":version":"rv-t9h8_egeh_naw9",":created_at":"2025-11-26T11:58:21.834Z",":updated_at":"2025-11-26T11:58:23.211Z","railroad":"LIRR","code":"BWN","station_name":"Baldwin","branch":"Babylon","latitude":"40.65678547","longitude":"-73.60716189","outbound_title":"To Babylon & Points East","inbound_title":"To Jamaica & New York","zone":"7","station_url":{"url":"https://www.mta.info/stations/baldwin"},"parking_map_url":{"url":"https://www.mta.info/document/98436"},"accessibility":"FULL",":@computed_region_yamh_8v7k":"62",":@computed_region_wbg7_3whc":"1268",":@computed_region_kjdx_g34t":"2094"}},
{"type":"Feature","geometry":{"type":"Point","coordinates":[-73.86971,41.094617]},"properties":{":id":"row-eqpf_rpda-myd8",":version":"rv-7fug.3epe_2j8q",":created_at":"2025-11-26T11:58:21.834Z",":updated_at":"2025-11-26T11:58:23.211Z","railroad":"MNR","code":"0PM","station_name":"Philipse Manor","branch":"Hudson","latitude":"41.094617","longitude":"-73.86971","outbound_title":"To Croton-Harmon & Poughkeepsie","inbound_title":"To New York","zone":"5","station_url":{"url":"https://www.mta.info/stations/philipse-manor"},"parking_map_url":null,"accessibility":"PARTIAL",":@computed_region_yamh_8v7k":"963",":@computed_region_wbg7_3whc":"1347",":@computed_region_kjdx_g34t":"2185"}},
{"type":"Feature","geometry":{"type":"Point","coordinates":[-73.418197,41.376189]},"properties":{":id":"row-5qpr.3n82.a9ff",":version":"rv-vtez_rb2g_ivhn",":created_at":"2025-11-26T11:58:21.834Z",":updated_at":"2025-11-26T11:58:23.211Z","railroad":"MNR","code":"4BE","station_name":"Bethel","branch":"Danbury","latitude":"41.376189","longitude":"-73.418197","outbound_title":"To Danbury","inbound_title":"To South Norwalk, Stamford, & New York","zone":"42","station_url":{"url":"https://www.mta.info/stations/bethel"},"parking_map_url":null,"accessibility":"FULL",":@computed_region_yamh_8v7k":null,":@computed_region_wbg7_3whc":null,":@computed_region_kjdx_g34t":"1040"}},
{"type":"Feature","geometry":{"type":"Point","coordinates":[-73.66348172,40.7349414]},"properties":{":id":"row-wmwa.kn5f.ys55",":version":"rv-a9pg_fej8_azde",":created_at":"2025-11-26T11:58:21.834Z",":updated_at":"2025-11-26T11:58:23.211Z","railroad":"LIRR","code":"MAV","station_name":"Merillon Av","branch":"Port Jefferson","latitude":"40.7349414","longitude":"-73.66348172","outbound_title":"To Points East","inbound_title":"To Jamaica & New York","zone":"4","station_url":{"url":"https://www.mta.info/stations/merillon-avenue"},"parking_map_url":{"url":"https://www.mta.info/document/115921"},"accessibility":"FULL",":@computed_region_yamh_8v7k":"62",":@computed_region_wbg7_3whc":"1357",":@computed_region_kjdx_g34t":"2094"}},
{"type":"Feature","geometry":{"type":"Point","coordinates":[-73.66452517,40.59047232]},"properties":{":id":"row-fqq8.xxxf-zjvm",":version":"rv-kcw4_f7at.fk7s",":created_at":"2025-11-26T11:58:21.834Z",":updated_at":"2025-11-26T11:58:23.211Z","railroad":"LIRR","code":"LBH","station_name":"Long Beach","branch":"Long Beach","latitude":"40.59047232","longitude":"-73.66452517","outbound_title":"Arrivals","inbound_title":"Departures","zone":"7","station_url":{"url":"https://www.mta.info/stations/long-beach"},"parking_map_url":{"url":"https://www.mta.info/document/117331"},"accessibility":"FULL",":@computed_region_yamh_8v7k":"61",":@computed_region_wbg7_3whc":"1565",":@computed_region_kjdx_g34t":"2094"}},
{"type":"Feature","geometry":{"type":"Point","coordinates":[-72.99859279,40.8174148]},"properties":{":id":"row-h4d7-epqc-zkci",":version":"rv-9p6p.6uju.qih6",":created_at":"2025-11-26T11:58:21.834Z",":updated_at":"2025-11-26T11:58:23.211Z","railroad":"LIRR","code":"MFD","station_name":"Medford","branch":"Greenport","latitude":"40.8174148","longitude":"-72.99859279","outbound_title":"To Greenport","inbound_title":"To Jamaica & New York","zone":"10","station_url":{"url":"https://www.mta.info/stations/medford"},"parking_map_url":{"url":"https://www.mta.info/document/115911"},"accessibility":"FULL",":@computed_region_yamh_8v7k":"1022",":@computed_region_wbg7_3whc":"1313",":@computed_region_kjdx_g34t":"2179"}},
{"type":"Feature","geometry":{"type":"Point","coordinates":[-73.881873,40.867237]},"properties":{":id":"row-qx8v~9azf~6ybz",":version":"rv-9sia.vujc_k96s",":created_at":"2025-11-26T11:58:21.834Z",":updated_at":"2025-11-26T11:58:23.211Z","railroad":"MNR","code":"1BG","station_name":"Botanical Garden","branch":"Harlem","latitude":"40.867237","longitude":"-73.881873","outbound_title":"To White Plains, Southeast, & Wassaic","inbound_title":"To New York","zone":"2","station_url":{"url":"https://www.mta.info/stations/botanical-garden"},"parking_map_url":null,"accessibility":"FULL",":@computed_region_yamh_8v7k":"307",":@computed_region_wbg7_3whc":"654",":@computed_region_kjdx_g34t":"2032"}},
{"type":"Feature","geometry":{"type":"Point","coordinates":[-73.559126,41.779445]},"properties":{":id":"row-adys.qhke-wx89",":version":"rv-pjyy.64f2_q3x3",":created_at":"2025-11-26T11:58:21.834Z",":updated_at":"2025-11-26T11:58:23.211Z","railroad":"MNR","code":"1TM","station_name":"Tenmile River","branch":"Wassaic","latitude":"41.779445","longitude":"-73.559126","outbound_title":"To Wassaic","inbound_title":"To Southeast, White Plains, & New York","zone":"10","station_url":{"url":"https://www.mta.info/stations/tenmile-river"},"parking_map_url":null,"accessibility":"FULL",":@computed_region_yamh_8v7k":"602",":@computed_region_wbg7_3whc":"1019",":@computed_region_kjdx_g34t":"2040"}},
{"type":"Feature","geometry":{"type":"Point","coordinates":[-73.6466154,40.65835409]},"properties":{":id":"row-g8xy.gser.mvjr",":version":"rv-bmvi~hgeh~qvyx",":created_at":"2025-11-26T11:58:21.834Z",":updated_at":"2025-11-26T11:58:23.211Z","railroad":"LIRR","code":"RVC","station_name":"Rockville Centre","branch":"Babylon","latitude":"40.65835409","longitude":"-73.6466154","outbound_title":"To Babylon & Points East","inbound_title":"To Jamaica & New York","zone":"7","station_url":{"url":"https://www.mta.info/stations/rockville-centre"},"parking_map_url":{"url":"https://www.mta.info/document/117421"},"accessibility":"FULL",":@computed_region_yamh_8v7k":"62",":@computed_region_wbg7_3whc":"1571",":@computed_region_kjdx_g34t":"2094"}},
{"type":"Feature","geometry":{"type":"Point","coordinates":[-73.435014,41.324796]},"properties":{":id":"row-xeth-jh82~5j6j",":version":"rv-3zhk.f6ae~xwtt",":created_at":"2025-11-26T11:58:21.834Z",":updated_at":"2025-11-26T11:58:23.211Z","railroad":"MNR","code":"4RD","station_name":"Redding","branch":"Danbury","latitude":"41.324796","longitude":"-73.435014","outbound_title":"To Danbury","inbound_title":"To South Norwalk, Stamford, & New York","zone":"42","station_url":{"url":"https://www.mta.info/stations/redding"},"parking_map_url":null,"accessibility":"FULL",":@computed_region_yamh_8v7k":null,":@computed_region_wbg7_3whc":null,":@computed_region_kjdx_g34t":"1040"}},
{"type":"Feature","geometry":{"type":"Point","coordinates":[-73.99296028,40.75032688]},"properties":{":id":"row-pcgn.rtdd-p7wq",":version":"rv-4y9w-u8fe.nyih",":created_at":"2025-11-26T11:58:21.834Z",":updated_at":"2025-11-26T11:58:23.211Z","railroad":"LIRR","code":"NYK","station_name":"Penn Station","branch":"City Terminal Zone","latitude":"40.75032688","longitude":"-73.99296028","outbound_title":"Departures","inbound_title":"Arrivals","zone":"1","station_url":{"url":"https://www.mta.info/stations/penn-station"},"parking_map_url":null,"accessibility":"FULL",":@computed_region_yamh_8v7k":"749",":@computed_region_wbg7_3whc":"582",":@computed_region_kjdx_g34t":"2095"}},
{"type":"Feature","geometry":{"type":"Point","coordinates":[-73.496139,41.145953]},"properties":{":id":"row-vz5v_sbat-zzvt",":version":"rv-uchq-wpwq.rvs3",":created_at":"2025-11-26T11:58:21.834Z",":updated_at":"2025-11-26T11:58:23.211Z","railroad":"MNR","code":"3NC","station_name":"New Canaan","branch":"New Canaan","latitude":"41.145953","longitude":"-73.496139","outbound_title":"Arrivals","inbound_title":"Departures","zone":"31","station_url":{"url":"https://www.mta.info/stations/new-canaan"},"parking_map_url":null,"accessibility":"FULL",":@computed_region_yamh_8v7k":null,":@computed_region_wbg7_3whc":null,":@computed_region_kjdx_g34t":"1040"}},
{"type":"Feature","geometry":{"type":"Point","coordinates":[-73.66409,41.001367]},"properties":{":id":"row-uzcc_fj7t.yqcd",":version":"rv-zard.u23z_d8hh",":created_at":"2025-11-26T11:58:21.834Z",":updated_at":"2025-11-26T11:58:23.211Z","railroad":"MNR","code":"2PC","station_name":"Port Chester","branch":"New Haven","latitude":"41.001367","longitude":"-73.66409","outbound_title":"To Stamford & New Haven","inbound_title":"To New York","zone":"14","station_url":{"url":"https://www.mta.info/stations/port-chester"},"parking_map_url":null,"accessibility":"FULL",":@computed_region_yamh_8v7k":"952",":@computed_region_wbg7_3whc":"1337",":@computed_region_kjdx_g34t":"2185"}},
{"type":"Feature","geometry":{"type":"Point","coordinates":[-73.39955329,40.74535986]},"properties":{":id":"row-kknc~7h8y_pn2z",":version":"rv-vtf8-kcbk_pi3s",":created_at":"2025-11-26T11:58:21.834Z",":updated_at":"2025-11-26T11:58:23.211Z","railroad":"LIRR","code":"PLN","station_name":"Pinelawn","branch":"Ronkonkoma","latitude":"40.74535986","longitude":"-73.39955329","outbound_title":"To Ronkonkoma & Points East","inbound_title":"To Jamaica & New York","zone":"9","station_url":{"url":"https://www.mta.info/stations/pinelawn"},"parking_map_url":null,"accessibility":"FULL",":@computed_region_yamh_8v7k":"1023",":@computed_region_wbg7_3whc":"1488",":@computed_region_kjdx_g34t":"2179"}},
{"type":"Feature","geometry":{"type":"Point","coordinates":[-73.70523093,40.63669756]},"properties":{":id":"row-srgn_f4ad_bdgq",":version":"rv-pzk5.mdqs_k25k",":created_at":"2025-11-26T11:58:21.834Z",":updated_at":"2025-11-26T11:58:23.211Z","railroad":"LIRR","code":"HWT","station_name":"Hewlett","branch":"Far Rockaway","latitude":"40.63669756","longitude":"-73.70523093","outbound_title":"To Far Rockaway","inbound_title":"To Jamaica & New York","zone":"4","station_url":{"url":"https://www.mta.info/stations/hewlett"},"parking_map_url":{"url":"https://www.mta.info/document/115906"},"accessibility":"FULL",":@computed_region_yamh_8v7k":"62",":@computed_region_wbg7_3whc":"1461",":@computed_region_kjdx_g34t":"2094"}},
{"type":"Feature","geometry":{"type":"Point","coordinates":[-73.977931,40.75245]},"properties":{":id":"row-4ppn_ence-yk95",":version":"rv-j2yr_x5dm~bfzw",":created_at":"2025-11-26T11:58:21.834Z",":updated_at":"2025-11-26T11:58:23.211Z","railroad":"MNR","code":"0NY","station_name":"Grand Central","branch":"City Terminal Zone","latitude":"40.75245","longitude":"-73.977931","outbound_title":"Departures","inbound_title":"Arrivals","zone":"1","station_url":{"url":"https://www.mta.info/stations/grand-central-terminal"},"parking_map_url":null,"accessibility":"FULL",":@computed_region_yamh_8v7k":"749",":@computed_region_wbg7_3whc":"740",":@computed_region_kjdx_g34t":"2095"}},
{"type":"Feature","geometry":{"type":"Point","coordinates":[-73.75059373,40.60915917]},"properties":{":id":"row-m6ru~zq6c.ajzs",":version":"rv-gv8r-37i8_2sce",":created_at":"2025-11-26T11:58:21.834Z",":updated_at":"2025-11-26T11:58:23.211Z","railroad":"LIRR","code":"FRY","station_name":"Far Rockaway","branch":"Far Rockaway","latitude":"40.60915917","longitude":"-73.75059373","outbound_title":"Arrivals","inbound_title":"Departures","zone":"4","station_url":{"url":"https://www.mta.info/stations/far-rockaway"},"parking_map_url":{"url":"https://www.mta.info/document/113736"},"accessibility":"FULL",":@computed_region_yamh_8v7k":"196",":@computed_region_wbg7_3whc":"1027",":@computed_region_kjdx_g34t":"2094"}},
{"type":"Feature","geometry":{"type":"Point","coordinates":[-73.422039,41.095575]},"properties":{":id":"row-qzag_x78u~bfih",":version":"rv-2ph5~v66u.mwdf",":created_at":"2025-11-26T11:58:21.834Z",":updated_at":"2025-11-26T11:58:23.211Z","railroad":"MNR","code":"2SN","station_name":"South Norwalk","branch":"New Haven","latitude":"41.095575","longitude":"-73.422039","outbound_title":"To New Haven & Danbury","inbound_title":"To Stamford & New York","zone":"17","station_url":{"url":"https://www.mta.info/stations/south-norwalk"},"parking_map_url":null,"accessibility":"FULL",":@computed_region_yamh_8v7k":null,":@computed_region_wbg7_3whc":null,":@computed_region_kjdx_g34t":"1040"}},
{"type":"Feature","geometry":{"type":"Point","coordinates":[-73.060165,41.22223]},"properties":{":id":"row-vdk5-we8p.qib5",":version":"rv-w53f~5w4v.vi6k",":created_at":"2025-11-26T11:58:21.834Z",":updated_at":"2025-11-26T11:58:23.211Z","railroad":"MNR","code":"2MI","station_name":"Milford","branch":"New Haven","latitude":"41.22223","longitude":"-73.060165","outbound_title":"To New Haven","inbound_title":"To Stamford & New York","zone":"20","station_url":{"url":"https://www.mta.info/stations/milford"},"parking_map_url":null,"accessibility":"FULL",":@computed_region_yamh_8v7k":null,":@computed_region_wbg7_3whc":null,":@computed_region_kjdx_g34t":"1044"}},
{"type":"Feature","geometry":{"type":"Point","coordinates":[-73.677658,41.294036]},"properties":{":id":"row-e2jy-axkp_4kdg",":version":"rv-nu38~wx8f-cqts",":created_at":"2025-11-26T11:58:21.834Z",":updated_at":"2025-11-26T11:58:23.211Z","railroad":"MNR","code":"1GO","station_name":"Goldens Bridge","branch":"Harlem","latitude":"41.294036","longitude":"-73.677658","outbound_title":"To Southeast & Wassaic","inbound_title":"To White Plains & New York","zone":"6","station_url":{"url":"https://www.mta.info/stations/goldens-bridge"},"parking_map_url":null,"accessibility":"FULL",":@computed_region_yamh_8v7k":"972",":@computed_region_wbg7_3whc":"1247",":@computed_region_kjdx_g34t":"2185"}},
{"type":"Feature","geometry":{"type":"Point","coordinates":[-73.78974116,40.76148239]},"properties":{":id":"row-zcvr_jwbv.7qxu",":version":"rv-gj47~diuz~vaky",":created_at":"2025-11-26T11:58:21.834Z",":updated_at":"2025-11-26T11:58:23.211Z","railroad":"LIRR","code":"ADL","station_name":"Auburndale","branch":"Port Washington","latitude":"40.76148239","longitude":"-73.78974116","outbound_title":"To Great Neck & Port Washington","inbound_title":"To New York","zone":"3","station_url":{"url":"https://www.mta.info/stations/auburndale"},"parking_map_url":{"url":"https://www.mta.info/document/98101"},"accessibility":"FULL",":@computed_region_yamh_8v7k":"196",":@computed_region_wbg7_3whc":"828",":@computed_region_kjdx_g34t":"2137"}},
{"type":"Feature","geometry":{"type":"Point","coordinates":[-73.775118,41.033344]},"properties":{":id":"row-d6id_4747-4225",":version":"rv-r4aa_2rsa_bfrf",":created_at":"2025-11-26T11:58:21.834Z",":updated_at":"2025-11-26T11:58:23.211Z","railroad":"MNR","code":"1WP","station_name":"White Plains","branch":"Harlem","latitude":"41.033344","longitude":"-73.775118","outbound_title":"To Southeast & Wassaic","inbound_title":"To New York","zone":"4","station_url":{"url":"https://www.mta.info/stations/white-plains"},"parking_map_url":null,"accessibility":"FULL",":@computed_region_yamh_8v7k":"949",":@computed_region_wbg7_3whc":"1436",":@computed_region_kjdx_g34t":"2185"}},
{"type":"Feature","geometry":{"type":"Point","coordinates":[-73.62541832,40.85274959]},"properties":{":id":"row-sxz8_ejqu.gpd9",":version":"rv-4nrt.79sg_8k8t",":created_at":"2025-11-26T11:58:21.834Z",":updated_at":"2025-11-26T11:58:23.211Z","railroad":"LIRR","code":"SCF","station_name":"Sea Cliff","branch":"Oyster Bay","latitude":"40.85274959","longitude":"-73.62541832","outbound_title":"To Oyster Bay","inbound_title":"To Jamaica & New York","zone":"7","station_url":{"url":"https://www.mta.info/stations/sea-cliff"},"parking_map_url":{"url":"https://www.mta.info/document/117471"},"accessibility":"FULL",":@computed_region_yamh_8v7k":"63",":@computed_region_wbg7_3whc":"1358",":@computed_region_kjdx_g34t":"2094"}},
{"type":"Feature","geometry":{"type":"Point","coordinates":[-73.497497,41.069021]},"properties":{":id":"row-xktp.qmw9_9gsw",":version":"rv-xn4n.pyur_msgi",":created_at":"2025-11-26T11:58:21.834Z",":updated_at":"2025-11-26T11:58:23.211Z","railroad":"MNR","code":"2NO","station_name":"Noroton Heights","branch":"New Haven","latitude":"41.069021","longitude":"-73.497497","outbound_title":"To New Haven","inbound_title":"To Stamford & New York","zone":"16","station_url":{"url":"https://www.mta.info/stations/noroton-heights"},"parking_map_url":null,"accessibility":"PARTIAL",":@computed_region_yamh_8v7k":null,":@computed_region_wbg7_3whc":null,":@computed_region_kjdx_g34t":"1040"}},
{"type":"Feature","geometry":{"type":"Point","coordinates":[-73.947436,41.380881]},"properties":{":id":"row-5yw6~tvtt-n5j6",":version":"rv-qmaj-ud5j.5svt",":created_at":"2025-11-26T11:58:21.834Z",":updated_at":"2025-11-26T11:58:23.211Z","railroad":"MNR","code":"0GA","station_name":"Garrison","branch":"Hudson","latitude":"41.380881","longitude":"-73.947436","outbound_title":"To Poughkeepsie","inbound_title":"To Croton-Harmon & New York","zone":"7","station_url":{"url":"https://www.mta.info/stations/garrison"},"parking_map_url":null,"accessibility":"FULL",":@computed_region_yamh_8v7k":"100",":@computed_region_wbg7_3whc":"1246",":@computed_region_kjdx_g34t":"627"}},
{"type":"Feature","geometry":{"type":"Point","coordinates":[-73.314597,41.122488]},"properties":{":id":"row-bnat_k6b8.fwym",":version":"rv-t3f8_gbca_wvtd",":created_at":"2025-11-26T11:58:21.834Z",":updated_at":"2025-11-26T11:58:23.211Z","railroad":"MNR","code":"2GF","station_name":"Green's Farms","branch":"New Haven","latitude":"41.122488","longitude":"-73.314597","outbound_title":"To New Haven","inbound_title":"To Stamford & New York","zone":"18","station_url":{"url":"https://www.mta.info/stations/greens-farms"},"parking_map_url":null,"accessibility":"PARTIAL",":@computed_region_yamh_8v7k":null,":@computed_region_wbg7_3whc":null,":@computed_region_kjdx_g34t":"1040"}},
{"type":"Feature","geometry":{"type":"Point","coordinates":[-73.681005,40.986339]},"properties":{":id":"row-kahx-ypyg.y4bg",":version":"rv-2qpf_v5d9~2pyk",":created_at":"2025-11-26T11:58:21.834Z",":updated_at":"2025-11-26T11:58:23.211Z","railroad":"MNR","code":"2RY","station_name":"Rye","branch":"New Haven","latitude":"40.986339","longitude":"-73.681005","outbound_title":"To Stamford & New Haven","inbound_title":"To New York","zone":"14","station_url":{"url":"https://www.mta.info/stations/rye"},"parking_map_url":null,"accessibility":"FULL",":@computed_region_yamh_8v7k":"953",":@computed_region_wbg7_3whc":"1342",":@computed_region_kjdx_g34t":"2185"}},
{"type":"Feature","geometry":{"type":"Point","coordinates":[-71.95369127,41.04745519]},"properties":{":id":"row-rytn.i4mr.u79m",":version":"rv-3swz_wgyq_77ke",":created_at":"2025-11-26T11:58:21.834Z",":updated_at":"2025-11-26T11:58:23.211Z","railroad":"LIRR","code":"MTK","station_name":"Montauk","branch":"Montauk","latitude":"41.04745519","longitude":"-71.95369127","outbound_title":"Arrivals","inbound_title":"Departures","zone":"14","station_url":{"url":"https://www.mta.info/stations/montauk"},"parking_map_url":{"url":"https://www.mta.info/document/115991"},"accessibility":"FULL",":@computed_region_yamh_8v7k":"1021",":@computed_region_wbg7_3whc":"1637",":@computed_region_kjdx_g34t":"2179"}},
{"type":"Feature","geometry":{"type":"Point","coordinates":[-73.6261469,40.8322646]},"properties":{":id":"row-jcrn~wy2h~f3w5",":version":"rv-heks_t3g8-jmf6",":created_at":"2025-11-26T11:58:21.834Z",":updated_at":"2025-11-26T11:58:23.211Z","railroad":"LIRR","code":"GHD","station_name":"Glen Head","branch":"Oyster Bay","latitude":"40.8322646","longitude":"-73.6261469","outbound_title":"To Oyster Bay","inbound_title":"To Jamaica & New York","zone":"7","station_url":{"url":"https://www.mta.info/stations/glen-head"},"parking_map_url":{"url":"https://www.mta.info/document/115821"},"accessibility":"FULL",":@computed_region_yamh_8v7k":"59",":@computed_region_wbg7_3whc":"1359",":@computed_region_kjdx_g34t":"2094"}},
{"type":"Feature","geometry":{"type":"Point","coordinates":[-73.932009,41.284406]},"properties":{":id":"row-2b48_j4ei_usea",":version":"rv-brc2_hnvt_bph5",":created_at":"2025-11-26T11:58:21.834Z",":updated_at":"2025-11-26T11:58:23.211Z","railroad":"MNR","code":"0PE","station_name":"Peekskill","branch":"Hudson","latitude":"41.284406","longitude":"-73.932009","outbound_title":"To Poughkeepsie","inbound_title":"To Croton-Harmon & New York","zone":"6","station_url":{"url":"https://www.mta.info/stations/peekskill"},"parking_map_url":null,"accessibility":"FULL",":@computed_region_yamh_8v7k":"956",":@computed_region_wbg7_3whc":"1334",":@computed_region_kjdx_g34t":"2185"}},
{"type":"Feature","geometry":{"type":"Point","coordinates":[-73.48647748,40.67576413]},"properties":{":id":"row-g4rr.pzzx-s4u8",":version":"rv-y5ri_be4w~qvhh",":created_at":"2025-11-26T11:58:21.834Z",":updated_at":"2025-11-26T11:58:23.211Z","railroad":"LIRR","code":"SFD","station_name":"Seaford","branch":"Babylon","latitude":"40.67576413","longitude":"-73.48647748","outbound_title":"To Babylon & Points East","inbound_title":"To Jamaica & New York","zone":"7","station_url":{"url":"https://www.mta.info/stations/seaford"},"parking_map_url":{"url":"https://www.mta.info/document/115801"},"accessibility":"FULL",":@computed_region_yamh_8v7k":"62",":@computed_region_wbg7_3whc":"1424",":@computed_region_kjdx_g34t":"2094"}},
{"type":"Feature","geometry":{"type":"Point","coordinates":[-73.77084009,40.76318515]},"properties":{":id":"row-jaii_47h6-5vtv",":version":"rv-t7np.ryxr_bfg8",":created_at":"2025-11-26T11:58:21.834Z",":updated_at":"2025-11-26T11:58:23.211Z","railroad":"LIRR","code":"BSD","station_name":"Bayside","branch":"Port Washington","latitude":"40.76318515","longitude":"-73.77084009","outbound_title":"To Great Neck & Port Washington","inbound_title":"To New York","zone":"3","station_url":{"url":"https://www.mta.info/stations/bayside"},"parking_map_url":{"url":"https://www.mta.info/document/98446"},"accessibility":"FULL",":@computed_region_yamh_8v7k":"196",":@computed_region_wbg7_3whc":"831",":@computed_region_kjdx_g34t":"2137"}},
{"type":"Feature","geometry":{"type":"Point","coordinates":[-73.45466653,40.67790139]},"properties":{":id":"row-4feg_bsce.w5uw",":version":"rv-ncck-3rmk-j3du",":created_at":"2025-11-26T11:58:21.834Z",":updated_at":"2025-11-26T11:58:23.211Z","railroad":"LIRR","code":"MPK","station_name":"Massapequa Park","branch":"Babylon","latitude":"40.67790139","longitude":"-73.45466653","outbound_title":"To Babylon & Points East","inbound_title":"To Jamaica & New York","zone":"7","station_url":{"url":"https://www.mta.info/stations/massapequa-park"},"parking_map_url":{"url":"https://www.mta.info/document/115841"},"accessibility":"FULL",":@computed_region_yamh_8v7k":"59",":@computed_region_wbg7_3whc":"1243",":@computed_region_kjdx_g34t":"2094"}},
{"type":"Feature","geometry":{"type":"Point","coordinates":[-72.19289967,40.96513767]},"properties":{":id":"row-x35i~n58b-b2ns",":version":"rv-4nvj-muca~hi6p",":created_at":"2025-11-26T11:58:21.834Z",":updated_at":"2025-11-26T11:58:23.211Z","railroad":"LIRR","code":"EHN","station_name":"East Hampton","branch":"Montauk","latitude":"40.96513767","longitude":"-72.19289967","outbound_title":"To Montauk","inbound_title":"To Jamaica & New York","zone":"14","station_url":{"url":"https://www.mta.info/stations/east-hampton"},"parking_map_url":{"url":"https://www.mta.info/document/113716"},"accessibility":"FULL",":@computed_region_yamh_8v7k":"1021",":@computed_region_wbg7_3whc":"1537",":@computed_region_kjdx_g34t":"2179"}},
{"type":"Feature","geometry":{"type":"Point","coordinates":[-73.72595826,40.62233075]},"properties":{":id":"row-wrwh~ejrc~jzdt",":version":"rv-5rni_ddx3.676p",":created_at":"2025-11-26T11:58:21.834Z",":updated_at":"2025-11-26T11:58:23.211Z","railroad":"LIRR","code":"CHT","station_name":"Cedarhurst","branch":"Far Rockaway","latitude":"40.62233075","longitude":"-73.72595826","outbound_title":"To Far Rockaway","inbound_title":"To Jamaica & New York","zone":"4","station_url":{"url":"https://www.mta.info/stations/cedarhurst"},"parking_map_url":{"url":"https://www.mta.info/document/113676"},"accessibility":"FULL",":@computed_region_yamh_8v7k":"62",":@computed_region_wbg7_3whc":"1354",":@computed_region_kjdx_g34t":"2094"}},
{"type":"Feature","geometry":{"type":"Point","coordinates":[-72.42784279,41.06631707]},"properties":{":id":"row-99sd.pdsj.pyd7",":version":"rv-ri98.pxah-kgc2",":created_at":"2025-11-26T11:58:21.834Z",":updated_at":"2025-11-26T11:58:23.211Z","railroad":"LIRR","code":"SHD","station_name":"Southold","branch":"Greenport","latitude":"41.06631707","longitude":"-72.42784279","outbound_title":"To Greenport","inbound_title":"To Jamaica & New York","zone":"14","station_url":{"url":"https://www.mta.info/stations/southold"},"parking_map_url":{"url":"https://www.mta.info/document/115836"},"accessibility":"FULL",":@computed_region_yamh_8v7k":"1012",":@computed_region_wbg7_3whc":"1132",":@computed_region_kjdx_g34t":"2179"}},
{"type":"Feature","geometry":{"type":"Point","coordinates":[-73.772823,41.050144]},"properties":{":id":"row-2849~8xrk-t297",":version":"rv-9cxa~m3fr~qivj",":created_at":"2025-11-26T11:58:21.834Z",":updated_at":"2025-11-26T11:58:23.211Z","railroad":"MNR","code":"1NW","station_name":"North White Plains","branch":"Harlem","latitude":"41.050144","longitude":"-73.772823","outbound_title":"To Southeast & Wassaic","inbound_title":"To White Plains & New York","zone":"4","station_url":{"url":"https://www.mta.info/stations/north-white-plains"},"parking_map_url":null,"accessibility":"FULL",":@computed_region_yamh_8v7k":"949",":@computed_region_wbg7_3whc":"1436",":@computed_region_kjdx_g34t":"2185"}},
{"type":"Feature","geometry":{"type":"Point","coordinates":[-73.81450578,40.76274158]},"properties":{":id":"row-juvs_x5mr_p96c",":version":"rv-h5gc~xv88.9zfd",":created_at":"2025-11-26T11:58:21.834Z",":updated_at":"2025-11-26T11:58:23.211Z","railroad":"LIRR","code":"MHL","station_name":"Murray Hill","branch":"Port Washington","latitude":"40.76274158","longitude":"-73.81450578","outbound_title":"To Great Neck & Port Washington","inbound_title":"To New York","zone":"3","station_url":{"url":"https://www.mta.info/stations/murray-hill"},"parking_map_url":{"url":"https://www.mta.info/document/116016"},"accessibility":"FULL",":@computed_region_yamh_8v7k":"196",":@computed_region_wbg7_3whc":"824",":@computed_region_kjdx_g34t":"2137"}},
{"type":"Feature","geometry":{"type":"Point","coordinates":[-73.658919,41.325353]},"properties":{":id":"row-ai95.wevi_2x2u",":version":"rv-5y6u~8gpb.db9r",":created_at":"2025-11-26T11:58:21.834Z",":updated_at":"2025-11-26T11:58:23.211Z","railroad":"MNR","code":"1PY","station_name":"Purdy's","branch":"Harlem","latitude":"41.325353","longitude":"-73.658919","outbound_title":"To Southeast & Wassaic","inbound_title":"To White Plains & New York","zone":"7","station_url":{"url":"https://www.mta.info/stations/purdys"},"parking_map_url":null,"accessibility":"FULL",":@computed_region_yamh_8v7k":"958",":@computed_region_wbg7_3whc":"1345",":@computed_region_kjdx_g34t":"2185"}},
{"type":"Feature","geometry":{"type":"Point","coordinates":[-73.497969,41.116429]},"properties":{":id":"row-2af6_uzcr_jyqs",":version":"rv-xqwq~f22y~s2f8",":created_at":"2025-11-26T11:58:21.834Z",":updated_at":"2025-11-26T11:58:23.211Z","railroad":"MNR","code":"3TH","station_name":"Talmadge Hill","branch":"New Canaan","latitude":"41.116429","longitude":"-73.497969","outbound_title":"To New Canaan","inbound_title":"To Stamford & New York","zone":"31","station_url":{"url":"https://www.mta.info/stations/talmadge-hill"},"parking_map_url":null,"accessibility":"FULL",":@computed_region_yamh_8v7k":null,":@computed_region_wbg7_3whc":null,":@computed_region_kjdx_g34t":"1040"}},
{"type":"Feature","geometry":{"type":"Point","coordinates":[-73.08664699,40.7404148]},"properties":{":id":"row-jt2s.zh6g-pu8k",":version":"rv-k3i6~a283-543z",":created_at":"2025-11-26T11:58:21.834Z",":updated_at":"2025-11-26T11:58:23.211Z","railroad":"LIRR","code":"SVL","station_name":"Sayville","branch":"Montauk","latitude":"40.7404148","longitude":"-73.08664699","outbound_title":"To Patchogue, Speonk, & Montauk","inbound_title":"To Jamaica & New York","zone":"10","station_url":{"url":"https://www.mta.info/stations/sayville"},"parking_map_url":{"url":"https://www.mta.info/document/117466"},"accessibility":"FULL",":@computed_region_yamh_8v7k":"1019",":@computed_region_wbg7_3whc":"1423",":@computed_region_kjdx_g34t":"2179"}},
{"type":"Feature","geometry":{"type":"Point","coordinates":[-73.870875,40.878637]},"properties":{":id":"row-ezba~2q9d_v3rm",":version":"rv-uc6w-d9e3.trjv",":created_at":"2025-11-26T11:58:21.834Z",":updated_at":"2025-11-26T11:58:23.211Z","railroad":"MNR","code":"1WG","station_name":"Williams Bridge","branch":"Harlem","latitude":"40.878637","longitude":"-73.870875","outbound_title":"To White Plains, Southeast, & Wassaic","inbound_title":"To New York","zone":"2","station_url":{"url":"https://www.mta.info/stations/williams-bridge"},"parking_map_url":null,"accessibility":"NONE",":@computed_region_yamh_8v7k":"307",":@computed_region_wbg7_3whc":"704",":@computed_region_kjdx_g34t":"2032"}},
{"type":"Feature","geometry":{"type":"Point","coordinates":[-73.6432807,40.79054285]},"properties":{":id":"row-ggdu_deva-mujf",":version":"rv-73u4_6775_t8gn",":created_at":"2025-11-26T11:58:21.834Z",":updated_at":"2025-11-26T11:58:23.211Z","railroad":"LIRR","code":"RSN","station_name":"Roslyn","branch":"Oyster Bay","latitude":"40.79054285","longitude":"-73.6432807","outbound_title":"To Oyster Bay","inbound_title":"To Jamaica & New York","zone":"7","station_url":{"url":"https://www.mta.info/stations/roslyn"},"parking_map_url":{"url":"https://www.mta.info/document/117461"},"accessibility":"FULL",":@computed_region_yamh_8v7k":"60",":@computed_region_wbg7_3whc":"993",":@computed_region_kjdx_g34t":"2094"}},
{"type":"Feature","geometry":{"type":"Point","coordinates":[-73.890097,40.862013]},"properties":{":id":"row-q8ub.586p_57nx",":version":"rv-w5nf-u5mf_khpr",":created_at":"2025-11-26T11:58:21.834Z",":updated_at":"2025-11-26T11:58:23.211Z","railroad":"MNR","code":"1FO","station_name":"Fordham","branch":"Harlem","latitude":"40.862013","longitude":"-73.890097","outbound_title":"To Stamford, New Haven, White Plains, Southeast, & Wassaic","inbound_title":"To New York","zone":"2","station_url":{"url":"https://www.mta.info/stations/fordham"},"parking_map_url":null,"accessibility":"FULL",":@computed_region_yamh_8v7k":"307",":@computed_region_wbg7_3whc":"654",":@computed_region_kjdx_g34t":"2032"}},
{"type":"Feature","geometry":{"type":"Point","coordinates":[-73.889083,40.973393]},"properties":{":id":"row-ydy7.jva5_63gh",":version":"rv-ts5d-n34i_4fqj",":created_at":"2025-11-26T11:58:21.834Z",":updated_at":"2025-11-26T11:58:23.211Z","railroad":"MNR","code":"0GY","station_name":"Greystone","branch":"Hudson","latitude":"40.973393","longitude":"-73.889083","outbound_title":"To Croton-Harmon & Poughkeepsie","inbound_title":"To New York","zone":"3","station_url":{"url":"https://www.mta.info/stations/greystone"},"parking_map_url":null,"accessibility":"FULL",":@computed_region_yamh_8v7k":"948",":@computed_region_wbg7_3whc":"1441",":@computed_region_kjdx_g34t":"2185"}},
{"type":"Feature","geometry":{"type":"Point","coordinates":[-73.68106214,40.72303304]},"properties":{":id":"row-wfmd~ncwp_7ztk",":version":"rv-k7d7-4ipy.99ie",":created_at":"2025-11-26T11:58:21.834Z",":updated_at":"2025-11-26T11:58:23.211Z","railroad":"LIRR","code":"SMR","station_name":"Stewart Manor","branch":"Hempstead","latitude":"40.72303304","longitude":"-73.68106214","outbound_title":"To Hempstead","inbound_title":"To Jamaica & New York","zone":"4","station_url":{"url":"https://www.mta.info/stations/stewart-manor"},"parking_map_url":{"url":"https://www.mta.info/document/116076"},"accessibility":"FULL",":@computed_region_yamh_8v7k":"62",":@computed_region_wbg7_3whc":"1357",":@computed_region_kjdx_g34t":"2094"}},
{"type":"Feature","geometry":{"type":"Point","coordinates":[-73.12838183,40.92051484]},"properties":{":id":"row-2pfy.fpm6~i6cx",":version":"rv-hc5y.r45s~ymhw",":created_at":"2025-11-26T11:58:21.834Z",":updated_at":"2025-11-26T11:58:23.211Z","railroad":"LIRR","code":"BK","station_name":"Stony Brook","branch":"Port Jefferson","latitude":"40.92051484","longitude":"-73.12838183","outbound_title":"To Port Jefferson","inbound_title":"To Jamaica & New York","zone":"10","station_url":{"url":"https://www.mta.info/stations/stony-brook"},"parking_map_url":{"url":"https://www.mta.info/document/116081"},"accessibility":"FULL",":@computed_region_yamh_8v7k":"1022",":@computed_region_wbg7_3whc":"1430",":@computed_region_kjdx_g34t":"2179"}},
{"type":"Feature","geometry":{"type":"Point","coordinates":[-73.69524064,40.81054479]},"properties":{":id":"row-uvgz~gzqr~jihc",":version":"rv-4c56.he7u.w2fk",":created_at":"2025-11-26T11:58:21.834Z",":updated_at":"2025-11-26T11:58:23.211Z","railroad":"LIRR","code":"PDM","station_name":"Plandome","branch":"Port Washington","latitude":"40.81054479","longitude":"-73.69524064","outbound_title":"To Port Washington","inbound_title":"To New York","zone":"4","station_url":{"url":"https://www.mta.info/stations/plandome"},"parking_map_url":{"url":"https://www.mta.info/document/117386"},"accessibility":"FULL",":@computed_region_yamh_8v7k":"60",":@computed_region_wbg7_3whc":"868",":@computed_region_kjdx_g34t":"2094"}},
{"type":"Feature","geometry":{"type":"Point","coordinates":[-72.70533861,40.82132553]},"properties":{":id":"row-ut92~fwn7_cnt9",":version":"rv-5nfw_jsns~bvqn",":created_at":"2025-11-26T11:58:21.834Z",":updated_at":"2025-11-26T11:58:23.211Z","railroad":"LIRR","code":"SPK","station_name":"Speonk","branch":"Montauk","latitude":"40.82132553","longitude":"-72.70533861","outbound_title":"To Montauk","inbound_title":"To Jamaica & New York","zone":"12","station_url":{"url":"https://www.mta.info/stations/speonk"},"parking_map_url":{"url":"https://www.mta.info/document/115851"},"accessibility":"FULL",":@computed_region_yamh_8v7k":"1013",":@computed_region_wbg7_3whc":"1133",":@computed_region_kjdx_g34t":"2179"}},
{"type":"Feature","geometry":{"type":"Point","coordinates":[-73.520074,41.07106]},"properties":{":id":"row-ugvr-6bb4-h3ma",":version":"rv-ufsa~pwck_iexn",":created_at":"2025-11-26T11:58:21.834Z",":updated_at":"2025-11-26T11:58:23.211Z","railroad":"MNR","code":"3GB","station_name":"Glenbrook","branch":"New Canaan","latitude":"41.07106","longitude":"-73.520074","outbound_title":"To New Canaan","inbound_title":"To Stamford & New York","zone":"31","station_url":{"url":"https://www.mta.info/stations/glenbrook"},"parking_map_url":null,"accessibility":"FULL",":@computed_region_yamh_8v7k":null,":@computed_region_wbg7_3whc":null,":@computed_region_kjdx_g34t":"1040"}},
{"type":"Feature","geometry":{"type":"Point","coordinates":[-73.921676,40.878393]},"properties":{":id":"row-nubq.cyh3_by9r",":version":"rv-daxf-c72w_g844",":created_at":"2025-11-26T11:58:21.834Z",":updated_at":"2025-11-26T11:58:23.211Z","railroad":"MNR","code":"0DV","station_name":"Spuyten Duyvil","branch":"Hudson","latitude":"40.878393","longitude":"-73.921676","outbound_title":"To Croton-Harmon & Poughkeepsie","inbound_title":"To New York","zone":"2","station_url":{"url":"https://www.mta.info/stations/spuyten-duyvil"},"parking_map_url":null,"accessibility":"NONE",":@computed_region_yamh_8v7k":"307",":@computed_region_wbg7_3whc":"676",":@computed_region_kjdx_g34t":"2032"}},
{"type":"Feature","geometry":{"type":"Point","coordinates":[-73.65213781,40.68584786]},"properties":{":id":"row-qd6c-3ac7~dddn",":version":"rv-ikyk~dabk~rctz",":created_at":"2025-11-26T11:58:21.834Z",":updated_at":"2025-11-26T11:58:23.211Z","railroad":"LIRR","code":"LVW","station_name":"Lakeview","branch":"West Hempstead","latitude":"40.68584786","longitude":"-73.65213781","outbound_title":"To West Hempstead","inbound_title":"To Jamaica & New York","zone":"4","station_url":{"url":"https://www.mta.info/stations/lakeview"},"parking_map_url":{"url":"https://www.mta.info/document/115996"},"accessibility":"FULL",":@computed_region_yamh_8v7k":"62",":@computed_region_wbg7_3whc":"1457",":@computed_region_kjdx_g34t":"2094"}},
{"type":"Feature","geometry":{"type":"Point","coordinates":[-73.29336195,40.76954088]},"properties":{":id":"row-x832~yc8f-hckd",":version":"rv-bsyn-2w64-mnim",":created_at":"2025-11-26T11:58:21.834Z",":updated_at":"2025-11-26T11:58:23.211Z","railroad":"LIRR","code":"DPK","station_name":"Deer Park","branch":"Ronkonkoma","latitude":"40.76954088","longitude":"-73.29336195","outbound_title":"To Ronkonkoma & Points East","inbound_title":"To Jamaica & New York","zone":"9","station_url":{"url":"https://www.mta.info/stations/deer-park"},"parking_map_url":{"url":"https://www.mta.info/document/113706"},"accessibility":"FULL",":@computed_region_yamh_8v7k":"1019",":@computed_region_wbg7_3whc":"1110",":@computed_region_kjdx_g34t":"2179"}},
{"type":"Feature","geometry":{"type":"Point","coordinates":[-73.71648547,40.72221816]},"properties":{":id":"row-2f42~ev65-cm9h",":version":"rv-tzts~jsze~8ghh",":created_at":"2025-11-26T11:58:21.834Z",":updated_at":"2025-11-26T11:58:23.211Z","railroad":"LIRR","code":"BRS","station_name":"Bellerose","branch":"Hempstead","latitude":"40.72221816","longitude":"-73.71648547","outbound_title":"To Points East","inbound_title":"To Jamaica & New York","zone":"4","station_url":{"url":"https://www.mta.info/stations/bellerose"},"parking_map_url":{"url":"https://www.mta.info/document/113636"},"accessibility":"NONE",":@computed_region_yamh_8v7k":"62",":@computed_region_wbg7_3whc":"859",":@computed_region_kjdx_g34t":"2094"}},
{"type":"Feature","geometry":{"type":"Point","coordinates":[-73.517706,41.089039]},"properties":{":id":"row-g2wz.5emt_4jgc",":version":"rv-g6r3.6h8y-u29v",":created_at":"2025-11-26T11:58:21.834Z",":updated_at":"2025-11-26T11:58:23.211Z","railroad":"MNR","code":"3SD","station_name":"Springdale","branch":"New Canaan","latitude":"41.089039","longitude":"-73.517706","outbound_title":"To New Canaan","inbound_title":"To Stamford & New York","zone":"31","station_url":{"url":"https://www.mta.info/stations/springdale"},"parking_map_url":null,"accessibility":"FULL",":@computed_region_yamh_8v7k":null,":@computed_region_wbg7_3whc":null,":@computed_region_kjdx_g34t":"1040"}},
{"type":"Feature","geometry":{"type":"Point","coordinates":[-73.64170188,40.77198286]},"properties":{":id":"row-6y7c.9qps.b579",":version":"rv-mkhu-vvh9-8e8p",":created_at":"2025-11-26T11:58:21.834Z",":updated_at":"2025-11-26T11:58:23.211Z","railroad":"LIRR","code":"ABT","station_name":"Albertson","branch":"Oyster Bay","latitude":"40.77198286","longitude":"-73.64170188","outbound_title":"To Oyster Bay","inbound_title":"To Jamaica & New York","zone":"7","station_url":{"url":"https://www.mta.info/stations/albertson"},"parking_map_url":{"url":"https://www.mta.info/document/97971"},"accessibility":"FULL",":@computed_region_yamh_8v7k":"60",":@computed_region_wbg7_3whc":"1266",":@computed_region_kjdx_g34t":"2094"}},
{"type":"Feature","geometry":{"type":"Point","coordinates":[-73.83092566,40.70970443]},"properties":{":id":"row-8h7y~yhm8_gdj9",":version":"rv-rc99_nt7x.vkhc",":created_at":"2025-11-26T11:58:21.834Z",":updated_at":"2025-11-26T11:58:23.211Z","railroad":"LIRR","code":"KGN","station_name":"Kew Gardens","branch":"City Terminal Zone","latitude":"40.70970443","longitude":"-73.83092566","outbound_title":"To Jamaica & Points East","inbound_title":"To New York","zone":"1","station_url":{"url":"https://www.mta.info/stations/kew-gardens"},"parking_map_url":{"url":"https://www.mta.info/document/115981"},"accessibility":"NONE",":@computed_region_yamh_8v7k":"196",":@computed_region_wbg7_3whc":"1162",":@computed_region_kjdx_g34t":"2137"}},
{"type":"Feature","geometry":{"type":"Point","coordinates":[-73.5288878,40.66883214]},"properties":{":id":"row-kqfm-89v9_4rfb",":version":"rv-mut2~spfy_3acw",":created_at":"2025-11-26T11:58:21.834Z",":updated_at":"2025-11-26T11:58:23.211Z","railroad":"LIRR","code":"BMR","station_name":"Bellmore","branch":"Babylon","latitude":"40.66883214","longitude":"-73.5288878","outbound_title":"To Babylon & Points East","inbound_title":"To Jamaica & New York","zone":"7","station_url":{"url":"https://www.mta.info/stations/bellmore"},"parking_map_url":{"url":"https://www.mta.info/document/113641"},"accessibility":"FULL",":@computed_region_yamh_8v7k":"62",":@computed_region_wbg7_3whc":"1069",":@computed_region_kjdx_g34t":"2094"}},
{"type":"Feature","geometry":{"type":"Point","coordinates":[-73.24324865,40.78092582]},"properties":{":id":"row-99ds_9jfz-ex8m",":version":"rv-t5jp~29cu_n93k",":created_at":"2025-11-26T11:58:21.834Z",":updated_at":"2025-11-26T11:58:23.211Z","railroad":"LIRR","code":"BWD","station_name":"Brentwood","branch":"Ronkonkoma","latitude":"40.78092582","longitude":"-73.24324865","outbound_title":"To Ronkonkoma & Points East","inbound_title":"To Jamaica & New York","zone":"10","station_url":{"url":"https://www.mta.info/stations/brentwood"},"parking_map_url":{"url":"https://www.mta.info/document/113656"},"accessibility":"FULL",":@computed_region_yamh_8v7k":"1019",":@computed_region_wbg7_3whc":"1074",":@computed_region_kjdx_g34t":"2179"}},
{"type":"Feature","geometry":{"type":"Point","coordinates":[-73.83107007,40.75802098]},"properties":{":id":"row-8d6x_4cgc.4zsx",":version":"rv-udgi~srba~rvcx",":created_at":"2025-11-26T11:58:21.834Z",":updated_at":"2025-11-26T11:58:23.211Z","railroad":"LIRR","code":"FLS","station_name":"Flushing Main Street","branch":"Port Washington","latitude":"40.75802098","longitude":"-73.83107007","outbound_title":"To Great Neck & Port Washington","inbound_title":"To New York","zone":"3","station_url":{"url":"https://www.mta.info/stations/flushing-main-street"},"parking_map_url":{"url":"https://www.mta.info/document/113756"},"accessibility":"FULL",":@computed_region_yamh_8v7k":"196",":@computed_region_wbg7_3whc":"825",":@computed_region_kjdx_g34t":"2137"}},
{"type":"Feature","geometry":{"type":"Point","coordinates":[-73.53386679,40.87532191]},"properties":{":id":"row-hite_rz29.2k7w",":version":"rv-8cfr~7t32-g5jz",":created_at":"2025-11-26T11:58:21.834Z",":updated_at":"2025-11-26T11:58:23.211Z","railroad":"LIRR","code":"OBY","station_name":"Oyster Bay","branch":"Oyster Bay","latitude":"40.87532191","longitude":"-73.53386679","outbound_title":"Arrivals","inbound_title":"Departures","zone":"7","station_url":{"url":"https://www.mta.info/stations/oyster-bay"},"parking_map_url":{"url":"https://www.mta.info/document/117356"},"accessibility":"FULL",":@computed_region_yamh_8v7k":"59",":@computed_region_wbg7_3whc":"1321",":@computed_region_kjdx_g34t":"2094"}},
{"type":"Feature","geometry":{"type":"Point","coordinates":[-73.840376,40.92626]},"properties":{":id":"row-vjhf-ymdp.uzf9",":version":"rv-uwe2.ryxs~mmwm",":created_at":"2025-11-26T11:58:21.834Z",":updated_at":"2025-11-26T11:58:23.211Z","railroad":"MNR","code":"1FW","station_name":"Fleetwood","branch":"Harlem","latitude":"40.92626","longitude":"-73.840376","outbound_title":"To White Plains, Southeast, & Wassaic","inbound_title":"To New York","zone":"3","station_url":{"url":"https://www.mta.info/stations/fleetwood"},"parking_map_url":null,"accessibility":"FULL",":@computed_region_yamh_8v7k":"962",":@computed_region_wbg7_3whc":"1329",":@computed_region_kjdx_g34t":"2185"}},
{"type":"Feature","geometry":{"type":"Point","coordinates":[-73.01557613,40.76189444]},"properties":{":id":"row-fh57_3h64.jhcx",":version":"rv-fd3p_8sjg_kstz",":created_at":"2025-11-26T11:58:21.834Z",":updated_at":"2025-11-26T11:58:23.211Z","railroad":"LIRR","code":"PGE","station_name":"Patchogue","branch":"Montauk","latitude":"40.76189444","longitude":"-73.01557613","outbound_title":"To Speonk, & Montauk","inbound_title":"To Jamaica & New York","zone":"10","station_url":{"url":"https://www.mta.info/stations/patchogue"},"parking_map_url":{"url":"https://www.mta.info/document/117361"},"accessibility":"FULL",":@computed_region_yamh_8v7k":"1022",":@computed_region_wbg7_3whc":"1322",":@computed_region_kjdx_g34t":"2179"}},
{"type":"Feature","geometry":{"type":"Point","coordinates":[-73.923241,41.247081]},"properties":{":id":"row-r7m4_4ajb.knix",":version":"rv-yhvp-58s5-8rxg",":created_at":"2025-11-26T11:58:21.834Z",":updated_at":"2025-11-26T11:58:23.211Z","railroad":"MNR","code":"0CT","station_name":"Cortlandt","branch":"Hudson","latitude":"41.247081","longitude":"-73.923241","outbound_title":"To Poughkeepsie","inbound_title":"To Croton-Harmon & New York","zone":"6","station_url":{"url":"https://www.mta.info/stations/cortlandt"},"parking_map_url":null,"accessibility":"FULL",":@computed_region_yamh_8v7k":"976",":@computed_region_wbg7_3whc":"1327",":@computed_region_kjdx_g34t":"2185"}},
{"type":"Feature","geometry":{"type":"Point","coordinates":[-73.571759,41.637294]},"properties":{":id":"row-rerd-aaqk_jqav",":version":"rv-5tb8_c2uc-uva5",":created_at":"2025-11-26T11:58:21.834Z",":updated_at":"2025-11-26T11:58:23.211Z","railroad":"MNR","code":"1WI","station_name":"Harlem Valley-Wingdale","branch":"Wassaic","latitude":"41.637294","longitude":"-73.571759","outbound_title":"To Wassaic","inbound_title":"To Southeast, White Plains, & New York","zone":"9","station_url":{"url":"https://www.mta.info/stations/harlem-valley-wingdale"},"parking_map_url":null,"accessibility":"FULL",":@computed_region_yamh_8v7k":"598",":@computed_region_wbg7_3whc":"1020",":@computed_region_kjdx_g34t":"2040"}},
{"type":"Feature","geometry":{"type":"Point","coordinates":[-72.921768,41.304993]},"properties":{":id":"row-82ut_jsc7.9a5z",":version":"rv-cdmn~wn4w-gh6t",":created_at":"2025-11-26T11:58:21.834Z",":updated_at":"2025-11-26T11:58:23.211Z","railroad":"MNR","code":"2SS","station_name":"New Haven-State St","branch":"New Haven","latitude":"41.304993","longitude":"-72.921768","outbound_title":"Arrivals","inbound_title":"Departures","zone":"21","station_url":{"url":"https://www.mta.info/stations/new-haven-state-street"},"parking_map_url":null,"accessibility":"FULL",":@computed_region_yamh_8v7k":null,":@computed_region_wbg7_3whc":null,":@computed_region_kjdx_g34t":"1044"}},
{"type":"Feature","geometry":{"type":"Point","coordinates":[-73.58234056,40.65749664]},"properties":{":id":"row-u6vm_q7aw~fppq",":version":"rv-fizg-3xgr_yxu8",":created_at":"2025-11-26T11:58:21.834Z",":updated_at":"2025-11-26T11:58:23.211Z","railroad":"LIRR","code":"FPT","station_name":"Freeport","branch":"Babylon","latitude":"40.65749664","longitude":"-73.58234056","outbound_title":"To Babylon & Points East","inbound_title":"To Jamaica & New York","zone":"7","station_url":{"url":"https://www.mta.info/stations/freeport"},"parking_map_url":{"url":"https://www.mta.info/document/113761"},"accessibility":"FULL",":@computed_region_yamh_8v7k":"62",":@computed_region_wbg7_3whc":"1356",":@computed_region_kjdx_g34t":"2094"}},
{"type":"Feature","geometry":{"type":"Point","coordinates":[-73.588057,41.592875]},"properties":{":id":"row-jmu9~jcth.yy4c",":version":"rv-jn9i-qvvb_vj3p",":created_at":"2025-11-26T11:58:21.834Z",":updated_at":"2025-11-26T11:58:23.211Z","railroad":"MNR","code":"1AT","station_name":"Appalachian Trail","branch":"Wassaic","latitude":"41.592875","longitude":"-73.588057","outbound_title":"To Wassaic","inbound_title":"To Southeast, White Plains, & New York","zone":"8","station_url":{"url":"https://www.mta.info/stations/appalachian-trail"},"parking_map_url":null,"accessibility":"NONE",":@computed_region_yamh_8v7k":"591",":@computed_region_wbg7_3whc":"999",":@computed_region_kjdx_g34t":"2040"}},
{"type":"Feature","geometry":{"type":"Point","coordinates":[-73.711039,40.969868]},"properties":{":id":"row-kxrd_t5as_94ge",":version":"rv-tmwm~t99s_jezx",":created_at":"2025-11-26T11:58:21.834Z",":updated_at":"2025-11-26T11:58:23.211Z","railroad":"MNR","code":"2HS","station_name":"Harrison","branch":"New Haven","latitude":"40.969868","longitude":"-73.711039","outbound_title":"To Stamford & New Haven","inbound_title":"To New York","zone":"13","station_url":{"url":"https://www.mta.info/stations/harrison"},"parking_map_url":null,"accessibility":"FULL",":@computed_region_yamh_8v7k":"973",":@computed_region_wbg7_3whc":"1249",":@computed_region_kjdx_g34t":"2185"}},
{"type":"Feature","geometry":{"type":"Point","coordinates":[-73.625776,41.021232]},"properties":{":id":"row-tesi_3v5x-5jqx",":version":"rv-cubs~3b7a_7sqn",":created_at":"2025-11-26T11:58:21.834Z",":updated_at":"2025-11-26T11:58:23.211Z","railroad":"MNR","code":"2GN","station_name":"Greenwich","branch":"New Haven","latitude":"41.021232","longitude":"-73.625776","outbound_title":"To Stamford & New Haven","inbound_title":"To New York","zone":"15","station_url":{"url":"https://www.mta.info/stations/greenwich"},"parking_map_url":null,"accessibility":"FULL",":@computed_region_yamh_8v7k":null,":@computed_region_wbg7_3whc":null,":@computed_region_kjdx_g34t":"1040"}},
{"type":"Feature","geometry":{"type":"Point","coordinates":[-73.32818209,40.88065582]},"properties":{":id":"row-62zp.kn72~dnyn",":version":"rv-58bz-ffgv.ntkh",":created_at":"2025-11-26T11:58:21.834Z",":updated_at":"2025-11-26T11:58:23.211Z","railroad":"LIRR","code":"NPT","station_name":"Northport","branch":"Port Jefferson","latitude":"40.88065582","longitude":"-73.32818209","outbound_title":"To Port Jefferson","inbound_title":"To Jamaica & New York","zone":"9","station_url":{"url":"https://www.mta.info/stations/northport"},"parking_map_url":{"url":"https://www.mta.info/document/116161"},"accessibility":"FULL",":@computed_region_yamh_8v7k":"1020",":@computed_region_wbg7_3whc":"1112",":@computed_region_kjdx_g34t":"2179"}},
{"type":"Feature","geometry":{"type":"Point","coordinates":[-73.36928389,40.68828515]},"properties":{":id":"row-qgbd-ee93_pdjv",":version":"rv-eybz-akq3~js36",":created_at":"2025-11-26T11:58:21.834Z",":updated_at":"2025-11-26T11:58:23.211Z","railroad":"LIRR","code":"LHT","station_name":"Lindenhurst","branch":"Babylon","latitude":"40.68828515","longitude":"-73.36928389","outbound_title":"To Babylon & Points East","inbound_title":"To Jamaica & New York","zone":"9","station_url":{"url":"https://www.mta.info/stations/lindenhurst"},"parking_map_url":{"url":"https://www.mta.info/document/116011"},"accessibility":"FULL",":@computed_region_yamh_8v7k":"1023",":@computed_region_wbg7_3whc":"1241",":@computed_region_kjdx_g34t":"2179"}},
{"type":"Feature","geometry":{"type":"Point","coordinates":[-73.77492,41.15816]},"properties":{":id":"row-3t4a.uwxz_bazp",":version":"rv-6pzf~u7xi~fa9m",":created_at":"2025-11-26T11:58:21.834Z",":updated_at":"2025-11-26T11:58:23.211Z","railroad":"MNR","code":"1CQ","station_name":"Chappaqua","branch":"Harlem","latitude":"41.15816","longitude":"-73.77492","outbound_title":"To Southeast & Wassaic","inbound_title":"To White Plains & New York","zone":"5","station_url":{"url":"https://www.mta.info/stations/chappaqua"},"parking_map_url":null,"accessibility":"FULL",":@computed_region_yamh_8v7k":"961",":@computed_region_wbg7_3whc":"1202",":@computed_region_kjdx_g34t":"2185"}},
{"type":"Feature","geometry":{"type":"Point","coordinates":[-73.7018338,40.64920962]},"properties":{":id":"row-ki4h-nsiw-dz8y",":version":"rv-ibfz.iyhe_yq92",":created_at":"2025-11-26T11:58:21.834Z",":updated_at":"2025-11-26T11:58:23.211Z","railroad":"LIRR","code":"GBN","station_name":"Gibson","branch":"Far Rockaway","latitude":"40.64920962","longitude":"-73.7018338","outbound_title":"To Far Rockaway","inbound_title":"To Jamaica & New York","zone":"4","station_url":{"url":"https://www.mta.info/stations/gibson"},"parking_map_url":{"url":"https://www.mta.info/document/115796"},"accessibility":"FULL",":@computed_region_yamh_8v7k":"62",":@computed_region_wbg7_3whc":"996",":@computed_region_kjdx_g34t":"2094"}},
{"type":"Feature","geometry":{"type":"Point","coordinates":[-73.913482,40.905213]},"properties":{":id":"row-t2ef.8qfq.zwtp",":version":"rv-wg6u~2vhz-qr92",":created_at":"2025-11-26T11:58:21.834Z",":updated_at":"2025-11-26T11:58:23.211Z","railroad":"MNR","code":"0RV","station_name":"Riverdale","branch":"Hudson","latitude":"40.905213","longitude":"-73.913482","outbound_title":"To Croton-Harmon & Poughkeepsie","inbound_title":"To New York","zone":"2","station_url":{"url":"https://www.mta.info/stations/riverdale"},"parking_map_url":null,"accessibility":"FULL",":@computed_region_yamh_8v7k":"307",":@computed_region_wbg7_3whc":"708",":@computed_region_kjdx_g34t":"2032"}},
{"type":"Feature","geometry":{"type":"Point","coordinates":[-72.53602739,40.99178973]},"properties":{":id":"row-icrm-byg6-rzgu",":version":"rv-44zm-fwhf~9jd2",":created_at":"2025-11-26T11:58:21.834Z",":updated_at":"2025-11-26T11:58:23.211Z","railroad":"LIRR","code":"MAK","station_name":"Mattituck","branch":"Greenport","latitude":"40.99178973","longitude":"-72.53602739","outbound_title":"To Greenport","inbound_title":"To Jamaica & New York","zone":"14","station_url":{"url":"https://www.mta.info/stations/mattituck"},"parking_map_url":{"url":"https://www.mta.info/document/115881"},"accessibility":"FULL",":@computed_region_yamh_8v7k":"1012",":@computed_region_wbg7_3whc":"1635",":@computed_region_kjdx_g34t":"2179"}},
{"type":"Feature","geometry":{"type":"Point","coordinates":[-73.970419,41.3326]},"properties":{":id":"row-wi4h-qqr5.f2bz",":version":"rv-hbbr.qp82_qize",":created_at":"2025-11-26T11:58:21.834Z",":updated_at":"2025-11-26T11:58:23.211Z","railroad":"MNR","code":"0MN","station_name":"Manitou","branch":"Hudson","latitude":"41.3326","longitude":"-73.970419","outbound_title":"To Poughkeepsie","inbound_title":"To Croton-Harmon & New York","zone":"7","station_url":{"url":"https://www.mta.info/stations/manitou"},"parking_map_url":null,"accessibility":"NONE",":@computed_region_yamh_8v7k":"100",":@computed_region_wbg7_3whc":"1246",":@computed_region_kjdx_g34t":"627"}},
{"type":"Feature","geometry":{"type":"Point","coordinates":[-73.70605881,40.72465747]},"properties":{":id":"row-mznx-d5qg.izxe",":version":"rv-ktcr~2qjh_5ufd",":created_at":"2025-11-26T11:58:21.834Z",":updated_at":"2025-11-26T11:58:23.211Z","railroad":"LIRR","code":"FPK","station_name":"Floral Park","branch":"Hempstead","latitude":"40.72465747","longitude":"-73.70605881","outbound_title":"To Points East","inbound_title":"To Jamaica & New York","zone":"4","station_url":{"url":"https://www.mta.info/stations/floral-park"},"parking_map_url":{"url":"https://www.mta.info/document/113746"},"accessibility":"FULL",":@computed_region_yamh_8v7k":"62",":@computed_region_wbg7_3whc":"859",":@computed_region_kjdx_g34t":"2094"}},
{"type":"Feature","geometry":{"type":"Point","coordinates":[-73.079965,41.344166]},"properties":{":id":"row-sqvu~9xdv-wft9",":version":"rv-vkw4~cp6m_cxb3",":created_at":"2025-11-26T11:58:21.834Z",":updated_at":"2025-11-26T11:58:23.211Z","railroad":"MNR","code":"5AN","station_name":"Ansonia","branch":"Waterbury","latitude":"41.344166","longitude":"-73.079965","outbound_title":"To Waterbury","inbound_title":"To Bridgeport, Stamford, & New York","zone":"51","station_url":{"url":"https://www.mta.info/stations/ansonia"},"parking_map_url":null,"accessibility":"NONE",":@computed_region_yamh_8v7k":null,":@computed_region_wbg7_3whc":null,":@computed_region_kjdx_g34t":"1044"}},
{"type":"Feature","geometry":{"type":"Point","coordinates":[-73.66390628,40.64828328]},"properties":{":id":"row-tt7a_2ct5~p6rr",":version":"rv-ws2h_nnx9-9hkc",":created_at":"2025-11-26T11:58:21.834Z",":updated_at":"2025-11-26T11:58:23.211Z","railroad":"LIRR","code":"CAV","station_name":"Centre Av","branch":"Long Beach","latitude":"40.64828328","longitude":"-73.66390628","outbound_title":"To Long Beach","inbound_title":"To Jamaica & New York","zone":"7","station_url":{"url":"https://www.mta.info/stations/centre-avenue"},"parking_map_url":{"url":"https://www.mta.info/document/113686"},"accessibility":"FULL",":@computed_region_yamh_8v7k":"62",":@computed_region_wbg7_3whc":"1355",":@computed_region_kjdx_g34t":"2094"}},
{"type":"Feature","geometry":{"type":"Point","coordinates":[-73.541732,41.046938]},"properties":{":id":"row-br3c_w4c4~xc8r",":version":"rv-cv9i_yrxh~budc",":created_at":"2025-11-26T11:58:21.834Z",":updated_at":"2025-11-26T11:58:23.211Z","railroad":"MNR","code":"2SM","station_name":"Stamford","branch":"New Haven","latitude":"41.046938","longitude":"-73.541732","outbound_title":"To New Haven & New Canaan","inbound_title":"To New York","zone":"16","station_url":{"url":"https://www.mta.info/stations/stamford"},"parking_map_url":null,"accessibility":"FULL",":@computed_region_yamh_8v7k":null,":@computed_region_wbg7_3whc":null,":@computed_region_kjdx_g34t":"1040"}},
{"type":"Feature","geometry":{"type":"Point","coordinates":[-72.91585513,40.82561542]},"properties":{":id":"row-xwbs_8dhf~n2pr",":version":"rv-22va.pnhs.5na7",":created_at":"2025-11-26T11:58:21.834Z",":updated_at":"2025-11-26T11:58:23.211Z","railroad":"LIRR","code":"YPK","station_name":"Yaphank","branch":"Greenport","latitude":"40.82561542","longitude":"-72.91585513","outbound_title":"To Greenport","inbound_title":"To Jamaica & New York","zone":"12","station_url":{"url":"https://www.mta.info/stations/yaphank"},"parking_map_url":{"url":"https://www.mta.info/document/116136"},"accessibility":"FULL",":@computed_region_yamh_8v7k":"1022",":@computed_region_wbg7_3whc":"1139",":@computed_region_kjdx_g34t":"2179"}},
{"type":"Feature","geometry":{"type":"Point","coordinates":[-73.938107,41.707104]},"properties":{":id":"row-bxqb.9hur_kv6g",":version":"rv-mfxm-pngp.d5ek",":created_at":"2025-11-26T11:58:21.834Z",":updated_at":"2025-11-26T11:58:23.211Z","railroad":"MNR","code":"0PO","station_name":"Poughkeepsie","branch":"Hudson","latitude":"41.707104","longitude":"-73.938107","outbound_title":"Arrivals","inbound_title":"Departures","zone":"9","station_url":{"url":"https://www.mta.info/stations/poughkeepsie"},"parking_map_url":null,"accessibility":"FULL",":@computed_region_yamh_8v7k":"588",":@computed_region_wbg7_3whc":"1021",":@computed_region_kjdx_g34t":"2040"}},
{"type":"Feature","geometry":{"type":"Point","coordinates":[-73.587708,41.031607]},"properties":{":id":"row-udyk_5jww-y27x",":version":"rv-r8z5-4jhp~w6tz",":created_at":"2025-11-26T11:58:21.834Z",":updated_at":"2025-11-26T11:58:23.211Z","railroad":"MNR","code":"2RS","station_name":"Riverside","branch":"New Haven","latitude":"41.031607","longitude":"-73.587708","outbound_title":"To Stamford & New Haven","inbound_title":"To New York","zone":"15","station_url":{"url":"https://www.mta.info/stations/riverside"},"parking_map_url":null,"accessibility":"PARTIAL",":@computed_region_yamh_8v7k":null,":@computed_region_wbg7_3whc":null,":@computed_region_kjdx_g34t":"1040"}},
{"type":"Feature","geometry":{"type":"Point","coordinates":[-73.74414216,40.61229499]},"properties":{":id":"row-epg4~rf2f.rkhe",":version":"rv-89s8_si9q_3btc",":created_at":"2025-11-26T11:58:21.834Z",":updated_at":"2025-11-26T11:58:23.211Z","railroad":"LIRR","code":"IWD","station_name":"Inwood","branch":"Far Rockaway","latitude":"40.61229499","longitude":"-73.74414216","outbound_title":"To Far Rockaway","inbound_title":"To Jamaica & New York","zone":"4","station_url":{"url":"https://www.mta.info/stations/inwood"},"parking_map_url":{"url":"https://www.mta.info/document/115936"},"accessibility":"FULL",":@computed_region_yamh_8v7k":"62",":@computed_region_wbg7_3whc":"1563",":@computed_region_kjdx_g34t":"2094"}},
{"type":"Feature","geometry":{"type":"Point","coordinates":[-73.46898478,40.67696852]},"properties":{":id":"row-2ek7_5pkv.u3vk",":version":"rv-mgg4~953j_9hqy",":created_at":"2025-11-26T11:58:21.834Z",":updated_at":"2025-11-26T11:58:23.211Z","railroad":"LIRR","code":"MQA","station_name":"Massapequa","branch":"Babylon","latitude":"40.67696852","longitude":"-73.46898478","outbound_title":"To Babylon & Points East","inbound_title":"To Jamaica & New York","zone":"7","station_url":{"url":"https://www.mta.info/stations/massapequa"},"parking_map_url":{"url":"https://www.mta.info/document/115816"},"accessibility":"FULL",":@computed_region_yamh_8v7k":"59",":@computed_region_wbg7_3whc":"1242",":@computed_region_kjdx_g34t":"2094"}},
{"type":"Feature","geometry":{"type":"Point","coordinates":[-73.047065,41.554447]},"properties":{":id":"row-eg2f~9nfd~vgyd",":version":"rv-trd2_8yxa-n9jd",":created_at":"2025-11-26T11:58:21.834Z",":updated_at":"2025-11-26T11:58:23.211Z","railroad":"MNR","code":"5WB","station_name":"Waterbury","branch":"Waterbury","latitude":"41.554447","longitude":"-73.047065","outbound_title":"Arrivals","inbound_title":"Departures","zone":"51","station_url":{"url":"https://www.mta.info/stations/waterbury"},"parking_map_url":null,"accessibility":"FULL",":@computed_region_yamh_8v7k":null,":@computed_region_wbg7_3whc":null,":@computed_region_kjdx_g34t":"1044"}},
{"type":"Feature","geometry":{"type":"Point","coordinates":[-73.783894,40.911473]},"properties":{":id":"row-n7yc~pzv2_8rjp",":version":"rv-96gu.e25p-2qub",":created_at":"2025-11-26T11:58:21.834Z",":updated_at":"2025-11-26T11:58:23.211Z","railroad":"MNR","code":"2NR","station_name":"New Rochelle","branch":"New Haven","latitude":"40.911473","longitude":"-73.783894","outbound_title":"To Stamford & New Haven","inbound_title":"To New York","zone":"12","station_url":{"url":"https://www.mta.info/stations/new-rochelle"},"parking_map_url":null,"accessibility":"FULL",":@computed_region_yamh_8v7k":"960",":@computed_region_wbg7_3whc":"1450",":@computed_region_kjdx_g34t":"2185"}},
{"type":"Feature","geometry":{"type":"Point","coordinates":[-73.865029,41.075714]},"properties":{":id":"row-abyn-4g3y_izgw",":version":"rv-ethc-4x7i~j497",":created_at":"2025-11-26T11:58:21.834Z",":updated_at":"2025-11-26T11:58:23.211Z","railroad":"MNR","code":"0TT","station_name":"Tarrytown","branch":"Hudson","latitude":"41.075714","longitude":"-73.865029","outbound_title":"To Croton-Harmon & Poughkeepsie","inbound_title":"To New York","zone":"5","station_url":{"url":"https://www.mta.info/stations/tarrytown"},"parking_map_url":null,"accessibility":"FULL",":@computed_region_yamh_8v7k":"974",":@computed_region_wbg7_3whc":"1347",":@computed_region_kjdx_g34t":"2185"}},
{"type":"Feature","geometry":{"type":"Point","coordinates":[-73.6394629,40.75629024]},"properties":{":id":"row-njqc~f6my~6kqc",":version":"rv-f3f6.rbzt_9mrb",":created_at":"2025-11-26T11:58:21.834Z",":updated_at":"2025-11-26T11:58:23.211Z","railroad":"LIRR","code":"EWN","station_name":"East Williston","branch":"Oyster Bay","latitude":"40.75629024","longitude":"-73.6394629","outbound_title":"To Oyster Bay","inbound_title":"To Jamaica & New York","zone":"4","station_url":{"url":"https://www.mta.info/stations/east-williston"},"parking_map_url":{"url":"https://www.mta.info/document/113726"},"accessibility":"FULL",":@computed_region_yamh_8v7k":"60",":@computed_region_wbg7_3whc":"998",":@computed_region_kjdx_g34t":"2094"}},
{"type":"Feature","geometry":{"type":"Point","coordinates":[-73.901741,40.936833]},"properties":{":id":"row-p82j_zzh4~m825",":version":"rv-knx7_irvf_xjzi",":created_at":"2025-11-26T11:58:21.834Z",":updated_at":"2025-11-26T11:58:23.211Z","railroad":"MNR","code":"0YK","station_name":"Yonkers","branch":"Hudson","latitude":"40.936833","longitude":"-73.901741","outbound_title":"To Croton-Harmon & Poughkeepsie","inbound_title":"To New York","zone":"3","station_url":{"url":"https://www.mta.info/stations/yonkers"},"parking_map_url":null,"accessibility":"FULL",":@computed_region_yamh_8v7k":"948",":@computed_region_wbg7_3whc":"1441",":@computed_region_kjdx_g34t":"2185"}},
{"type":"Feature","geometry":{"type":"Point","coordinates":[-73.65813416,40.64215213]},"properties":{":id":"row-t97p.w5h8-3ah8",":version":"rv-xh4s~d9cd-k6bu",":created_at":"2025-11-26T11:58:21.834Z",":updated_at":"2025-11-26T11:58:23.211Z","railroad":"LIRR","code":"ERY","station_name":"East Rockaway","branch":"Long Beach","latitude":"40.64215213","longitude":"-73.65813416","outbound_title":"To Long Beach","inbound_title":"To Jamaica & New York","zone":"7","station_url":{"url":"https://www.mta.info/stations/east-rockaway"},"parking_map_url":{"url":"https://www.mta.info/document/113721"},"accessibility":"FULL",":@computed_region_yamh_8v7k":"62",":@computed_region_wbg7_3whc":"1572",":@computed_region_kjdx_g34t":"2094"}},
{"type":"Feature","geometry":{"type":"Point","coordinates":[-73.52852279,40.7671451]},"properties":{":id":"row-qxnv_w3u7.bk6k",":version":"rv-2vfa_b9n3_w5ty",":created_at":"2025-11-26T11:58:21.834Z",":updated_at":"2025-11-26T11:58:23.211Z","railroad":"LIRR","code":"HVL","station_name":"Hicksville","branch":"Port Jefferson","latitude":"40.7671451","longitude":"-73.52852279","outbound_title":"To Points East","inbound_title":"To Jamaica & New York","zone":"7","station_url":{"url":"https://www.mta.info/stations/hicksville"},"parking_map_url":{"url":"https://www.mta.info/document/115916"},"accessibility":"FULL",":@computed_region_yamh_8v7k":"59",":@computed_region_wbg7_3whc":"1489",":@computed_region_kjdx_g34t":"2094"}},
{"type":"Feature","geometry":{"type":"Point","coordinates":[-73.600025,41.029753]},"properties":{":id":"row-2x3n_5wah.bb88",":version":"rv-jcj5.bjpd~zqeq",":created_at":"2025-11-26T11:58:21.834Z",":updated_at":"2025-11-26T11:58:23.211Z","railroad":"MNR","code":"2CC","station_name":"Cos Cob","branch":"New Haven","latitude":"41.029753","longitude":"-73.600025","outbound_title":"To Stamford & New Haven","inbound_title":"To New York","zone":"15","station_url":{"url":"https://www.mta.info/stations/cos-cob"},"parking_map_url":null,"accessibility":"PARTIAL",":@computed_region_yamh_8v7k":null,":@computed_region_wbg7_3whc":null,":@computed_region_kjdx_g34t":"1040"}},
{"type":"Feature","geometry":{"type":"Point","coordinates":[-73.68118344,40.66837883]},"properties":{":id":"row-ctx7~mizp~927m",":version":"rv-urjj.5f6d-rrud",":created_at":"2025-11-26T11:58:21.834Z",":updated_at":"2025-11-26T11:58:23.211Z","railroad":"LIRR","code":"WWD","station_name":"Westwood","branch":"West Hempstead","latitude":"40.66837883","longitude":"-73.68118344","outbound_title":"To West Hempstead","inbound_title":"To Jamaica & New York","zone":"4","station_url":{"url":"https://www.mta.info/stations/westwood"},"parking_map_url":{"url":"https://www.mta.info/document/116116"},"accessibility":"FULL",":@computed_region_yamh_8v7k":"62",":@computed_region_wbg7_3whc":"995",":@computed_region_kjdx_g34t":"2094"}},
{"type":"Feature","geometry":{"type":"Point","coordinates":[-73.576132,41.742751]},"properties":{":id":"row-86a7~ksbj.exkx",":version":"rv-ks2b-c2yv-d8y8",":created_at":"2025-11-26T11:58:21.834Z",":updated_at":"2025-11-26T11:58:23.211Z","railroad":"MNR","code":"1DO","station_name":"Dover Plains","branch":"Wassaic","latitude":"41.742751","longitude":"-73.576132","outbound_title":"To Wassaic","inbound_title":"To Southeast, White Plains, & New York","zone":"9","station_url":{"url":"https://www.mta.info/stations/dover-plains"},"parking_map_url":null,"accessibility":"FULL",":@computed_region_yamh_8v7k":"598",":@computed_region_wbg7_3whc":"966",":@computed_region_kjdx_g34t":"2040"}},
{"type":"Feature","geometry":{"type":"Point","coordinates":[-73.440573,41.266252]},"properties":{":id":"row-sep6-x2ve-qiv7",":version":"rv-q2q7.fkx6.y7vg",":created_at":"2025-11-26T11:58:21.834Z",":updated_at":"2025-11-26T11:58:23.211Z","railroad":"MNR","code":"4BV","station_name":"Branchville","branch":"Danbury","latitude":"41.266252","longitude":"-73.440573","outbound_title":"To Danbury","inbound_title":"To South Norwalk, Stamford, & New York","zone":"42","station_url":{"url":"https://www.mta.info/stations/branchville"},"parking_map_url":null,"accessibility":"FULL",":@computed_region_yamh_8v7k":null,":@computed_region_wbg7_3whc":null,":@computed_region_kjdx_g34t":"1040"}},
{"type":"Feature","geometry":{"type":"Point","coordinates":[-73.67603995,40.65615355]},"properties":{":id":"row-ijfe_gxmr~iksf",":version":"rv-9ium_9b5c-qnxz",":created_at":"2025-11-26T11:58:21.834Z",":updated_at":"2025-11-26T11:58:23.211Z","railroad":"LIRR","code":"LYN","station_name":"Lynbrook","branch":"Long Beach","latitude":"40.65615355","longitude":"-73.67603995","outbound_title":"To Points East","inbound_title":"To Jamaica & New York","zone":"4","station_url":{"url":"https://www.mta.info/stations/lynbrook"},"parking_map_url":{"url":"https://www.mta.info/document/117341"},"accessibility":"FULL",":@computed_region_yamh_8v7k":"62",":@computed_region_wbg7_3whc":"1566",":@computed_region_kjdx_g34t":"2094"}},
{"type":"Feature","geometry":{"type":"Point","coordinates":[-73.69983683,40.79674855]},"properties":{":id":"row-8f5k_pyxn-c8mp",":version":"rv-i3yw_mfph~mqur",":created_at":"2025-11-26T11:58:21.834Z",":updated_at":"2025-11-26T11:58:23.211Z","railroad":"LIRR","code":"MHT","station_name":"Manhasset","branch":"Port Washington","latitude":"40.79674855","longitude":"-73.69983683","outbound_title":"To Port Washington","inbound_title":"To New York","zone":"4","station_url":{"url":"https://www.mta.info/stations/manhasset"},"parking_map_url":{"url":"https://www.mta.info/document/115786"},"accessibility":"FULL",":@computed_region_yamh_8v7k":"60",":@computed_region_wbg7_3whc":"868",":@computed_region_kjdx_g34t":"2094"}},
{"type":"Feature","geometry":{"type":"Point","coordinates":[-73.906004,40.922588]},"properties":{":id":"row-uu8y~34vz_czzt",":version":"rv-nbsm~bmrn-258c",":created_at":"2025-11-26T11:58:21.834Z",":updated_at":"2025-11-26T11:58:23.211Z","railroad":"MNR","code":"0LU","station_name":"Ludlow","branch":"Hudson","latitude":"40.922588","longitude":"-73.906004","outbound_title":"To Croton-Harmon & Poughkeepsie","inbound_title":"To New York","zone":"3","station_url":{"url":"https://www.mta.info/stations/ludlow"},"parking_map_url":null,"accessibility":"NONE",":@computed_region_yamh_8v7k":"948",":@computed_region_wbg7_3whc":"1444",":@computed_region_kjdx_g34t":"2185"}},
{"type":"Feature","geometry":{"type":"Point","coordinates":[-73.882552,41.189518]},"properties":{":id":"row-tm6b-x9mb_ewc3",":version":"rv-3d46.fnci.xrgi",":created_at":"2025-11-26T11:58:21.834Z",":updated_at":"2025-11-26T11:58:23.211Z","railroad":"MNR","code":"0HM","station_name":"Croton-Harmon","branch":"Hudson","latitude":"41.189518","longitude":"-73.882552","outbound_title":"To Poughkeepsie","inbound_title":"To New York","zone":"5","station_url":{"url":"https://www.mta.info/stations/croton-harmon"},"parking_map_url":null,"accessibility":"FULL",":@computed_region_yamh_8v7k":"976",":@computed_region_wbg7_3whc":"1207",":@computed_region_kjdx_g34t":"2185"}},
{"type":"Feature","geometry":{"type":"Point","coordinates":[-73.42032085,40.68030257]},"properties":{":id":"row-6aj6_8bqp~7pxy",":version":"rv-598q.vrbv_2gp7",":created_at":"2025-11-26T11:58:21.834Z",":updated_at":"2025-11-26T11:58:23.211Z","railroad":"LIRR","code":"AVL","station_name":"Amityville","branch":"Babylon","latitude":"40.68030257","longitude":"-73.42032085","outbound_title":"To Babylon & Points East","inbound_title":"To Jamaica & New York","zone":"9","station_url":{"url":"https://www.mta.info/stations/amityville"},"parking_map_url":{"url":"https://www.mta.info/document/97966"},"accessibility":"FULL",":@computed_region_yamh_8v7k":"1023",":@computed_region_wbg7_3whc":"1032",":@computed_region_kjdx_g34t":"2179"}},
{"type":"Feature","geometry":{"type":"Point","coordinates":[-73.947561,41.586763]},"properties":{":id":"row-ydwh_rsdf.evbt",":version":"rv-xd8m~r7xv_qjtq",":created_at":"2025-11-26T11:58:21.834Z",":updated_at":"2025-11-26T11:58:23.211Z","railroad":"MNR","code":"0NM","station_name":"New Hamburg","branch":"Hudson","latitude":"41.586763","longitude":"-73.947561","outbound_title":"To Poughkeepsie","inbound_title":"To Croton-Harmon & New York","zone":"8","station_url":{"url":"https://www.mta.info/stations/new-hamburg"},"parking_map_url":null,"accessibility":"PARTIAL",":@computed_region_yamh_8v7k":"587",":@computed_region_wbg7_3whc":"1018",":@computed_region_kjdx_g34t":"2040"}},
{"type":"Feature","geometry":{"type":"Point","coordinates":[-73.36300289,40.8686237]},"properties":{":id":"row-92hd_te9g.v9c6",":version":"rv-82vn~4kvs~mg2y",":created_at":"2025-11-26T11:58:21.834Z",":updated_at":"2025-11-26T11:58:23.211Z","railroad":"LIRR","code":"GWN","station_name":"Greenlawn","branch":"Port Jefferson","latitude":"40.8686237","longitude":"-73.36300289","outbound_title":"To Port Jefferson","inbound_title":"To Jamaica & New York","zone":"9","station_url":{"url":"https://www.mta.info/stations/greenlawn"},"parking_map_url":{"url":"https://www.mta.info/document/115871"},"accessibility":"FULL",":@computed_region_yamh_8v7k":"1020",":@computed_region_wbg7_3whc":"1118",":@computed_region_kjdx_g34t":"2179"}},
{"type":"Feature","geometry":{"type":"Point","coordinates":[-73.58555905,40.75353783]},"properties":{":id":"row-yrtn~pzds-nzma",":version":"rv-j6en_t48e_69q9",":created_at":"2025-11-26T11:58:21.834Z",":updated_at":"2025-11-26T11:58:23.211Z","railroad":"LIRR","code":"WBY","station_name":"Westbury","branch":"Port Jefferson","latitude":"40.75353783","longitude":"-73.58555905","outbound_title":"To Points East","inbound_title":"To Jamaica & New York","zone":"7","station_url":{"url":"https://www.mta.info/stations/westbury"},"parking_map_url":{"url":"https://www.mta.info/document/116106"},"accessibility":"FULL",":@computed_region_yamh_8v7k":"60",":@computed_region_wbg7_3whc":"997",":@computed_region_kjdx_g34t":"2094"}},
{"type":"Feature","geometry":{"type":"Point","coordinates":[-73.13248255,40.74346488]},"properties":{":id":"row-atr9~a77h-ebzb",":version":"rv-vxuc.xvrc.tnrx",":created_at":"2025-11-26T11:58:21.834Z",":updated_at":"2025-11-26T11:58:23.211Z","railroad":"LIRR","code":"ODL","station_name":"Oakdale","branch":"Montauk","latitude":"40.74346488","longitude":"-73.13248255","outbound_title":"To Patchogue, Speonk, & Montauk","inbound_title":"To Jamaica & New York","zone":"10","station_url":{"url":"https://www.mta.info/stations/oakdale"},"parking_map_url":{"url":"https://www.mta.info/document/117346"},"accessibility":"FULL",":@computed_region_yamh_8v7k":"1019",":@computed_region_wbg7_3whc":"1319",":@computed_region_kjdx_g34t":"2179"}},
{"type":"Feature","geometry":{"type":"Point","coordinates":[-73.64087519,40.74035013]},"properties":{":id":"row-dfy4~6hne.s74s",":version":"rv-fw8e.pny8_w82x",":created_at":"2025-11-26T11:58:21.834Z",":updated_at":"2025-11-26T11:58:23.211Z","railroad":"LIRR","code":"MIN","station_name":"Mineola","branch":"Port Jefferson","latitude":"40.74035013","longitude":"-73.64087519","outbound_title":"To Points East","inbound_title":"To Jamaica & New York","zone":"4","station_url":{"url":"https://www.mta.info/stations/mineola"},"parking_map_url":{"url":"https://www.mta.info/document/116021"},"accessibility":"FULL",":@computed_region_yamh_8v7k":"60",":@computed_region_wbg7_3whc":"1265",":@computed_region_kjdx_g34t":"2094"}},
{"type":"Feature","geometry":{"type":"Point","coordinates":[-73.15934174,40.88228415]},"properties":{":id":"row-hihr.88gy~cb6u",":version":"rv-fzki_qw4i_b22f",":created_at":"2025-11-26T11:58:21.834Z",":updated_at":"2025-11-26T11:58:23.211Z","railroad":"LIRR","code":"SJM","station_name":"St. James","branch":"Port Jefferson","latitude":"40.88228415","longitude":"-73.15934174","outbound_title":"To Port Jefferson","inbound_title":"To Jamaica & New York","zone":"10","station_url":{"url":"https://www.mta.info/stations/st-james"},"parking_map_url":{"url":"https://www.mta.info/document/116071"},"accessibility":"FULL",":@computed_region_yamh_8v7k":"1014",":@computed_region_wbg7_3whc":"1422",":@computed_region_kjdx_g34t":"2179"}},
{"type":"Feature","geometry":{"type":"Point","coordinates":[-73.930168,40.825577]},"properties":{":id":"row-23er_cndn_htek",":version":"rv-x3vm_w7xv.8ks8",":created_at":"2025-11-26T11:58:21.834Z",":updated_at":"2025-11-26T11:58:23.211Z","railroad":"MNR","code":"0YS","station_name":"Yankees-E 153 St","branch":"Hudson","latitude":"40.825577","longitude":"-73.930168","outbound_title":"To Croton-Harmon & Poughkeepsie","inbound_title":"To New York","zone":"2","station_url":{"url":"https://www.mta.info/stations/yankees-e-153-st"},"parking_map_url":null,"accessibility":"FULL",":@computed_region_yamh_8v7k":"307",":@computed_region_wbg7_3whc":"647",":@computed_region_kjdx_g34t":"2095"}},
{"type":"Feature","geometry":{"type":"Point","coordinates":[-73.71370203,40.631336]},"properties":{":id":"row-275g~mudn~mmuw",":version":"rv-tbn3-jygi~j5rt",":created_at":"2025-11-26T11:58:21.834Z",":updated_at":"2025-11-26T11:58:23.211Z","railroad":"LIRR","code":"WMR","station_name":"Woodmere","branch":"Far Rockaway","latitude":"40.631336","longitude":"-73.71370203","outbound_title":"To Far Rockaway","inbound_title":"To Jamaica & New York","zone":"4","station_url":{"url":"https://www.mta.info/stations/woodmere"},"parking_map_url":{"url":"https://www.mta.info/document/116121"},"accessibility":"FULL",":@computed_region_yamh_8v7k":"62",":@computed_region_wbg7_3whc":"1026",":@computed_region_kjdx_g34t":"2094"}},
{"type":"Feature","geometry":{"type":"Point","coordinates":[-73.9770303,40.68445728]},"properties":{":id":"row-9k89~2ca5-m6zj",":version":"rv-qmnd~6ymw~tqjm",":created_at":"2025-11-26T11:58:21.834Z",":updated_at":"2025-11-26T11:58:23.211Z","railroad":"LIRR","code":"ATL","station_name":"Atlantic Terminal","branch":"City Terminal Zone","latitude":"40.68445728","longitude":"-73.9770303","outbound_title":"Departures","inbound_title":"Arrivals","zone":"1","station_url":{"url":"https://www.mta.info/stations/atlantic-terminal"},"parking_map_url":null,"accessibility":"FULL",":@computed_region_yamh_8v7k":"894",":@computed_region_wbg7_3whc":"895",":@computed_region_kjdx_g34t":"2090"}},
{"type":"Feature","geometry":{"type":"Point","coordinates":[-73.91512,40.82573]},"properties":{":id":"row-6s27-s9aq-ycn8",":version":"rv-4qgu_9wh3-ex8y",":created_at":"2025-11-26T11:58:21.834Z",":updated_at":"2025-11-26T11:58:23.211Z","railroad":"MNR","code":"1ML","station_name":"Melrose","branch":"Harlem","latitude":"40.82573","longitude":"-73.91512","outbound_title":"To White Plains, Southeast, & Wassaic","inbound_title":"To New York","zone":"2","station_url":{"url":"https://www.mta.info/stations/melrose"},"parking_map_url":null,"accessibility":"NONE",":@computed_region_yamh_8v7k":"307",":@computed_region_wbg7_3whc":"647",":@computed_region_kjdx_g34t":"2032"}},
{"type":"Feature","geometry":{"type":"Point","coordinates":[-73.90374759,40.67595024]},"properties":{":id":"row-g4t3_jyat_ty4m",":version":"rv-b5in~csnq-3c5z",":created_at":"2025-11-26T11:58:21.834Z",":updated_at":"2025-11-26T11:58:23.211Z","railroad":"LIRR","code":"ENY","station_name":"East New York","branch":"City Terminal Zone","latitude":"40.67595024","longitude":"-73.90374759","outbound_title":"To Jamaica & Points East","inbound_title":"To Atlantic Terminal","zone":"1","station_url":{"url":"https://www.mta.info/stations/east-new-york"},"parking_map_url":null,"accessibility":"NONE",":@computed_region_yamh_8v7k":"894",":@computed_region_wbg7_3whc":"816",":@computed_region_kjdx_g34t":"2090"}},
{"type":"Feature","geometry":{"type":"Point","coordinates":[-73.45112791,40.83562276]},"properties":{":id":"row-2av8~bzkr~ggsv",":version":"rv-t8er.sksk-yq9x",":created_at":"2025-11-26T11:58:21.834Z",":updated_at":"2025-11-26T11:58:23.211Z","railroad":"LIRR","code":"CSH","station_name":"Cold Spring Harbor","branch":"Port Jefferson","latitude":"40.83562276","longitude":"-73.45112791","outbound_title":"To Huntington & Port Jefferson","inbound_title":"To Jamaica & New York","zone":"9","station_url":{"url":"https://www.mta.info/stations/cold-spring-harbor"},"parking_map_url":{"url":"https://www.mta.info/document/113691"},"accessibility":"PARTIAL",":@computed_region_yamh_8v7k":"1020",":@computed_region_wbg7_3whc":"1120",":@computed_region_kjdx_g34t":"2179"}},
{"type":"Feature","geometry":{"type":"Point","coordinates":[-73.958173,41.415356]},"properties":{":id":"row-4ygz.qgcq.e58c",":version":"rv-9er5-en2g.hhbb",":created_at":"2025-11-26T11:58:21.834Z",":updated_at":"2025-11-26T11:58:23.211Z","railroad":"MNR","code":"0CS","station_name":"Cold Spring","branch":"Hudson","latitude":"41.415356","longitude":"-73.958173","outbound_title":"To Poughkeepsie","inbound_title":"To Croton-Harmon & New York","zone":"7","station_url":{"url":"https://www.mta.info/stations/cold-spring"},"parking_map_url":null,"accessibility":"FULL",":@computed_region_yamh_8v7k":"100",":@computed_region_wbg7_3whc":"1203",":@computed_region_kjdx_g34t":"627"}},
{"type":"Feature","geometry":{"type":"Point","coordinates":[-73.90300318,40.74582241]},"properties":{":id":"row-xt9x~wk8q~wecg",":version":"rv-i2t2~6cyx_vrjk",":created_at":"2025-11-26T11:58:21.834Z",":updated_at":"2025-11-26T11:58:23.211Z","railroad":"LIRR","code":"WDD","station_name":"Woodside","branch":"City Terminal Zone","latitude":"40.74582241","longitude":"-73.90300318","outbound_title":"To Points East","inbound_title":"To New York","zone":"1","station_url":{"url":"https://www.mta.info/stations/woodside"},"parking_map_url":null,"accessibility":"FULL",":@computed_region_yamh_8v7k":"196",":@computed_region_wbg7_3whc":"846",":@computed_region_kjdx_g34t":"2137"}},
{"type":"Feature","geometry":{"type":"Point","coordinates":[-73.50888771,40.673048]},"properties":{":id":"row-stmt-jxiw.82ej",":version":"rv-gnwy_enxc~yarz",":created_at":"2025-11-26T11:58:21.834Z",":updated_at":"2025-11-26T11:58:23.211Z","railroad":"LIRR","code":"WGH","station_name":"Wantagh","branch":"Babylon","latitude":"40.673048","longitude":"-73.50888771","outbound_title":"To Babylon & Points East","inbound_title":"To Jamaica & New York","zone":"7","station_url":{"url":"https://www.mta.info/stations/wantagh"},"parking_map_url":{"url":"https://www.mta.info/document/116091"},"accessibility":"FULL",":@computed_region_yamh_8v7k":"62",":@computed_region_wbg7_3whc":"1433",":@computed_region_kjdx_g34t":"2094"}},
{"type":"Feature","geometry":{"type":"Point","coordinates":[-73.16999864,40.74047982]},"properties":{":id":"row-2zqh_zrfc.ksjz",":version":"rv-ub84.fhth_zkzj",":created_at":"2025-11-26T11:58:21.834Z",":updated_at":"2025-11-26T11:58:23.211Z","railroad":"LIRR","code":"GRV","station_name":"Great River","branch":"Montauk","latitude":"40.74047982","longitude":"-73.16999864","outbound_title":"To Patchogue, Speonk, & Montauk","inbound_title":"To Jamaica & New York","zone":"10","station_url":{"url":"https://www.mta.info/stations/great-river"},"parking_map_url":{"url":"https://www.mta.info/document/115861"},"accessibility":"FULL",":@computed_region_yamh_8v7k":"1019",":@computed_region_wbg7_3whc":"1111",":@computed_region_kjdx_g34t":"2179"}},
{"type":"Feature","geometry":{"type":"Point","coordinates":[-73.808381,40.990035]},"properties":{":id":"row-jque.6vvs_7ram",":version":"rv-it9u-97i7~8uq3",":created_at":"2025-11-26T11:58:21.834Z",":updated_at":"2025-11-26T11:58:23.211Z","railroad":"MNR","code":"1SC","station_name":"Scarsdale","branch":"Harlem","latitude":"40.990035","longitude":"-73.808381","outbound_title":"To White Plains, Southeast, & Wassaic","inbound_title":"To New York","zone":"4","station_url":{"url":"https://www.mta.info/stations/scarsdale"},"parking_map_url":null,"accessibility":"FULL",":@computed_region_yamh_8v7k":"951",":@computed_region_wbg7_3whc":"1343",":@computed_region_kjdx_g34t":"2185"}},
{"type":"Feature","geometry":{"type":"Point","coordinates":[-73.05244768,40.93447575]},"properties":{":id":"row-4tdd.m9jv-474k",":version":"rv-w8ar_g967~h3c6",":created_at":"2025-11-26T11:58:21.834Z",":updated_at":"2025-11-26T11:58:23.211Z","railroad":"LIRR","code":"PJN","station_name":"Port Jefferson","branch":"Port Jefferson","latitude":"40.93447575","longitude":"-73.05244768","outbound_title":"Arrivals","inbound_title":"Departures","zone":"10","station_url":{"url":"https://www.mta.info/stations/port-jefferson"},"parking_map_url":{"url":"https://www.mta.info/document/117391"},"accessibility":"FULL",":@computed_region_yamh_8v7k":"1022",":@computed_region_wbg7_3whc":"1323",":@computed_region_kjdx_g34t":"2179"}},
{"type":"Feature","geometry":{"type":"Point","coordinates":[-73.74056395,40.77509929]},"properties":{":id":"row-yfba~5rnh_p4ui",":version":"rv-2vw3_3896~6nky",":created_at":"2025-11-26T11:58:21.834Z",":updated_at":"2025-11-26T11:58:23.211Z","railroad":"LIRR","code":"LNK","station_name":"Little Neck","branch":"Port Washington","latitude":"40.77509929","longitude":"-73.74056395","outbound_title":"To Great Neck & Port Washington","inbound_title":"To New York","zone":"3","station_url":{"url":"https://www.mta.info/stations/little-neck"},"parking_map_url":{"url":"https://www.mta.info/document/114196"},"accessibility":"FULL",":@computed_region_yamh_8v7k":"196",":@computed_region_wbg7_3whc":"833",":@computed_region_kjdx_g34t":"2137"}},
{"type":"Feature","geometry":{"type":"Point","coordinates":[-73.700337,41.237151]},"properties":{":id":"row-7m8r_iuxy~zgaf",":version":"rv-kwkb_sxi4-hv76",":created_at":"2025-11-26T11:58:21.834Z",":updated_at":"2025-11-26T11:58:23.211Z","railroad":"MNR","code":"1BH","station_name":"Bedford Hills","branch":"Harlem","latitude":"41.237151","longitude":"-73.700337","outbound_title":"To Southeast & Wassaic","inbound_title":"To White Plains & New York","zone":"6","station_url":{"url":"https://www.mta.info/stations/bedford-hills"},"parking_map_url":null,"accessibility":"FULL",":@computed_region_yamh_8v7k":"977",":@computed_region_wbg7_3whc":"1197",":@computed_region_kjdx_g34t":"2185"}},
{"type":"Feature","geometry":{"type":"Point","coordinates":[-73.851142,40.912023]},"properties":{":id":"row-fvch~qjkh_zzgb",":version":"rv-um2u_m89c~ephs",":created_at":"2025-11-26T11:58:21.834Z",":updated_at":"2025-11-26T11:58:23.211Z","railroad":"MNR","code":"1MW","station_name":"Mt Vernon West","branch":"Harlem","latitude":"40.912023","longitude":"-73.851142","outbound_title":"To White Plains, Southeast, & Wassaic","inbound_title":"To New York","zone":"3","station_url":{"url":"https://www.mta.info/stations/mt-vernon-west"},"parking_map_url":null,"accessibility":"FULL",":@computed_region_yamh_8v7k":"962",":@computed_region_wbg7_3whc":"1443",":@computed_region_kjdx_g34t":"2185"}},
{"type":"Feature","geometry":{"type":"Point","coordinates":[-73.758641,40.934343]},"properties":{":id":"row-qge7~hnsm-ft4k",":version":"rv-zqqw.xhm9.sryz",":created_at":"2025-11-26T11:58:21.834Z",":updated_at":"2025-11-26T11:58:23.211Z","railroad":"MNR","code":"2LA","station_name":"Larchmont","branch":"New Haven","latitude":"40.934343","longitude":"-73.758641","outbound_title":"To Stamford & New Haven","inbound_title":"To New York","zone":"13","station_url":{"url":"https://www.mta.info/stations/larchmont"},"parking_map_url":null,"accessibility":"FULL",":@computed_region_yamh_8v7k":"971",":@computed_region_wbg7_3whc":"1256",":@computed_region_kjdx_g34t":"2185"}},
{"type":"Feature","geometry":{"type":"Point","coordinates":[-73.61637968,40.86569288]},"properties":{":id":"row-9vzf~ji2c-j8a5",":version":"rv-g4i7-bvsn-ctz2",":created_at":"2025-11-26T11:58:21.834Z",":updated_at":"2025-11-26T11:58:23.211Z","railroad":"LIRR","code":"GCV","station_name":"Glen Cove","branch":"Oyster Bay","latitude":"40.86569288","longitude":"-73.61637968","outbound_title":"To Oyster Bay","inbound_title":"To Jamaica & New York","zone":"7","station_url":{"url":"https://www.mta.info/stations/glen-cove"},"parking_map_url":{"url":"https://www.mta.info/document/115811"},"accessibility":"FULL",":@computed_region_yamh_8v7k":"63",":@computed_region_wbg7_3whc":"1358",":@computed_region_kjdx_g34t":"2094"}}
] }
