{ "type": "FeatureCollection", "features": [
{"type":"Feature","geometry":{"type":"Point","coordinates":[-73.912034,40.775036]},"properties":{":id":"row-rzph.htyy-tdkk",":version":"rv-uxh7~p6sv_uqau",":created_at":"2025-11-26T05:12:28.340Z",":updated_at":"2025-11-26T05:12:33.910Z","gtfs_stop_id":"R01","station_id":"1","complex_id":"1","division":"BMT","line":"Astoria","stop_name":"Astoria-Ditmars Blvd","borough":"Q","cbd":"false","daytime_routes":"N W","structure":"Elevated","gtfs_latitude":"40.775036","gtfs_longitude":"-73.912034","north_direction_label":"Last Stop","south_direction_label":"Manhattan","ada":"0","ada_northbound":"0","ada_southbound":"0","ada_notes":null,":@computed_region_yamh_8v7k":"196",":@computed_region_wbg7_3whc":"877",":@computed_region_kjdx_g34t":"2137"}},
{"type":"Feature","geometry":{"type":"Point","coordinates":[-73.917843,40.770258]},"properties":{":id":"row-puwh~x9gx~qa35",":version":"rv-x7rs_3hta.frnu",":created_at":"2025-11-26T05:12:28.340Z",":updated_at":"2025-11-26T05:12:33.910Z","gtfs_stop_id":"R03","station_id":"2","complex_id":"2","division":"BMT","line":"Astoria","stop_name":"Astoria Blvd","borough":"Q","cbd":"false","daytime_routes":"N W","structure":"Elevated","gtfs_latitude":"40.770258","gtfs_longitude":"-73.917843","north_direction_label":"Astoria","south_direction_label":"Manhattan","ada":"1","ada_northbound":"1","ada_southbound":"1","ada_notes":null,":@computed_region_yamh_8v7k":"196",":@computed_region_wbg7_3whc":"874",":@computed_region_kjdx_g34t":"2137"}},
{"type":"Feature","geometry":{"type":"Point","coordinates":[-73.921479,40.766779]},"properties":{":id":"row-7zh2.bavk_95ai",":version":"rv-i5r8-s7ub.chwz",":created_at":"2025-11-26T05:12:28.340Z",":updated_at":"2025-11-26T05:12:33.910Z","gtfs_stop_id":"R04","station_id":"3","complex_id":"3","division":"BMT","line":"Astoria","stop_name":"30 Av","borough":"Q","cbd":"false","daytime_routes":"N W","structure":"Elevated","gtfs_latitude":"40.766779","gtfs_longitude":"-73.921479","north_direction_label":"Astoria","south_direction_label":"Manhattan","ada":"0","ada_northbound":"0","ada_southbound":"0","ada_notes":null,":@computed_region_yamh_8v7k":"196",":@computed_region_wbg7_3whc":"874",":@computed_region_kjdx_g34t":"2137"}},
{"type":"Feature","geometry":{"type":"Point","coordinates":[-73.925508,40.76182]},"properties":{":id":"row-m477~4ixp_tzxm",":version":"rv-r5ew~9hz4.52cx",":created_at":"2025-11-26T05:12:28.340Z",":updated_at":"2025-11-26T05:12:33.910Z","gtfs_stop_id":"R05","station_id":"4","complex_id":"4","division":"BMT","line":"Astoria","stop_name":"Broadway","borough":"Q","cbd":"false","daytime_routes":"N W","structure":"Elevated","gtfs_latitude":"40.76182","gtfs_longitude":"-73.925508","north_direction_label":"Astoria","south_direction_label":"Manhattan","ada":"0","ada_northbound":"0","ada_southbound":"0","ada_notes":null,":@computed_region_yamh_8v7k":"196",":@computed_region_wbg7_3whc":"878",":@computed_region_kjdx_g34t":"2137"}},
{"type":"Feature","geometry":{"type":"Point","coordinates":[-73.929575,40.756804]},"properties":{":id":"row-t3ka-wu9q.938d",":version":"rv-tybj~vsrj-2jvn",":created_at":"2025-11-26T05:12:28.340Z",":updated_at":"2025-11-26T05:12:33.910Z","gtfs_stop_id":"R06","station_id":"5","complex_id":"5","division":"BMT","line":"Astoria","stop_name":"36 Av","borough":"Q","cbd":"false","daytime_routes":"N W","structure":"Elevated","gtfs_latitude":"40.756804","gtfs_longitude":"-73.929575","north_direction_label":"Astoria","south_direction_label":"Manhattan","ada":"0","ada_northbound":"0","ada_southbound":"0","ada_notes":null,":@computed_region_yamh_8v7k":"196",":@computed_region_wbg7_3whc":"878",":@computed_region_kjdx_g34t":"2137"}},
{"type":"Feature","geometry":{"type":"Point","coordinates":[-73.932755,40.752882]},"properties":{":id":"row-u99t~pvb4_w6sh",":version":"rv-ah6c.vmxd-wqiw",":created_at":"2025-11-26T05:12:28.340Z",":updated_at":"2025-11-26T05:12:33.910Z","gtfs_stop_id":"R08","station_id":"6","complex_id":"6","division":"BMT","line":"Astoria","stop_name":"39 Av-Dutch Kills","borough":"Q","cbd":"false","daytime_routes":"N W","structure":"Elevated","gtfs_latitude":"40.752882","gtfs_longitude":"-73.932755","north_direction_label":"Astoria","south_direction_label":"Manhattan","ada":"0","ada_northbound":"0","ada_southbound":"0","ada_notes":null,":@computed_region_yamh_8v7k":"196",":@computed_region_wbg7_3whc":"873",":@computed_region_kjdx_g34t":"2137"}},
{"type":"Feature","geometry":{"type":"Point","coordinates":[-73.967258,40.76266]},"properties":{":id":"row-nf2q_k4df.6sia",":version":"rv-9sek.bsg8~t8bz",":created_at":"2025-11-26T05:12:28.340Z",":updated_at":"2025-11-26T05:12:33.910Z","gtfs_stop_id":"R11","station_id":"7","complex_id":"613","division":"BMT","line":"Astoria","stop_name":"Lexington Av/59 St","borough":"M","cbd":"true","daytime_routes":"N R W","structure":"Subway","gtfs_latitude":"40.76266","gtfs_longitude":"-73.967258","north_direction_label":"Queens","south_direction_label":"Downtown","ada":"0","ada_northbound":"0","ada_southbound":"0","ada_notes":null,":@computed_region_yamh_8v7k":"749",":@computed_region_wbg7_3whc":"749",":@computed_region_kjdx_g34t":"2095"}},
{"type":"Feature","geometry":{"type":"Point","coordinates":[-73.973347,40.764811]},"properties":{":id":"row-cjw3_ekba.5279",":version":"rv-eyxi~bh9w_qgj4",":created_at":"2025-11-26T05:12:28.340Z",":updated_at":"2025-11-26T05:12:33.910Z","gtfs_stop_id":"R13","station_id":"8","complex_id":"8","division":"BMT","line":"Astoria","stop_name":"5 Av/59 St","borough":"M","cbd":"true","daytime_routes":"N R W","structure":"Subway","gtfs_latitude":"40.764811","gtfs_longitude":"-73.973347","north_direction_label":"Queens","south_direction_label":"Downtown","ada":"0","ada_northbound":"0","ada_southbound":"0","ada_notes":null,":@computed_region_yamh_8v7k":"749",":@computed_region_wbg7_3whc":null,":@computed_region_kjdx_g34t":"2095"}},
{"type":"Feature","geometry":{"type":"Point","coordinates":[-73.980658,40.764664]},"properties":{":id":"row-whbk_6zyd~s8s5",":version":"rv-gsxe-havj~5t24",":created_at":"2025-11-26T05:12:28.340Z",":updated_at":"2025-11-26T05:12:33.910Z","gtfs_stop_id":"R14","station_id":"9","complex_id":"9","division":"BMT","line":"Broadway - Brighton","stop_name":"57 St-7 Av","borough":"M","cbd":"true","daytime_routes":"N Q R W","structure":"Subway","gtfs_latitude":"40.764664","gtfs_longitude":"-73.980658","north_direction_label":"Uptown","south_direction_label":"Downtown","ada":"1","ada_northbound":"1","ada_southbound":"1","ada_notes":null,":@computed_region_yamh_8v7k":"749",":@computed_region_wbg7_3whc":"742",":@computed_region_kjdx_g34t":"2095"}},
{"type":"Feature","geometry":{"type":"Point","coordinates":[-73.984139,40.759901]},"properties":{":id":"row-ux5k.edww-iid4",":version":"rv-ry3t-8x8r_7qc8",":created_at":"2025-11-26T05:12:28.340Z",":updated_at":"2025-11-26T05:12:33.910Z","gtfs_stop_id":"R15","station_id":"10","complex_id":"10","division":"BMT","line":"Broadway - Brighton","stop_name":"49 St","borough":"M","cbd":"true","daytime_routes":"N R W","structure":"Subway","gtfs_latitude":"40.759901","gtfs_longitude":"-73.984139","north_direction_label":"Uptown","south_direction_label":"Downtown","ada":"2","ada_northbound":"1","ada_southbound":"0","ada_notes":"Uptown only",":@computed_region_yamh_8v7k":"749",":@computed_region_wbg7_3whc":"742",":@computed_region_kjdx_g34t":"2095"}},
{"type":"Feature","geometry":{"type":"Point","coordinates":[-73.986754,40.754672]},"properties":{":id":"row-qxnt.gqk4.zjuj",":version":"rv-wa3j.s37j~xe52",":created_at":"2025-11-26T05:12:28.340Z",":updated_at":"2025-11-26T05:12:33.910Z","gtfs_stop_id":"R16","station_id":"11","complex_id":"611","division":"BMT","line":"Broadway - Brighton","stop_name":"Times Sq-42 St","borough":"M","cbd":"true","daytime_routes":"N Q R W","structure":"Subway","gtfs_latitude":"40.754672","gtfs_longitude":"-73.986754","north_direction_label":"Uptown","south_direction_label":"Downtown","ada":"1","ada_northbound":"1","ada_southbound":"1","ada_notes":null,":@computed_region_yamh_8v7k":"749",":@computed_region_wbg7_3whc":"741",":@computed_region_kjdx_g34t":"2095"}},
{"type":"Feature","geometry":{"type":"Point","coordinates":[-73.98795,40.749567]},"properties":{":id":"row-5eeg_b9cf~393p",":version":"rv-mkgw.ssyq_8g5x",":created_at":"2025-11-26T05:12:28.340Z",":updated_at":"2025-11-26T05:12:33.910Z","gtfs_stop_id":"R17","station_id":"12","complex_id":"607","division":"BMT","line":"Broadway - Brighton","stop_name":"34 St-Herald Sq","borough":"M","cbd":"true","daytime_routes":"N Q R W","structure":"Subway","gtfs_latitude":"40.749567","gtfs_longitude":"-73.98795","north_direction_label":"Uptown","south_direction_label":"Downtown","ada":"1","ada_northbound":"1","ada_southbound":"1","ada_notes":null,":@computed_region_yamh_8v7k":"749",":@computed_region_wbg7_3whc":"717",":@computed_region_kjdx_g34t":"2095"}},
{"type":"Feature","geometry":{"type":"Point","coordinates":[-73.988691,40.745494]},"properties":{":id":"row-ja7x~3t78.9j4p",":version":"rv-p7m5-ubqu-cfzn",":created_at":"2025-11-26T05:12:28.340Z",":updated_at":"2025-11-26T05:12:33.910Z","gtfs_stop_id":"R18","station_id":"13","complex_id":"13","division":"BMT","line":"Broadway - Brighton","stop_name":"28 St","borough":"M","cbd":"true","daytime_routes":"R W","structure":"Subway","gtfs_latitude":"40.745494","gtfs_longitude":"-73.988691","north_direction_label":"Uptown","south_direction_label":"Downtown","ada":"0","ada_northbound":"0","ada_southbound":"0","ada_notes":null,":@computed_region_yamh_8v7k":"749",":@computed_region_wbg7_3whc":"717",":@computed_region_kjdx_g34t":"2095"}},
{"type":"Feature","geometry":{"type":"Point","coordinates":[-73.989344,40.741303]},"properties":{":id":"row-uvwq~cdxr-3akb",":version":"rv-m6sd_a8cg-j37x",":created_at":"2025-11-26T05:12:28.340Z",":updated_at":"2025-11-26T05:12:33.910Z","gtfs_stop_id":"R19","station_id":"14","complex_id":"14","division":"BMT","line":"Broadway - Brighton","stop_name":"23 St","borough":"M","cbd":"true","daytime_routes":"R W","structure":"Subway","gtfs_latitude":"40.741303","gtfs_longitude":"-73.989344","north_direction_label":"Uptown","south_direction_label":"Downtown","ada":"0","ada_northbound":"0","ada_southbound":"0","ada_notes":null,":@computed_region_yamh_8v7k":"749",":@computed_region_wbg7_3whc":"734",":@computed_region_kjdx_g34t":"2095"}},
{"type":"Feature","geometry":{"type":"Point","coordinates":[-73.990568,40.735736]},"properties":{":id":"row-f4nt_4nhx~6j6z",":version":"rv-wmuh.9jdn.6nay",":created_at":"2025-11-26T05:12:28.340Z",":updated_at":"2025-11-26T05:12:33.910Z","gtfs_stop_id":"R20","station_id":"15","complex_id":"602","division":"BMT","line":"Broadway - Brighton","stop_name":"14 St-Union Sq","borough":"M","cbd":"true","daytime_routes":"N Q R W","structure":"Subway","gtfs_latitude":"40.735736","gtfs_longitude":"-73.990568","north_direction_label":"Uptown","south_direction_label":"Downtown","ada":"1","ada_northbound":"1","ada_southbound":"1","ada_notes":null,":@computed_region_yamh_8v7k":"749",":@computed_region_wbg7_3whc":"719",":@computed_region_kjdx_g34t":"2095"}},
{"type":"Feature","geometry":{"type":"Point","coordinates":[-73.992629,40.730328]},"properties":{":id":"row-anhj_hqrd-ka4f",":version":"rv-grxj~tncs.cfgn",":created_at":"2025-11-26T05:12:28.340Z",":updated_at":"2025-11-26T05:12:33.910Z","gtfs_stop_id":"R21","station_id":"16","complex_id":"16","division":"BMT","line":"Broadway - Brighton","stop_name":"8 St-NYU","borough":"M","cbd":"true","daytime_routes":"R W","structure":"Subway","gtfs_latitude":"40.730328","gtfs_longitude":"-73.992629","north_direction_label":"Uptown","south_direction_label":"Downtown","ada":"0","ada_northbound":"0","ada_southbound":"0","ada_notes":null,":@computed_region_yamh_8v7k":"749",":@computed_region_wbg7_3whc":"719",":@computed_region_kjdx_g34t":"2095"}},
{"type":"Feature","geometry":{"type":"Point","coordinates":[-73.997702,40.724329]},"properties":{":id":"row-xi4h.xu5x_49r5",":version":"rv-mzpn.azt9.e5cv",":created_at":"2025-11-26T05:12:28.340Z",":updated_at":"2025-11-26T05:12:33.910Z","gtfs_stop_id":"R22","station_id":"17","complex_id":"17","division":"BMT","line":"Broadway - Brighton","stop_name":"Prince St","borough":"M","cbd":"true","daytime_routes":"R W","structure":"Subway","gtfs_latitude":"40.724329","gtfs_longitude":"-73.997702","north_direction_label":"Uptown","south_direction_label":"Downtown","ada":"0","ada_northbound":"0","ada_southbound":"0","ada_notes":null,":@computed_region_yamh_8v7k":"749",":@computed_region_wbg7_3whc":"736",":@computed_region_kjdx_g34t":"2095"}},
{"type":"Feature","geometry":{"type":"Point","coordinates":[-74.001775,40.719527]},"properties":{":id":"row-va8f-7ahf-fjcd",":version":"rv-i6gg-b8hc~ttma",":created_at":"2025-11-26T05:12:28.340Z",":updated_at":"2025-11-26T05:12:33.910Z","gtfs_stop_id":"R23","station_id":"18","complex_id":"623","division":"BMT","line":"Broadway","stop_name":"Canal St","borough":"M","cbd":"true","daytime_routes":"R W","structure":"Subway","gtfs_latitude":"40.719527","gtfs_longitude":"-74.001775","north_direction_label":"Uptown","south_direction_label":"Downtown","ada":"0","ada_northbound":"0","ada_southbound":"0","ada_notes":null,":@computed_region_yamh_8v7k":"749",":@computed_region_wbg7_3whc":"737",":@computed_region_kjdx_g34t":"2095"}},
{"type":"Feature","geometry":{"type":"Point","coordinates":[-74.00046,40.718383]},"properties":{":id":"row-3re3_vp2w_n9qh",":version":"rv-78rd.uyjw-i3pw",":created_at":"2025-11-26T05:12:28.340Z",":updated_at":"2025-11-26T05:12:33.910Z","gtfs_stop_id":"Q01","station_id":"19","complex_id":"623","division":"BMT","line":"Manhattan Bridge","stop_name":"Canal St","borough":"M","cbd":"true","daytime_routes":"N Q","structure":"Subway","gtfs_latitude":"40.718383","gtfs_longitude":"-74.00046","north_direction_label":"Uptown","south_direction_label":"Downtown","ada":"0","ada_northbound":"0","ada_southbound":"0","ada_notes":null,":@computed_region_yamh_8v7k":"749",":@computed_region_wbg7_3whc":"737",":@computed_region_kjdx_g34t":"2095"}},
{"type":"Feature","geometry":{"type":"Point","coordinates":[-74.006978,40.713282]},"properties":{":id":"row-ad6p_yqrf.xkcn",":version":"rv-53wf_m4wp-kpjv",":created_at":"2025-11-26T05:12:28.340Z",":updated_at":"2025-11-26T05:12:33.910Z","gtfs_stop_id":"R24","station_id":"20","complex_id":"20","division":"BMT","line":"Broadway","stop_name":"City Hall","borough":"M","cbd":"true","daytime_routes":"R W","structure":"Subway","gtfs_latitude":"40.713282","gtfs_longitude":"-74.006978","north_direction_label":"Uptown","south_direction_label":"Downtown","ada":"0","ada_northbound":"0","ada_southbound":"0","ada_notes":null,":@computed_region_yamh_8v7k":"749",":@computed_region_wbg7_3whc":"723",":@computed_region_kjdx_g34t":"2095"}},
{"type":"Feature","geometry":{"type":"Point","coordinates":[-74.011029,40.710668]},"properties":{":id":"row-u8cu-xkbe~h9x7",":version":"rv-jwyv~q3gp_6f9a",":created_at":"2025-11-26T05:12:28.340Z",":updated_at":"2025-11-26T05:12:33.910Z","gtfs_stop_id":"R25","station_id":"21","complex_id":"624","division":"BMT","line":"Broadway","stop_name":"Cortlandt St","borough":"M","cbd":"true","daytime_routes":"R W","structure":"Subway","gtfs_latitude":"40.710668","gtfs_longitude":"-74.011029","north_direction_label":"Uptown","south_direction_label":"Downtown","ada":"1","ada_northbound":"1","ada_southbound":"1","ada_notes":null,":@computed_region_yamh_8v7k":"749",":@computed_region_wbg7_3whc":"723",":@computed_region_kjdx_g34t":"2095"}},
{"type":"Feature","geometry":{"type":"Point","coordinates":[-74.013342,40.70722]},"properties":{":id":"row-vdwh.r9pu.ffqe",":version":"rv-qukr.g8bx_ah4y",":created_at":"2025-11-26T05:12:28.340Z",":updated_at":"2025-11-26T05:12:33.910Z","gtfs_stop_id":"R26","station_id":"22","complex_id":"22","division":"BMT","line":"Broadway","stop_name":"Rector St","borough":"M","cbd":"true","daytime_routes":"R W","structure":"Subway","gtfs_latitude":"40.70722","gtfs_longitude":"-74.013342","north_direction_label":"Uptown","south_direction_label":"Downtown","ada":"0","ada_northbound":"0","ada_southbound":"0","ada_notes":null,":@computed_region_yamh_8v7k":"749",":@computed_region_wbg7_3whc":"722",":@computed_region_kjdx_g34t":"2095"}},
{"type":"Feature","geometry":{"type":"Point","coordinates":[-74.012994,40.703087]},"properties":{":id":"row-8qdk_nrkn.k2yf",":version":"rv-zcyc-4ast~uswu",":created_at":"2025-11-26T05:12:28.340Z",":updated_at":"2025-11-26T05:12:33.910Z","gtfs_stop_id":"R27","station_id":"23","complex_id":"635","division":"BMT","line":"Broadway","stop_name":"Whitehall St-South Ferry","borough":"M","cbd":"true","daytime_routes":"R W","structure":"Subway","gtfs_latitude":"40.703087","gtfs_longitude":"-74.012994","north_direction_label":"Uptown","south_direction_label":"Downtown","ada":"0","ada_northbound":"0","ada_southbound":"0","ada_notes":null,":@computed_region_yamh_8v7k":"749",":@computed_region_wbg7_3whc":"720",":@computed_region_kjdx_g34t":"2095"}},
{"type":"Feature","geometry":{"type":"Point","coordinates":[-73.991777,40.6941]},"properties":{":id":"row-yhi2_nzj9-xnz5",":version":"rv-8498-2v88~wmcp",":created_at":"2025-11-26T05:12:28.340Z",":updated_at":"2025-11-26T05:12:33.910Z","gtfs_stop_id":"R28","station_id":"24","complex_id":"620","division":"BMT","line":"Broadway","stop_name":"Court St","borough":"Bk","cbd":"false","daytime_routes":"R","structure":"Subway","gtfs_latitude":"40.6941","gtfs_longitude":"-73.991777","north_direction_label":"Manhattan","south_direction_label":"Southbound","ada":"0","ada_northbound":"0","ada_southbound":"0","ada_notes":null,":@computed_region_yamh_8v7k":"894",":@computed_region_wbg7_3whc":"880",":@computed_region_kjdx_g34t":"2090"}},
{"type":"Feature","geometry":{"type":"Point","coordinates":[-73.985942,40.69218]},"properties":{":id":"row-k9np_ax29-n272",":version":"rv-evxr_rg4z-kcs3",":created_at":"2025-11-26T05:12:28.340Z",":updated_at":"2025-11-26T05:12:33.910Z","gtfs_stop_id":"R29","station_id":"25","complex_id":"636","division":"BMT","line":"Broadway","stop_name":"Jay St-MetroTech","borough":"Bk","cbd":"false","daytime_routes":"R","structure":"Subway","gtfs_latitude":"40.69218","gtfs_longitude":"-73.985942","north_direction_label":"Manhattan","south_direction_label":"Southbound","ada":"1","ada_northbound":"1","ada_southbound":"1","ada_notes":null,":@computed_region_yamh_8v7k":"894",":@computed_region_wbg7_3whc":"880",":@computed_region_kjdx_g34t":"2090"}},
{"type":"Feature","geometry":{"type":"Point","coordinates":[-73.981824,40.690635]},"properties":{":id":"row-ehdy-hea5~c5j4",":version":"rv-t9cc~zvk6~siqj",":created_at":"2025-11-26T05:12:28.340Z",":updated_at":"2025-11-26T05:12:33.910Z","gtfs_stop_id":"R30","station_id":"26","complex_id":"26","division":"BMT","line":"Broadway - Brighton","stop_name":"DeKalb Av","borough":"Bk","cbd":"false","daytime_routes":"B Q R","structure":"Subway","gtfs_latitude":"40.690635","gtfs_longitude":"-73.981824","north_direction_label":"Manhattan","south_direction_label":"Southbound","ada":"1","ada_northbound":"1","ada_southbound":"1","ada_notes":null,":@computed_region_yamh_8v7k":"894",":@computed_region_wbg7_3whc":"880",":@computed_region_kjdx_g34t":"2090"}},
{"type":"Feature","geometry":{"type":"Point","coordinates":[-73.97881,40.683666]},"properties":{":id":"row-mzyn-griw~st3c",":version":"rv-pi2x.7d6s~u4ey",":created_at":"2025-11-26T05:12:28.340Z",":updated_at":"2025-11-26T05:12:33.910Z","gtfs_stop_id":"R31","station_id":"27","complex_id":"617","division":"BMT","line":"4th Av","stop_name":"Atlantic Av-Barclays Ctr","borough":"Bk","cbd":"false","daytime_routes":"D N R","structure":"Subway","gtfs_latitude":"40.683666","gtfs_longitude":"-73.97881","north_direction_label":"Manhattan","south_direction_label":"Southbound","ada":"1","ada_northbound":"1","ada_southbound":"1","ada_notes":null,":@computed_region_yamh_8v7k":"894",":@computed_region_wbg7_3whc":"895",":@computed_region_kjdx_g34t":"2090"}},
{"type":"Feature","geometry":{"type":"Point","coordinates":[-73.98311,40.677316]},"properties":{":id":"row-2n24~ixuv_phj2",":version":"rv-szwa.eq3q-y24f",":created_at":"2025-11-26T05:12:28.340Z",":updated_at":"2025-11-26T05:12:33.910Z","gtfs_stop_id":"R32","station_id":"28","complex_id":"28","division":"BMT","line":"4th Av","stop_name":"Union St","borough":"Bk","cbd":"false","daytime_routes":"R","structure":"Subway","gtfs_latitude":"40.677316","gtfs_longitude":"-73.98311","north_direction_label":"Manhattan","south_direction_label":"Southbound","ada":"0","ada_northbound":"0","ada_southbound":"0","ada_notes":null,":@computed_region_yamh_8v7k":"894",":@computed_region_wbg7_3whc":"893",":@computed_region_kjdx_g34t":"2090"}},
{"type":"Feature","geometry":{"type":"Point","coordinates":[-73.988302,40.670847]},"properties":{":id":"row-v3p8_fkpu.hnzi",":version":"rv-86cs~9ide-muk7",":created_at":"2025-11-26T05:12:28.340Z",":updated_at":"2025-11-26T05:12:33.910Z","gtfs_stop_id":"R33","station_id":"29","complex_id":"608","division":"BMT","line":"4th Av","stop_name":"4 Av-9 St","borough":"Bk","cbd":"false","daytime_routes":"R","structure":"Subway","gtfs_latitude":"40.670847","gtfs_longitude":"-73.988302","north_direction_label":"Manhattan","south_direction_label":"Southbound","ada":"0","ada_northbound":"0","ada_southbound":"0","ada_notes":null,":@computed_region_yamh_8v7k":"894",":@computed_region_wbg7_3whc":"893",":@computed_region_kjdx_g34t":"2090"}},
{"type":"Feature","geometry":{"type":"Point","coordinates":[-73.992872,40.665414]},"properties":{":id":"row-nbnv_w9m3~6h4z",":version":"rv-an2v_j4pg.dzfg",":created_at":"2025-11-26T05:12:28.340Z",":updated_at":"2025-11-26T05:12:33.910Z","gtfs_stop_id":"R34","station_id":"30","complex_id":"30","division":"BMT","line":"4th Av","stop_name":"Prospect Av","borough":"Bk","cbd":"false","daytime_routes":"R","structure":"Subway","gtfs_latitude":"40.665414","gtfs_longitude":"-73.992872","north_direction_label":"Manhattan","south_direction_label":"Southbound","ada":"0","ada_northbound":"0","ada_southbound":"0","ada_notes":null,":@computed_region_yamh_8v7k":"894",":@computed_region_wbg7_3whc":"893",":@computed_region_kjdx_g34t":"2090"}},
{"type":"Feature","geometry":{"type":"Point","coordinates":[-73.998091,40.660397]},"properties":{":id":"row-w9ea~3cji-rn7i",":version":"rv-ycbc.umjg~s6sb",":created_at":"2025-11-26T05:12:28.340Z",":updated_at":"2025-11-26T05:12:33.910Z","gtfs_stop_id":"R35","station_id":"31","complex_id":"31","division":"BMT","line":"4th Av","stop_name":"25 St","borough":"Bk","cbd":"false","daytime_routes":"R","structure":"Subway","gtfs_latitude":"40.660397","gtfs_longitude":"-73.998091","north_direction_label":"Manhattan","south_direction_label":"Southbound","ada":"0","ada_northbound":"0","ada_southbound":"0","ada_notes":null,":@computed_region_yamh_8v7k":"894",":@computed_region_wbg7_3whc":"815",":@computed_region_kjdx_g34t":"2090"}},
{"type":"Feature","geometry":{"type":"Point","coordinates":[-74.003549,40.655144]},"properties":{":id":"row-6tqu_wjji-a56y",":version":"rv-banz.7a2v.xy44",":created_at":"2025-11-26T05:12:28.340Z",":updated_at":"2025-11-26T05:12:33.910Z","gtfs_stop_id":"R36","station_id":"32","complex_id":"32","division":"BMT","line":"4th Av","stop_name":"36 St","borough":"Bk","cbd":"false","daytime_routes":"D N R","structure":"Subway","gtfs_latitude":"40.655144","gtfs_longitude":"-74.003549","north_direction_label":"Manhattan","south_direction_label":"Southbound","ada":"0","ada_northbound":"0","ada_southbound":"0","ada_notes":null,":@computed_region_yamh_8v7k":"894",":@computed_region_wbg7_3whc":"815",":@computed_region_kjdx_g34t":"2090"}},
{"type":"Feature","geometry":{"type":"Point","coordinates":[-74.010006,40.648939]},"properties":{":id":"row-c7i2_pugz_tghi",":version":"rv-j9ns.v2d4-t8mq",":created_at":"2025-11-26T05:12:28.340Z",":updated_at":"2025-11-26T05:12:33.910Z","gtfs_stop_id":"R39","station_id":"33","complex_id":"33","division":"BMT","line":"4th Av","stop_name":"45 St","borough":"Bk","cbd":"false","daytime_routes":"R","structure":"Subway","gtfs_latitude":"40.648939","gtfs_longitude":"-74.010006","north_direction_label":"Manhattan","south_direction_label":"Southbound","ada":"0","ada_northbound":"0","ada_southbound":"0","ada_notes":null,":@computed_region_yamh_8v7k":"894",":@computed_region_wbg7_3whc":"899",":@computed_region_kjdx_g34t":"2090"}},
{"type":"Feature","geometry":{"type":"Point","coordinates":[-74.014034,40.645069]},"properties":{":id":"row-sqwy_uz2u~qk95",":version":"rv-5jdi-kxem_6i37",":created_at":"2025-11-26T05:12:28.340Z",":updated_at":"2025-11-26T05:12:33.910Z","gtfs_stop_id":"R40","station_id":"34","complex_id":"34","division":"BMT","line":"4th Av","stop_name":"53 St","borough":"Bk","cbd":"false","daytime_routes":"R","structure":"Subway","gtfs_latitude":"40.645069","gtfs_longitude":"-74.014034","north_direction_label":"Manhattan","south_direction_label":"Southbound","ada":"0","ada_northbound":"0","ada_southbound":"0","ada_notes":null,":@computed_region_yamh_8v7k":"894",":@computed_region_wbg7_3whc":"899",":@computed_region_kjdx_g34t":"2090"}},
{"type":"Feature","geometry":{"type":"Point","coordinates":[-74.017881,40.641362]},"properties":{":id":"row-df2d-ug8r~hnf5",":version":"rv-qne5-tf9j-uqg4",":created_at":"2025-11-26T05:12:28.340Z",":updated_at":"2025-11-26T05:12:33.910Z","gtfs_stop_id":"R41","station_id":"35","complex_id":"35","division":"BMT","line":"4th Av","stop_name":"59 St","borough":"Bk","cbd":"false","daytime_routes":"N R","structure":"Subway","gtfs_latitude":"40.641362","gtfs_longitude":"-74.017881","north_direction_label":"Manhattan","south_direction_label":"Southbound","ada":"1","ada_northbound":"1","ada_southbound":"1","ada_notes":null,":@computed_region_yamh_8v7k":"894",":@computed_region_wbg7_3whc":"899",":@computed_region_kjdx_g34t":"2090"}},
{"type":"Feature","geometry":{"type":"Point","coordinates":[-74.023377,40.634967]},"properties":{":id":"row-hzch.ewwg.xazx",":version":"rv-xed7~gf99~98ve",":created_at":"2025-11-26T05:12:28.340Z",":updated_at":"2025-11-26T05:12:33.910Z","gtfs_stop_id":"R42","station_id":"36","complex_id":"36","division":"BMT","line":"4th Av","stop_name":"Bay Ridge Av","borough":"Bk","cbd":"false","daytime_routes":"R","structure":"Subway","gtfs_latitude":"40.634967","gtfs_longitude":"-74.023377","north_direction_label":"Manhattan","south_direction_label":"Bay Ridge","ada":"0","ada_northbound":"0","ada_southbound":"0","ada_notes":null,":@computed_region_yamh_8v7k":"894",":@computed_region_wbg7_3whc":"899",":@computed_region_kjdx_g34t":"2090"}},
{"type":"Feature","geometry":{"type":"Point","coordinates":[-74.02551,40.629742]},"properties":{":id":"row-cdfu-ek4a-hqpi",":version":"rv-qht7_zvvg_jp2f",":created_at":"2025-11-26T05:12:28.340Z",":updated_at":"2025-11-26T05:12:33.910Z","gtfs_stop_id":"R43","station_id":"37","complex_id":"37","division":"BMT","line":"4th Av","stop_name":"77 St","borough":"Bk","cbd":"false","daytime_routes":"R","structure":"Subway","gtfs_latitude":"40.629742","gtfs_longitude":"-74.02551","north_direction_label":"Manhattan","south_direction_label":"Bay Ridge","ada":"0","ada_northbound":"0","ada_southbound":"0","ada_notes":null,":@computed_region_yamh_8v7k":"894",":@computed_region_wbg7_3whc":"887",":@computed_region_kjdx_g34t":"2090"}},
{"type":"Feature","geometry":{"type":"Point","coordinates":[-74.028398,40.622687]},"properties":{":id":"row-xjm2_rwua~e8v8",":version":"rv-w2s8_59du_4rd7",":created_at":"2025-11-26T05:12:28.340Z",":updated_at":"2025-11-26T05:12:33.910Z","gtfs_stop_id":"R44","station_id":"38","complex_id":"38","division":"BMT","line":"4th Av","stop_name":"86 St","borough":"Bk","cbd":"false","daytime_routes":"R","structure":"Subway","gtfs_latitude":"40.622687","gtfs_longitude":"-74.028398","north_direction_label":"Manhattan","south_direction_label":"Bay Ridge","ada":"1","ada_northbound":"1","ada_southbound":"1","ada_notes":null,":@computed_region_yamh_8v7k":"894",":@computed_region_wbg7_3whc":"887",":@computed_region_kjdx_g34t":"2090"}},
{"type":"Feature","geometry":{"type":"Point","coordinates":[-74.030876,40.616622]},"properties":{":id":"row-tj78.bfdp~qb5t",":version":"rv-rhmh~nr43.ifzs",":created_at":"2025-11-26T05:12:28.340Z",":updated_at":"2025-11-26T05:12:33.910Z","gtfs_stop_id":"R45","station_id":"39","complex_id":"39","division":"BMT","line":"4th Av","stop_name":"Bay Ridge-95 St","borough":"Bk","cbd":"false","daytime_routes":"R","structure":"Subway","gtfs_latitude":"40.616622","gtfs_longitude":"-74.030876","north_direction_label":"Manhattan","south_direction_label":"Last Stop","ada":"1","ada_northbound":"1","ada_southbound":"1","ada_notes":null,":@computed_region_yamh_8v7k":"894",":@computed_region_wbg7_3whc":"887",":@computed_region_kjdx_g34t":"2090"}},
{"type":"Feature","geometry":{"type":"Point","coordinates":[-73.97689,40.68446]},"properties":{":id":"row-v3vg_2rpk_j9sn",":version":"rv-h8ub_iy6s-sv8v",":created_at":"2025-11-26T05:12:28.340Z",":updated_at":"2025-11-26T05:12:33.910Z","gtfs_stop_id":"D24","station_id":"40","complex_id":"617","division":"BMT","line":"Broadway - Brighton","stop_name":"Atlantic Av-Barclays Ctr","borough":"Bk","cbd":"false","daytime_routes":"B Q","structure":"Subway","gtfs_latitude":"40.68446","gtfs_longitude":"-73.97689","north_direction_label":"Manhattan","south_direction_label":"Southbound","ada":"1","ada_northbound":"1","ada_southbound":"1","ada_notes":null,":@computed_region_yamh_8v7k":"894",":@computed_region_wbg7_3whc":"895",":@computed_region_kjdx_g34t":"2090"}},
{"type":"Feature","geometry":{"type":"Point","coordinates":[-73.972367,40.67705]},"properties":{":id":"row-9vbx.t2md_6fz2",":version":"rv-gd4t_ifbn_d32y",":created_at":"2025-11-26T05:12:28.340Z",":updated_at":"2025-11-26T05:12:33.910Z","gtfs_stop_id":"D25","station_id":"41","complex_id":"41","division":"BMT","line":"Broadway - Brighton","stop_name":"7 Av","borough":"Bk","cbd":"false","daytime_routes":"B Q","structure":"Subway","gtfs_latitude":"40.67705","gtfs_longitude":"-73.972367","north_direction_label":"Manhattan","south_direction_label":"Southbound","ada":"0","ada_northbound":"0","ada_southbound":"0","ada_notes":null,":@computed_region_yamh_8v7k":"894",":@computed_region_wbg7_3whc":"895",":@computed_region_kjdx_g34t":"2090"}},
{"type":"Feature","geometry":{"type":"Point","coordinates":[-73.962246,40.661614]},"properties":{":id":"row-ve9c-6pyu~44mc",":version":"rv-tpia_7g97-smyw",":created_at":"2025-11-26T05:12:28.340Z",":updated_at":"2025-11-26T05:12:33.910Z","gtfs_stop_id":"D26","station_id":"42","complex_id":"42","division":"BMT","line":"Broadway - Brighton","stop_name":"Prospect Park","borough":"Bk","cbd":"false","daytime_routes":"B Q S","structure":"Open Cut","gtfs_latitude":"40.661614","gtfs_longitude":"-73.962246","north_direction_label":"Northbound","south_direction_label":"Southbound","ada":"1","ada_northbound":"1","ada_southbound":"1","ada_notes":null,":@computed_region_yamh_8v7k":"894",":@computed_region_wbg7_3whc":"809",":@computed_region_kjdx_g34t":"2090"}},
{"type":"Feature","geometry":{"type":"Point","coordinates":[-73.961495,40.655292]},"properties":{":id":"row-f6dq~2r2d-p3z2",":version":"rv-bggu~hzkf_cued",":created_at":"2025-11-26T05:12:28.340Z",":updated_at":"2025-11-26T05:12:33.910Z","gtfs_stop_id":"D27","station_id":"43","complex_id":"43","division":"BMT","line":"Broadway - Brighton","stop_name":"Parkside Av","borough":"Bk","cbd":"false","daytime_routes":"Q","structure":"Open Cut","gtfs_latitude":"40.655292","gtfs_longitude":"-73.961495","north_direction_label":"Manhattan","south_direction_label":"Southbound","ada":"0","ada_northbound":"0","ada_southbound":"0","ada_notes":null,":@computed_region_yamh_8v7k":"894",":@computed_region_wbg7_3whc":"809",":@computed_region_kjdx_g34t":"2090"}},
{"type":"Feature","geometry":{"type":"Point","coordinates":[-73.962982,40.650527]},"properties":{":id":"row-wpd5.yhn9.8dy6",":version":"rv-qusd~2ez2_tbte",":created_at":"2025-11-26T05:12:28.340Z",":updated_at":"2025-11-26T05:12:33.910Z","gtfs_stop_id":"D28","station_id":"44","complex_id":"44","division":"BMT","line":"Broadway - Brighton","stop_name":"Church Av","borough":"Bk","cbd":"false","daytime_routes":"B Q","structure":"Open Cut","gtfs_latitude":"40.650527","gtfs_longitude":"-73.962982","north_direction_label":"Manhattan","south_direction_label":"Southbound","ada":"1","ada_northbound":"1","ada_southbound":"1","ada_notes":null,":@computed_region_yamh_8v7k":"894",":@computed_region_wbg7_3whc":"810",":@computed_region_kjdx_g34t":"2090"}},
{"type":"Feature","geometry":{"type":"Point","coordinates":[-73.964492,40.644031]},"properties":{":id":"row-aq4i~jegt~sinf",":version":"rv-4vgn-wyph.mwdv",":created_at":"2025-11-26T05:12:28.340Z",":updated_at":"2025-11-26T05:12:33.910Z","gtfs_stop_id":"D29","station_id":"45","complex_id":"45","division":"BMT","line":"Broadway - Brighton","stop_name":"Beverley Rd","borough":"Bk","cbd":"false","daytime_routes":"Q","structure":"Open Cut","gtfs_latitude":"40.644031","gtfs_longitude":"-73.964492","north_direction_label":"Manhattan","south_direction_label":"Southbound","ada":"0","ada_northbound":"0","ada_southbound":"0","ada_notes":null,":@computed_region_yamh_8v7k":"894",":@computed_region_wbg7_3whc":"810",":@computed_region_kjdx_g34t":"2090"}},
{"type":"Feature","geometry":{"type":"Point","coordinates":[-73.963891,40.640927]},"properties":{":id":"row-yyuz.7xad-cxwc",":version":"rv-y5ia.9xnj.8qei",":created_at":"2025-11-26T05:12:28.340Z",":updated_at":"2025-11-26T05:12:33.910Z","gtfs_stop_id":"D30","station_id":"46","complex_id":"46","division":"BMT","line":"Broadway - Brighton","stop_name":"Cortelyou Rd","borough":"Bk","cbd":"false","daytime_routes":"Q","structure":"Open Cut","gtfs_latitude":"40.640927","gtfs_longitude":"-73.963891","north_direction_label":"Manhattan","south_direction_label":"Southbound","ada":"0","ada_northbound":"0","ada_southbound":"0","ada_notes":null,":@computed_region_yamh_8v7k":"894",":@computed_region_wbg7_3whc":"810",":@computed_region_kjdx_g34t":"2090"}},
{"type":"Feature","geometry":{"type":"Point","coordinates":[-73.962793,40.635082]},"properties":{":id":"row-wmia~pdgt_x7tn",":version":"rv-uscs.uspu_kshk",":created_at":"2025-11-26T05:12:28.340Z",":updated_at":"2025-11-26T05:12:33.910Z","gtfs_stop_id":"D31","station_id":"47","complex_id":"47","division":"BMT","line":"Broadway - Brighton","stop_name":"Newkirk Plaza","borough":"Bk","cbd":"false","daytime_routes":"B Q","structure":"Open Cut","gtfs_latitude":"40.635082","gtfs_longitude":"-73.962793","north_direction_label":"Manhattan","south_direction_label":"Southbound","ada":"0","ada_northbound":"0","ada_southbound":"0","ada_notes":null,":@computed_region_yamh_8v7k":"894",":@computed_region_wbg7_3whc":"810",":@computed_region_kjdx_g34t":"2090"}},
{"type":"Feature","geometry":{"type":"Point","coordinates":[-73.961639,40.62927]},"properties":{":id":"row-ixwu.jgh2.8u7n",":version":"rv-jaef-d23s.x92d",":created_at":"2025-11-26T05:12:28.340Z",":updated_at":"2025-11-26T05:12:33.910Z","gtfs_stop_id":"D32","station_id":"48","complex_id":"48","division":"BMT","line":"Broadway - Brighton","stop_name":"Avenue H","borough":"Bk","cbd":"false","daytime_routes":"Q","structure":"Open Cut","gtfs_latitude":"40.62927","gtfs_longitude":"-73.961639","north_direction_label":"Manhattan","south_direction_label":"Southbound","ada":"1","ada_northbound":"1","ada_southbound":"1","ada_notes":null,":@computed_region_yamh_8v7k":"894",":@computed_region_wbg7_3whc":"813",":@computed_region_kjdx_g34t":"2090"}},
{"type":"Feature","geometry":{"type":"Point","coordinates":[-73.960803,40.625039]},"properties":{":id":"row-9ce7~pi78-4ptd",":version":"rv-jynu_hr64_5ief",":created_at":"2025-11-26T05:12:28.340Z",":updated_at":"2025-11-26T05:12:33.910Z","gtfs_stop_id":"D33","station_id":"49","complex_id":"49","division":"BMT","line":"Broadway - Brighton","stop_name":"Avenue J","borough":"Bk","cbd":"false","daytime_routes":"Q","structure":"Open Cut","gtfs_latitude":"40.625039","gtfs_longitude":"-73.960803","north_direction_label":"Manhattan","south_direction_label":"Southbound","ada":"0","ada_northbound":"0","ada_southbound":"0","ada_notes":null,":@computed_region_yamh_8v7k":"894",":@computed_region_wbg7_3whc":"813",":@computed_region_kjdx_g34t":"2090"}},
{"type":"Feature","geometry":{"type":"Point","coordinates":[-73.959399,40.617618]},"properties":{":id":"row-ybqk_i6b4.j9r8",":version":"rv-qjxu_8z7k~tzwf",":created_at":"2025-11-26T05:12:28.340Z",":updated_at":"2025-11-26T05:12:33.910Z","gtfs_stop_id":"D34","station_id":"50","complex_id":"50","division":"BMT","line":"Broadway - Brighton","stop_name":"Avenue M","borough":"Bk","cbd":"false","daytime_routes":"Q","structure":"Open Cut","gtfs_latitude":"40.617618","gtfs_longitude":"-73.959399","north_direction_label":"Manhattan","south_direction_label":"Southbound","ada":"0","ada_northbound":"0","ada_southbound":"0","ada_notes":null,":@computed_region_yamh_8v7k":"894",":@computed_region_wbg7_3whc":"813",":@computed_region_kjdx_g34t":"2090"}},
{"type":"Feature","geometry":{"type":"Point","coordinates":[-73.957734,40.60867]},"properties":{":id":"row-s4xa.ivb9_rqh7",":version":"rv-imdd~uh5z~jm8r",":created_at":"2025-11-26T05:12:28.340Z",":updated_at":"2025-11-26T05:12:33.910Z","gtfs_stop_id":"D35","station_id":"51","complex_id":"51","division":"BMT","line":"Broadway - Brighton","stop_name":"Kings Hwy","borough":"Bk","cbd":"false","daytime_routes":"B Q","structure":"Open Cut","gtfs_latitude":"40.60867","gtfs_longitude":"-73.957734","north_direction_label":"Manhattan","south_direction_label":"Southbound","ada":"1","ada_northbound":"1","ada_southbound":"1","ada_notes":null,":@computed_region_yamh_8v7k":"894",":@computed_region_wbg7_3whc":"812",":@computed_region_kjdx_g34t":"2090"}},
{"type":"Feature","geometry":{"type":"Point","coordinates":[-73.955929,40.5993]},"properties":{":id":"row-tj2c_t9vp-t5s8",":version":"rv-bvhr-qrqn-ibgq",":created_at":"2025-11-26T05:12:28.340Z",":updated_at":"2025-11-26T05:12:33.910Z","gtfs_stop_id":"D37","station_id":"52","complex_id":"52","division":"BMT","line":"Broadway - Brighton","stop_name":"Avenue U","borough":"Bk","cbd":"false","daytime_routes":"Q","structure":"Open Cut","gtfs_latitude":"40.5993","gtfs_longitude":"-73.955929","north_direction_label":"Manhattan","south_direction_label":"Southbound","ada":"0","ada_northbound":"0","ada_southbound":"0","ada_notes":null,":@computed_region_yamh_8v7k":"894",":@computed_region_wbg7_3whc":"812",":@computed_region_kjdx_g34t":"2090"}},
{"type":"Feature","geometry":{"type":"Point","coordinates":[-73.955161,40.595246]},"properties":{":id":"row-95u5~tei6-kk9v",":version":"rv-ri8t_3sye.uh9i",":created_at":"2025-11-26T05:12:28.340Z",":updated_at":"2025-11-26T05:12:33.910Z","gtfs_stop_id":"D38","station_id":"53","complex_id":"53","division":"BMT","line":"Broadway - Brighton","stop_name":"Neck Rd","borough":"Bk","cbd":"false","daytime_routes":"Q","structure":"Open Cut","gtfs_latitude":"40.595246","gtfs_longitude":"-73.955161","north_direction_label":"Manhattan","south_direction_label":"Southbound","ada":"0","ada_northbound":"0","ada_southbound":"0","ada_notes":null,":@computed_region_yamh_8v7k":"894",":@computed_region_wbg7_3whc":"812",":@computed_region_kjdx_g34t":"2090"}},
{"type":"Feature","geometry":{"type":"Point","coordinates":[-73.954155,40.586896]},"properties":{":id":"row-vgig-qfwf_2enk",":version":"rv-336c.6d9e~ansk",":created_at":"2025-11-26T05:12:28.340Z",":updated_at":"2025-11-26T05:12:33.910Z","gtfs_stop_id":"D39","station_id":"54","complex_id":"54","division":"BMT","line":"Broadway - Brighton","stop_name":"Sheepshead Bay","borough":"Bk","cbd":"false","daytime_routes":"B Q","structure":"Open Cut","gtfs_latitude":"40.586896","gtfs_longitude":"-73.954155","north_direction_label":"Manhattan","south_direction_label":"Southbound","ada":"0","ada_northbound":"0","ada_southbound":"0","ada_notes":null,":@computed_region_yamh_8v7k":"894",":@computed_region_wbg7_3whc":"818",":@computed_region_kjdx_g34t":"2090"}},
{"type":"Feature","geometry":{"type":"Point","coordinates":[-73.961376,40.577621]},"properties":{":id":"row-byv4~hwhu-a5jg",":version":"rv-bve7.cs56_esvf",":created_at":"2025-11-26T05:12:28.340Z",":updated_at":"2025-11-26T05:12:33.910Z","gtfs_stop_id":"D40","station_id":"55","complex_id":"55","division":"BMT","line":"Broadway - Brighton","stop_name":"Brighton Beach","borough":"Bk","cbd":"false","daytime_routes":"B Q","structure":"Elevated","gtfs_latitude":"40.577621","gtfs_longitude":"-73.961376","north_direction_label":"Manhattan","south_direction_label":"Southbound","ada":"0","ada_northbound":"0","ada_southbound":"0","ada_notes":null,":@computed_region_yamh_8v7k":"894",":@computed_region_wbg7_3whc":"818",":@computed_region_kjdx_g34t":"2090"}},
{"type":"Feature","geometry":{"type":"Point","coordinates":[-73.968501,40.576312]},"properties":{":id":"row-b7cp-cdje_upjt",":version":"rv-psxi.56ur_xpt3",":created_at":"2025-11-26T05:12:28.340Z",":updated_at":"2025-11-26T05:12:33.910Z","gtfs_stop_id":"D41","station_id":"56","complex_id":"56","division":"BMT","line":"Broadway - Brighton","stop_name":"Ocean Pkwy","borough":"Bk","cbd":"false","daytime_routes":"Q","structure":"Elevated","gtfs_latitude":"40.576312","gtfs_longitude":"-73.968501","north_direction_label":"Manhattan","south_direction_label":"Coney Island","ada":"0","ada_northbound":"0","ada_southbound":"0","ada_notes":null,":@computed_region_yamh_8v7k":"894",":@computed_region_wbg7_3whc":"818",":@computed_region_kjdx_g34t":"2090"}},
{"type":"Feature","geometry":{"type":"Point","coordinates":[-73.975939,40.576127]},"properties":{":id":"row-76qc.vk3z.zb8s",":version":"rv-3kyg~hune.4uhc",":created_at":"2025-11-26T05:12:28.340Z",":updated_at":"2025-11-26T05:12:33.910Z","gtfs_stop_id":"D42","station_id":"57","complex_id":"57","division":"BMT","line":"Broadway - Brighton","stop_name":"W 8 St-NY Aquarium","borough":"Bk","cbd":"false","daytime_routes":"F Q","structure":"Elevated","gtfs_latitude":"40.576127","gtfs_longitude":"-73.975939","north_direction_label":"Manhattan","south_direction_label":"Coney Island","ada":"0","ada_northbound":"0","ada_southbound":"0","ada_notes":null,":@computed_region_yamh_8v7k":"894",":@computed_region_wbg7_3whc":"903",":@computed_region_kjdx_g34t":"2090"}},
{"type":"Feature","geometry":{"type":"Point","coordinates":[-73.981233,40.577422]},"properties":{":id":"row-aatg-c6um.7sqd",":version":"rv-siug.2n8s_52y9",":created_at":"2025-11-26T05:12:28.340Z",":updated_at":"2025-11-26T05:12:33.910Z","gtfs_stop_id":"D43","station_id":"58","complex_id":"58","division":"BMT","line":"Sea Beach / West End / Culver / Brighton","stop_name":"Coney Island-Stillwell Av","borough":"Bk","cbd":"false","daytime_routes":"D F N Q","structure":"Viaduct","gtfs_latitude":"40.577422","gtfs_longitude":"-73.981233","north_direction_label":"Manhattan","south_direction_label":"Last Stop","ada":"1","ada_northbound":"1","ada_southbound":"1","ada_notes":null,":@computed_region_yamh_8v7k":"894",":@computed_region_wbg7_3whc":"903",":@computed_region_kjdx_g34t":"2090"}},
{"type":"Feature","geometry":{"type":"Point","coordinates":[-73.994324,40.646292]},"properties":{":id":"row-atsb~yy3r~bfj4",":version":"rv-verk~6mvx-4vri",":created_at":"2025-11-26T05:12:28.340Z",":updated_at":"2025-11-26T05:12:33.910Z","gtfs_stop_id":"B12","station_id":"59","complex_id":"59","division":"BMT","line":"West End","stop_name":"9 Av","borough":"Bk","cbd":"false","daytime_routes":"D","structure":"Open Cut","gtfs_latitude":"40.646292","gtfs_longitude":"-73.994324","north_direction_label":"Manhattan","south_direction_label":"Southbound","ada":"0","ada_northbound":"0","ada_southbound":"0","ada_notes":null,":@computed_region_yamh_8v7k":"894",":@computed_region_wbg7_3whc":"897",":@computed_region_kjdx_g34t":"2090"}},
{"type":"Feature","geometry":{"type":"Point","coordinates":[-73.994304,40.640914]},"properties":{":id":"row-dpe3~xha3~vk93",":version":"rv-fggg_iytx-cb99",":created_at":"2025-11-26T05:12:28.340Z",":updated_at":"2025-11-26T05:12:33.910Z","gtfs_stop_id":"B13","station_id":"60","complex_id":"60","division":"BMT","line":"West End","stop_name":"Fort Hamilton Pkwy","borough":"Bk","cbd":"false","daytime_routes":"D","structure":"Elevated","gtfs_latitude":"40.640914","gtfs_longitude":"-73.994304","north_direction_label":"Manhattan","south_direction_label":"Southbound","ada":"0","ada_northbound":"0","ada_southbound":"0","ada_notes":null,":@computed_region_yamh_8v7k":"894",":@computed_region_wbg7_3whc":"897",":@computed_region_kjdx_g34t":"2090"}},
{"type":"Feature","geometry":{"type":"Point","coordinates":[-73.994791,40.63626]},"properties":{":id":"row-xehg.3vyp-7urn",":version":"rv-ec4z-34wy.wdcx",":created_at":"2025-11-26T05:12:28.340Z",":updated_at":"2025-11-26T05:12:33.910Z","gtfs_stop_id":"B14","station_id":"61","complex_id":"61","division":"BMT","line":"West End","stop_name":"50 St","borough":"Bk","cbd":"false","daytime_routes":"D","structure":"Elevated","gtfs_latitude":"40.63626","gtfs_longitude":"-73.994791","north_direction_label":"Manhattan","south_direction_label":"Southbound","ada":"0","ada_northbound":"0","ada_southbound":"0","ada_notes":null,":@computed_region_yamh_8v7k":"894",":@computed_region_wbg7_3whc":"897",":@computed_region_kjdx_g34t":"2090"}},
{"type":"Feature","geometry":{"type":"Point","coordinates":[-73.995476,40.631435]},"properties":{":id":"row-d3cj~4wb3.6sr2",":version":"rv-ynty-ifaq~rgii",":created_at":"2025-11-26T05:12:28.340Z",":updated_at":"2025-11-26T05:12:33.910Z","gtfs_stop_id":"B15","station_id":"62","complex_id":"62","division":"BMT","line":"West End","stop_name":"55 St","borough":"Bk","cbd":"false","daytime_routes":"D","structure":"Elevated","gtfs_latitude":"40.631435","gtfs_longitude":"-73.995476","north_direction_label":"Manhattan","south_direction_label":"Southbound","ada":"0","ada_northbound":"0","ada_southbound":"0","ada_notes":null,":@computed_region_yamh_8v7k":"894",":@computed_region_wbg7_3whc":"897",":@computed_region_kjdx_g34t":"2090"}},
{"type":"Feature","geometry":{"type":"Point","coordinates":[-73.996895,40.626472]},"properties":{":id":"row-wy39_3syd_gka5",":version":"rv-pvvt-99z5.eg7v",":created_at":"2025-11-26T05:12:28.340Z",":updated_at":"2025-11-26T05:12:33.910Z","gtfs_stop_id":"B16","station_id":"63","complex_id":"615","division":"BMT","line":"West End","stop_name":"62 St","borough":"Bk","cbd":"false","daytime_routes":"D","structure":"Elevated","gtfs_latitude":"40.626472","gtfs_longitude":"-73.996895","north_direction_label":"Manhattan","south_direction_label":"Southbound","ada":"1","ada_northbound":"1","ada_southbound":"1","ada_notes":null,":@computed_region_yamh_8v7k":"894",":@computed_region_wbg7_3whc":"897",":@computed_region_kjdx_g34t":"2090"}},
{"type":"Feature","geometry":{"type":"Point","coordinates":[-73.998864,40.619589]},"properties":{":id":"row-56t7~xc74~rx6z",":version":"rv-x6cc-esjb~4jgx",":created_at":"2025-11-26T05:12:28.340Z",":updated_at":"2025-11-26T05:12:33.910Z","gtfs_stop_id":"B17","station_id":"64","complex_id":"64","division":"BMT","line":"West End","stop_name":"71 St","borough":"Bk","cbd":"false","daytime_routes":"D","structure":"Elevated","gtfs_latitude":"40.619589","gtfs_longitude":"-73.998864","north_direction_label":"Manhattan","south_direction_label":"Southbound","ada":"0","ada_northbound":"0","ada_southbound":"0","ada_notes":null,":@computed_region_yamh_8v7k":"894",":@computed_region_wbg7_3whc":"811",":@computed_region_kjdx_g34t":"2090"}},
{"type":"Feature","geometry":{"type":"Point","coordinates":[-74.00061,40.613501]},"properties":{":id":"row-7icj~gc97-qdw9",":version":"rv-j29b~zdes_4fjf",":created_at":"2025-11-26T05:12:28.340Z",":updated_at":"2025-11-26T05:12:33.910Z","gtfs_stop_id":"B18","station_id":"65","complex_id":"65","division":"BMT","line":"West End","stop_name":"79 St","borough":"Bk","cbd":"false","daytime_routes":"D","structure":"Elevated","gtfs_latitude":"40.613501","gtfs_longitude":"-74.00061","north_direction_label":"Manhattan","south_direction_label":"Southbound","ada":"0","ada_northbound":"0","ada_southbound":"0","ada_notes":null,":@computed_region_yamh_8v7k":"894",":@computed_region_wbg7_3whc":"892",":@computed_region_kjdx_g34t":"2090"}},
{"type":"Feature","geometry":{"type":"Point","coordinates":[-74.001736,40.607954]},"properties":{":id":"row-9ti4_nukn.pnx7",":version":"rv-jnjd.7xf8-99tr",":created_at":"2025-11-26T05:12:28.340Z",":updated_at":"2025-11-26T05:12:33.910Z","gtfs_stop_id":"B19","station_id":"66","complex_id":"66","division":"BMT","line":"West End","stop_name":"18 Av","borough":"Bk","cbd":"false","daytime_routes":"D","structure":"Elevated","gtfs_latitude":"40.607954","gtfs_longitude":"-74.001736","north_direction_label":"Manhattan","south_direction_label":"Southbound","ada":"0","ada_northbound":"0","ada_southbound":"0","ada_notes":null,":@computed_region_yamh_8v7k":"894",":@computed_region_wbg7_3whc":"892",":@computed_region_kjdx_g34t":"2090"}},
{"type":"Feature","geometry":{"type":"Point","coordinates":[-73.998168,40.604556]},"properties":{":id":"row-mbsv_egji_veyn",":version":"rv-kdpw-b3hv_udjm",":created_at":"2025-11-26T05:12:28.340Z",":updated_at":"2025-11-26T05:12:33.910Z","gtfs_stop_id":"B20","station_id":"67","complex_id":"67","division":"BMT","line":"West End","stop_name":"20 Av","borough":"Bk","cbd":"false","daytime_routes":"D","structure":"Elevated","gtfs_latitude":"40.604556","gtfs_longitude":"-73.998168","north_direction_label":"Manhattan","south_direction_label":"Southbound","ada":"0","ada_northbound":"0","ada_southbound":"0","ada_notes":null,":@computed_region_yamh_8v7k":"894",":@computed_region_wbg7_3whc":"892",":@computed_region_kjdx_g34t":"2090"}},
{"type":"Feature","geometry":{"type":"Point","coordinates":[-73.993728,40.601875]},"properties":{":id":"row-cfz9-s44i-3h2d",":version":"rv-g4jb~krri.gfvm",":created_at":"2025-11-26T05:12:28.340Z",":updated_at":"2025-11-26T05:12:33.910Z","gtfs_stop_id":"B21","station_id":"68","complex_id":"68","division":"BMT","line":"West End","stop_name":"Bay Pkwy","borough":"Bk","cbd":"false","daytime_routes":"D","structure":"Elevated","gtfs_latitude":"40.601875","gtfs_longitude":"-73.993728","north_direction_label":"Manhattan","south_direction_label":"Southbound","ada":"1","ada_northbound":"1","ada_southbound":"1","ada_notes":null,":@computed_region_yamh_8v7k":"894",":@computed_region_wbg7_3whc":"892",":@computed_region_kjdx_g34t":"2090"}},
{"type":"Feature","geometry":{"type":"Point","coordinates":[-73.986829,40.597704]},"properties":{":id":"row-8bz7_n2ae~vu4j",":version":"rv-jjtu-y5y3_qpfh",":created_at":"2025-11-26T05:12:28.340Z",":updated_at":"2025-11-26T05:12:33.910Z","gtfs_stop_id":"B22","station_id":"69","complex_id":"69","division":"BMT","line":"West End","stop_name":"25 Av","borough":"Bk","cbd":"false","daytime_routes":"D","structure":"Elevated","gtfs_latitude":"40.597704","gtfs_longitude":"-73.986829","north_direction_label":"Manhattan","south_direction_label":"Coney Island","ada":"0","ada_northbound":"0","ada_southbound":"0","ada_notes":null,":@computed_region_yamh_8v7k":"894",":@computed_region_wbg7_3whc":"892",":@computed_region_kjdx_g34t":"2090"}},
{"type":"Feature","geometry":{"type":"Point","coordinates":[-73.983765,40.588841]},"properties":{":id":"row-s9pe-w2ek_mmmn",":version":"rv-wcha-fdeu-thxw",":created_at":"2025-11-26T05:12:28.340Z",":updated_at":"2025-11-26T05:12:33.910Z","gtfs_stop_id":"B23","station_id":"70","complex_id":"70","division":"BMT","line":"West End","stop_name":"Bay 50 St","borough":"Bk","cbd":"false","daytime_routes":"D","structure":"Elevated","gtfs_latitude":"40.588841","gtfs_longitude":"-73.983765","north_direction_label":"Manhattan","south_direction_label":"Coney Island","ada":"0","ada_northbound":"0","ada_southbound":"0","ada_notes":null,":@computed_region_yamh_8v7k":"894",":@computed_region_wbg7_3whc":"902",":@computed_region_kjdx_g34t":"2090"}},
{"type":"Feature","geometry":{"type":"Point","coordinates":[-74.011719,40.635064]},"properties":{":id":"row-vsz5-cjpa.c5yd",":version":"rv-zd6j~up86.6ugu",":created_at":"2025-11-26T05:12:28.340Z",":updated_at":"2025-11-26T05:12:33.910Z","gtfs_stop_id":"N02","station_id":"71","complex_id":"71","division":"BMT","line":"Sea Beach","stop_name":"8 Av","borough":"Bk","cbd":"false","daytime_routes":"N","structure":"Open Cut","gtfs_latitude":"40.635064","gtfs_longitude":"-74.011719","north_direction_label":"Manhattan","south_direction_label":"Coney Island","ada":"1","ada_northbound":"1","ada_southbound":"1","ada_notes":null,":@computed_region_yamh_8v7k":"894",":@computed_region_wbg7_3whc":"899",":@computed_region_kjdx_g34t":"2090"}},
{"type":"Feature","geometry":{"type":"Point","coordinates":[-74.005351,40.631386]},"properties":{":id":"row-xff9~f6ns-angy",":version":"rv-mkqg~xze9-h9jz",":created_at":"2025-11-26T05:12:28.340Z",":updated_at":"2025-11-26T05:12:33.910Z","gtfs_stop_id":"N03","station_id":"72","complex_id":"72","division":"BMT","line":"Sea Beach","stop_name":"Fort Hamilton Pkwy","borough":"Bk","cbd":"false","daytime_routes":"N","structure":"Open Cut","gtfs_latitude":"40.631386","gtfs_longitude":"-74.005351","north_direction_label":"Manhattan","south_direction_label":"Coney Island","ada":"0","ada_northbound":"0","ada_southbound":"0","ada_notes":null,":@computed_region_yamh_8v7k":"894",":@computed_region_wbg7_3whc":"897",":@computed_region_kjdx_g34t":"2090"}},
{"type":"Feature","geometry":{"type":"Point","coordinates":[-73.996353,40.624842]},"properties":{":id":"row-f7ez~6ypa-vrem",":version":"rv-kr9z~b2cy_xrm2",":created_at":"2025-11-26T05:12:28.340Z",":updated_at":"2025-11-26T05:12:33.910Z","gtfs_stop_id":"N04","station_id":"73","complex_id":"615","division":"BMT","line":"Sea Beach","stop_name":"New Utrecht Av","borough":"Bk","cbd":"false","daytime_routes":"N","structure":"Open Cut","gtfs_latitude":"40.624842","gtfs_longitude":"-73.996353","north_direction_label":"Manhattan","south_direction_label":"Coney Island","ada":"1","ada_northbound":"1","ada_southbound":"1","ada_notes":null,":@computed_region_yamh_8v7k":"894",":@computed_region_wbg7_3whc":"897",":@computed_region_kjdx_g34t":"2090"}},
{"type":"Feature","geometry":{"type":"Point","coordinates":[-73.990414,40.620671]},"properties":{":id":"row-7vju_k97f.x5mj",":version":"rv-4vsx_6k4v.c57r",":created_at":"2025-11-26T05:12:28.340Z",":updated_at":"2025-11-26T05:12:33.910Z","gtfs_stop_id":"N05","station_id":"74","complex_id":"74","division":"BMT","line":"Sea Beach","stop_name":"18 Av","borough":"Bk","cbd":"false","daytime_routes":"N","structure":"Open Cut","gtfs_latitude":"40.620671","gtfs_longitude":"-73.990414","north_direction_label":"Manhattan","south_direction_label":"Coney Island","ada":"0","ada_northbound":"0","ada_southbound":"0","ada_notes":null,":@computed_region_yamh_8v7k":"894",":@computed_region_wbg7_3whc":"882",":@computed_region_kjdx_g34t":"2090"}},
{"type":"Feature","geometry":{"type":"Point","coordinates":[-73.985026,40.61741]},"properties":{":id":"row-ynzw_nks6_bub6",":version":"rv-8x7y-pjqc-h56k",":created_at":"2025-11-26T05:12:28.340Z",":updated_at":"2025-11-26T05:12:33.910Z","gtfs_stop_id":"N06","station_id":"75","complex_id":"75","division":"BMT","line":"Sea Beach","stop_name":"20 Av","borough":"Bk","cbd":"false","daytime_routes":"N","structure":"Open Cut","gtfs_latitude":"40.61741","gtfs_longitude":"-73.985026","north_direction_label":"Manhattan","south_direction_label":"Coney Island","ada":"0","ada_northbound":"0","ada_southbound":"0","ada_notes":null,":@computed_region_yamh_8v7k":"894",":@computed_region_wbg7_3whc":"882",":@computed_region_kjdx_g34t":"2090"}},
{"type":"Feature","geometry":{"type":"Point","coordinates":[-73.981848,40.611815]},"properties":{":id":"row-gc97.tq8j-twd9",":version":"rv-pszr.drg5-q5md",":created_at":"2025-11-26T05:12:28.340Z",":updated_at":"2025-11-26T05:12:33.910Z","gtfs_stop_id":"N07","station_id":"76","complex_id":"76","division":"BMT","line":"Sea Beach","stop_name":"Bay Pkwy","borough":"Bk","cbd":"false","daytime_routes":"N","structure":"Open Cut","gtfs_latitude":"40.611815","gtfs_longitude":"-73.981848","north_direction_label":"Manhattan","south_direction_label":"Coney Island","ada":"0","ada_northbound":"0","ada_southbound":"0","ada_notes":null,":@computed_region_yamh_8v7k":"894",":@computed_region_wbg7_3whc":"882",":@computed_region_kjdx_g34t":"2090"}},
{"type":"Feature","geometry":{"type":"Point","coordinates":[-73.980353,40.603923]},"properties":{":id":"row-2j3x_nj7u~y5rp",":version":"rv-gyxa.t4yy~nw6b",":created_at":"2025-11-26T05:12:28.340Z",":updated_at":"2025-11-26T05:12:33.910Z","gtfs_stop_id":"N08","station_id":"77","complex_id":"77","division":"BMT","line":"Sea Beach","stop_name":"Kings Hwy","borough":"Bk","cbd":"false","daytime_routes":"N","structure":"Open Cut","gtfs_latitude":"40.603923","gtfs_longitude":"-73.980353","north_direction_label":"Manhattan","south_direction_label":"Coney Island","ada":"0","ada_northbound":"0","ada_southbound":"0","ada_notes":null,":@computed_region_yamh_8v7k":"894",":@computed_region_wbg7_3whc":"902",":@computed_region_kjdx_g34t":"2090"}},
{"type":"Feature","geometry":{"type":"Point","coordinates":[-73.979137,40.597473]},"properties":{":id":"row-km24.nr6j~qf6h",":version":"rv-9fif.nuvk.5seq",":created_at":"2025-11-26T05:12:28.340Z",":updated_at":"2025-11-26T05:12:33.910Z","gtfs_stop_id":"N09","station_id":"78","complex_id":"78","division":"BMT","line":"Sea Beach","stop_name":"Avenue U","borough":"Bk","cbd":"false","daytime_routes":"N","structure":"Open Cut","gtfs_latitude":"40.597473","gtfs_longitude":"-73.979137","north_direction_label":"Manhattan","south_direction_label":"Coney Island","ada":"0","ada_northbound":"0","ada_southbound":"0","ada_notes":null,":@computed_region_yamh_8v7k":"894",":@computed_region_wbg7_3whc":"902",":@computed_region_kjdx_g34t":"2090"}},
{"type":"Feature","geometry":{"type":"Point","coordinates":[-73.97823,40.592721]},"properties":{":id":"row-h8c6_at25~2wy4",":version":"rv-ecnk_hfka_yawr",":created_at":"2025-11-26T05:12:28.340Z",":updated_at":"2025-11-26T05:12:33.910Z","gtfs_stop_id":"N10","station_id":"79","complex_id":"79","division":"BMT","line":"Sea Beach","stop_name":"86 St","borough":"Bk","cbd":"false","daytime_routes":"N","structure":"Open Cut","gtfs_latitude":"40.592721","gtfs_longitude":"-73.97823","north_direction_label":"Manhattan","south_direction_label":"Coney Island","ada":"0","ada_northbound":"0","ada_southbound":"0","ada_notes":null,":@computed_region_yamh_8v7k":"894",":@computed_region_wbg7_3whc":"902",":@computed_region_kjdx_g34t":"2090"}},
{"type":"Feature","geometry":{"type":"Point","coordinates":[-73.828294,40.700492]},"properties":{":id":"row-4ccn.t74p_uj9w",":version":"rv-8fmd.qr68_sqv2",":created_at":"2025-11-26T05:12:28.340Z",":updated_at":"2025-11-26T05:12:33.910Z","gtfs_stop_id":"J12","station_id":"80","complex_id":"80","division":"BMT","line":"Jamaica","stop_name":"121 St","borough":"Q","cbd":"false","daytime_routes":"J Z","structure":"Elevated","gtfs_latitude":"40.700492","gtfs_longitude":"-73.828294","north_direction_label":"Jamaica","south_direction_label":"Manhattan","ada":"0","ada_northbound":"0","ada_southbound":"0","ada_notes":null,":@computed_region_yamh_8v7k":"196",":@computed_region_wbg7_3whc":"1165",":@computed_region_kjdx_g34t":"2137"}},
{"type":"Feature","geometry":{"type":"Point","coordinates":[-73.836345,40.697418]},"properties":{":id":"row-hb7d~wn7d.vh4k",":version":"rv-kh6e.rrh3.q9az",":created_at":"2025-11-26T05:12:28.340Z",":updated_at":"2025-11-26T05:12:33.910Z","gtfs_stop_id":"J13","station_id":"81","complex_id":"81","division":"BMT","line":"Jamaica","stop_name":"111 St","borough":"Q","cbd":"false","daytime_routes":"J","structure":"Elevated","gtfs_latitude":"40.697418","gtfs_longitude":"-73.836345","north_direction_label":"Jamaica","south_direction_label":"Manhattan","ada":"0","ada_northbound":"0","ada_southbound":"0","ada_notes":null,":@computed_region_yamh_8v7k":"196",":@computed_region_wbg7_3whc":"1165",":@computed_region_kjdx_g34t":"2137"}},
{"type":"Feature","geometry":{"type":"Point","coordinates":[-73.84433,40.695178]},"properties":{":id":"row-hxqx-5yq2~j88t",":version":"rv-ygif_uwf5~k8bh",":created_at":"2025-11-26T05:12:28.340Z",":updated_at":"2025-11-26T05:12:33.910Z","gtfs_stop_id":"J14","station_id":"82","complex_id":"82","division":"BMT","line":"Jamaica","stop_name":"104 St","borough":"Q","cbd":"false","daytime_routes":"J Z","structure":"Elevated","gtfs_latitude":"40.695178","gtfs_longitude":"-73.84433","north_direction_label":"Jamaica","south_direction_label":"Manhattan","ada":"0","ada_northbound":"0","ada_southbound":"0","ada_notes":null,":@computed_region_yamh_8v7k":"196",":@computed_region_wbg7_3whc":"1165",":@computed_region_kjdx_g34t":"2137"}},
{"type":"Feature","geometry":{"type":"Point","coordinates":[-73.851576,40.693879]},"properties":{":id":"row-s2pm-qp96-fzsq",":version":"rv-iih7_zb6m_hpk5",":created_at":"2025-11-26T05:12:28.340Z",":updated_at":"2025-11-26T05:12:33.910Z","gtfs_stop_id":"J15","station_id":"83","complex_id":"83","division":"BMT","line":"Jamaica","stop_name":"Woodhaven Blvd","borough":"Q","cbd":"false","daytime_routes":"J Z","structure":"Elevated","gtfs_latitude":"40.693879","gtfs_longitude":"-73.851576","north_direction_label":"Jamaica","south_direction_label":"Manhattan","ada":"1","ada_northbound":"1","ada_southbound":"1","ada_notes":null,":@computed_region_yamh_8v7k":"196",":@computed_region_wbg7_3whc":"1168",":@computed_region_kjdx_g34t":"2137"}},
{"type":"Feature","geometry":{"type":"Point","coordinates":[-73.86001,40.692435]},"properties":{":id":"row-4a3a~mwjf-6gqe",":version":"rv-ajz4.d9yv.iqwi",":created_at":"2025-11-26T05:12:28.340Z",":updated_at":"2025-11-26T05:12:33.910Z","gtfs_stop_id":"J16","station_id":"84","complex_id":"84","division":"BMT","line":"Jamaica","stop_name":"85 St-Forest Pkwy","borough":"Q","cbd":"false","daytime_routes":"J","structure":"Elevated","gtfs_latitude":"40.692435","gtfs_longitude":"-73.86001","north_direction_label":"Jamaica","south_direction_label":"Manhattan","ada":"0","ada_northbound":"0","ada_southbound":"0","ada_notes":null,":@computed_region_yamh_8v7k":"196",":@computed_region_wbg7_3whc":"1168",":@computed_region_kjdx_g34t":"2137"}},
{"type":"Feature","geometry":{"type":"Point","coordinates":[-73.867139,40.691324]},"properties":{":id":"row-aeyu~fzq8-wenw",":version":"rv-kn3r.yykc-7ush",":created_at":"2025-11-26T05:12:28.340Z",":updated_at":"2025-11-26T05:12:33.910Z","gtfs_stop_id":"J17","station_id":"85","complex_id":"85","division":"BMT","line":"Jamaica","stop_name":"75 St-Elderts Ln","borough":"Q","cbd":"false","daytime_routes":"J Z","structure":"Elevated","gtfs_latitude":"40.691324","gtfs_longitude":"-73.867139","north_direction_label":"Jamaica","south_direction_label":"Manhattan","ada":"0","ada_northbound":"0","ada_southbound":"0","ada_notes":null,":@computed_region_yamh_8v7k":"196",":@computed_region_wbg7_3whc":"1168",":@computed_region_kjdx_g34t":"2137"}},
{"type":"Feature","geometry":{"type":"Point","coordinates":[-73.87255,40.689941]},"properties":{":id":"row-5nd9.qqeg~5h5v",":version":"rv-yzfa~j5bi_mm3q",":created_at":"2025-11-26T05:12:28.340Z",":updated_at":"2025-11-26T05:12:33.910Z","gtfs_stop_id":"J19","station_id":"86","complex_id":"86","division":"BMT","line":"Jamaica","stop_name":"Cypress Hills","borough":"Bk","cbd":"false","daytime_routes":"J","structure":"Elevated","gtfs_latitude":"40.689941","gtfs_longitude":"-73.87255","north_direction_label":"Queens","south_direction_label":"Manhattan","ada":"0","ada_northbound":"0","ada_southbound":"0","ada_notes":null,":@computed_region_yamh_8v7k":"894",":@computed_region_wbg7_3whc":"886",":@computed_region_kjdx_g34t":"2137"}},
{"type":"Feature","geometry":{"type":"Point","coordinates":[-73.873785,40.683194]},"properties":{":id":"row-mnqr_4tzt_yy8q",":version":"rv-vzfs.z55b_ysda",":created_at":"2025-11-26T05:12:28.340Z",":updated_at":"2025-11-26T05:12:33.910Z","gtfs_stop_id":"J20","station_id":"87","complex_id":"87","division":"BMT","line":"Jamaica","stop_name":"Crescent St","borough":"Bk","cbd":"false","daytime_routes":"J Z","structure":"Elevated","gtfs_latitude":"40.683194","gtfs_longitude":"-73.873785","north_direction_label":"Outbound","south_direction_label":"Manhattan","ada":"0","ada_northbound":"0","ada_southbound":"0","ada_notes":null,":@computed_region_yamh_8v7k":"894",":@computed_region_wbg7_3whc":"886",":@computed_region_kjdx_g34t":"2137"}},
{"type":"Feature","geometry":{"type":"Point","coordinates":[-73.880039,40.68141]},"properties":{":id":"row-kxh4_xjc5~mbie",":version":"rv-3iwk~jnm2~p8xj",":created_at":"2025-11-26T05:12:28.340Z",":updated_at":"2025-11-26T05:12:33.910Z","gtfs_stop_id":"J21","station_id":"88","complex_id":"88","division":"BMT","line":"Jamaica","stop_name":"Norwood Av","borough":"Bk","cbd":"false","daytime_routes":"J Z","structure":"Elevated","gtfs_latitude":"40.68141","gtfs_longitude":"-73.880039","north_direction_label":"Outbound","south_direction_label":"Manhattan","ada":"0","ada_northbound":"0","ada_southbound":"0","ada_notes":null,":@computed_region_yamh_8v7k":"894",":@computed_region_wbg7_3whc":"886",":@computed_region_kjdx_g34t":"2137"}},
{"type":"Feature","geometry":{"type":"Point","coordinates":[-73.884639,40.679947]},"properties":{":id":"row-uugf.fiy9~8ku2",":version":"rv-2aud-pv2m~hyur",":created_at":"2025-11-26T05:12:28.340Z",":updated_at":"2025-11-26T05:12:33.910Z","gtfs_stop_id":"J22","station_id":"89","complex_id":"89","division":"BMT","line":"Jamaica","stop_name":"Cleveland St","borough":"Bk","cbd":"false","daytime_routes":"J","structure":"Elevated","gtfs_latitude":"40.679947","gtfs_longitude":"-73.884639","north_direction_label":"Outbound","south_direction_label":"Manhattan","ada":"0","ada_northbound":"0","ada_southbound":"0","ada_notes":null,":@computed_region_yamh_8v7k":"894",":@computed_region_wbg7_3whc":"886",":@computed_region_kjdx_g34t":"2137"}},
{"type":"Feature","geometry":{"type":"Point","coordinates":[-73.891688,40.678024]},"properties":{":id":"row-3u3p-n68t~u65x",":version":"rv-yye6.4s6n-uahk",":created_at":"2025-11-26T05:12:28.340Z",":updated_at":"2025-11-26T05:12:33.910Z","gtfs_stop_id":"J23","station_id":"90","complex_id":"90","division":"BMT","line":"Jamaica","stop_name":"Van Siclen Av","borough":"Bk","cbd":"false","daytime_routes":"J Z","structure":"Elevated","gtfs_latitude":"40.678024","gtfs_longitude":"-73.891688","north_direction_label":"Outbound","south_direction_label":"Manhattan","ada":"0","ada_northbound":"0","ada_southbound":"0","ada_notes":null,":@computed_region_yamh_8v7k":"894",":@computed_region_wbg7_3whc":"885",":@computed_region_kjdx_g34t":"2090"}},
{"type":"Feature","geometry":{"type":"Point","coordinates":[-73.898654,40.676992]},"properties":{":id":"row-28z8_gfxi_7wi4",":version":"rv-i9zm-cvm7-q9sk",":created_at":"2025-11-26T05:12:28.340Z",":updated_at":"2025-11-26T05:12:33.910Z","gtfs_stop_id":"J24","station_id":"91","complex_id":"91","division":"BMT","line":"Jamaica","stop_name":"Alabama Av","borough":"Bk","cbd":"false","daytime_routes":"J Z","structure":"Elevated","gtfs_latitude":"40.676992","gtfs_longitude":"-73.898654","north_direction_label":"Outbound","south_direction_label":"Manhattan","ada":"0","ada_northbound":"0","ada_southbound":"0","ada_notes":null,":@computed_region_yamh_8v7k":"894",":@computed_region_wbg7_3whc":"885",":@computed_region_kjdx_g34t":"2090"}},
{"type":"Feature","geometry":{"type":"Point","coordinates":[-73.904512,40.679498]},"properties":{":id":"row-jvrz_5r9v-3wtr",":version":"rv-xev4-5ix8.3d4q",":created_at":"2025-11-26T05:12:28.340Z",":updated_at":"2025-11-26T05:12:33.910Z","gtfs_stop_id":"J27","station_id":"92","complex_id":"621","division":"BMT","line":"Jamaica","stop_name":"Broadway Junction","borough":"Bk","cbd":"false","daytime_routes":"J Z","structure":"Elevated","gtfs_latitude":"40.679498","gtfs_longitude":"-73.904512","north_direction_label":"Outbound","south_direction_label":"Manhattan","ada":"0","ada_northbound":"0","ada_southbound":"0","ada_notes":null,":@computed_region_yamh_8v7k":"894",":@computed_region_wbg7_3whc":"816",":@computed_region_kjdx_g34t":"2090"}},
{"type":"Feature","geometry":{"type":"Point","coordinates":[-73.910456,40.682893]},"properties":{":id":"row-j7ua-d4hq-qxcg",":version":"rv-rtjh-3s3k_2bgc",":created_at":"2025-11-26T05:12:28.340Z",":updated_at":"2025-11-26T05:12:33.910Z","gtfs_stop_id":"J28","station_id":"93","complex_id":"93","division":"BMT","line":"Jamaica","stop_name":"Chauncey St","borough":"Bk","cbd":"false","daytime_routes":"J Z","structure":"Elevated","gtfs_latitude":"40.682893","gtfs_longitude":"-73.910456","north_direction_label":"Outbound","south_direction_label":"Manhattan","ada":"0","ada_northbound":"0","ada_southbound":"0","ada_notes":null,":@computed_region_yamh_8v7k":"894",":@computed_region_wbg7_3whc":"885",":@computed_region_kjdx_g34t":"2090"}},
{"type":"Feature","geometry":{"type":"Point","coordinates":[-73.916559,40.68637]},"properties":{":id":"row-2e6s~vdi9_eqej",":version":"rv-jcuu.iaez_czqb",":created_at":"2025-11-26T05:12:28.340Z",":updated_at":"2025-11-26T05:12:33.910Z","gtfs_stop_id":"J29","station_id":"94","complex_id":"94","division":"BMT","line":"Jamaica","stop_name":"Halsey St","borough":"Bk","cbd":"false","daytime_routes":"J","structure":"Elevated","gtfs_latitude":"40.68637","gtfs_longitude":"-73.916559","north_direction_label":"Outbound","south_direction_label":"Manhattan","ada":"0","ada_northbound":"0","ada_southbound":"0","ada_notes":null,":@computed_region_yamh_8v7k":"894",":@computed_region_wbg7_3whc":"900",":@computed_region_kjdx_g34t":"2090"}},
{"type":"Feature","geometry":{"type":"Point","coordinates":[-73.92227,40.68963]},"properties":{":id":"row-9myi_kszc.djde",":version":"rv-c9pz-d629-isqz",":created_at":"2025-11-26T05:12:28.340Z",":updated_at":"2025-11-26T05:12:33.910Z","gtfs_stop_id":"J30","station_id":"95","complex_id":"95","division":"BMT","line":"Jamaica","stop_name":"Gates Av","borough":"Bk","cbd":"false","daytime_routes":"J Z","structure":"Elevated","gtfs_latitude":"40.68963","gtfs_longitude":"-73.92227","north_direction_label":"Outbound","south_direction_label":"Manhattan","ada":"0","ada_northbound":"0","ada_southbound":"0","ada_notes":null,":@computed_region_yamh_8v7k":"894",":@computed_region_wbg7_3whc":"900",":@computed_region_kjdx_g34t":"2090"}},
{"type":"Feature","geometry":{"type":"Point","coordinates":[-73.928814,40.693342]},"properties":{":id":"row-36bn_xzq4_srsf",":version":"rv-cnaj-kpf5.3i78",":created_at":"2025-11-26T05:12:28.340Z",":updated_at":"2025-11-26T05:12:33.910Z","gtfs_stop_id":"J31","station_id":"96","complex_id":"96","division":"BMT","line":"Jamaica","stop_name":"Kosciuszko St","borough":"Bk","cbd":"false","daytime_routes":"J","structure":"Elevated","gtfs_latitude":"40.693342","gtfs_longitude":"-73.928814","north_direction_label":"Outbound","south_direction_label":"Manhattan","ada":"0","ada_northbound":"0","ada_southbound":"0","ada_notes":null,":@computed_region_yamh_8v7k":"894",":@computed_region_wbg7_3whc":"900",":@computed_region_kjdx_g34t":"2090"}},
{"type":"Feature","geometry":{"type":"Point","coordinates":[-73.935657,40.697207]},"properties":{":id":"row-d9ah_cyni_44mz",":version":"rv-uagw-nbk6-ea33",":created_at":"2025-11-26T05:12:28.340Z",":updated_at":"2025-11-26T05:12:33.910Z","gtfs_stop_id":"M11","station_id":"97","complex_id":"97","division":"BMT","line":"Jamaica","stop_name":"Myrtle Av","borough":"Bk","cbd":"false","daytime_routes":"M J Z","structure":"Elevated","gtfs_latitude":"40.697207","gtfs_longitude":"-73.935657","north_direction_label":"Outbound","south_direction_label":"Manhattan","ada":"0","ada_northbound":"0","ada_southbound":"0","ada_notes":null,":@computed_region_yamh_8v7k":"894",":@computed_region_wbg7_3whc":"884",":@computed_region_kjdx_g34t":"2090"}},
{"type":"Feature","geometry":{"type":"Point","coordinates":[-73.941126,40.70026]},"properties":{":id":"row-hda7~8j5p_7vym",":version":"rv-urgt~tkss_ciwt",":created_at":"2025-11-26T05:12:28.340Z",":updated_at":"2025-11-26T05:12:33.910Z","gtfs_stop_id":"M12","station_id":"98","complex_id":"98","division":"BMT","line":"Jamaica","stop_name":"Flushing Av","borough":"Bk","cbd":"false","daytime_routes":"M J","structure":"Elevated","gtfs_latitude":"40.70026","gtfs_longitude":"-73.941126","north_direction_label":"Outbound","south_direction_label":"Manhattan","ada":"1","ada_northbound":"1","ada_southbound":"1","ada_notes":null,":@computed_region_yamh_8v7k":"894",":@computed_region_wbg7_3whc":"884",":@computed_region_kjdx_g34t":"2090"}},
{"type":"Feature","geometry":{"type":"Point","coordinates":[-73.947408,40.703869]},"properties":{":id":"row-g8fh.e5qz~r4ft",":version":"rv-esxh~894b_rgu8",":created_at":"2025-11-26T05:12:28.340Z",":updated_at":"2025-11-26T05:12:33.910Z","gtfs_stop_id":"M13","station_id":"99","complex_id":"99","division":"BMT","line":"Jamaica","stop_name":"Lorimer St","borough":"Bk","cbd":"false","daytime_routes":"M J","structure":"Elevated","gtfs_latitude":"40.703869","gtfs_longitude":"-73.947408","north_direction_label":"Outbound","south_direction_label":"Manhattan","ada":"0","ada_northbound":"0","ada_southbound":"0","ada_notes":null,":@computed_region_yamh_8v7k":"894",":@computed_region_wbg7_3whc":"884",":@computed_region_kjdx_g34t":"2090"}},
{"type":"Feature","geometry":{"type":"Point","coordinates":[-73.953431,40.70687]},"properties":{":id":"row-pfy3-83zy_7wip",":version":"rv-scwa.u9z5~2yzd",":created_at":"2025-11-26T05:12:28.340Z",":updated_at":"2025-11-26T05:12:33.910Z","gtfs_stop_id":"M14","station_id":"100","complex_id":"100","division":"BMT","line":"Jamaica","stop_name":"Hewes St","borough":"Bk","cbd":"false","daytime_routes":"M J","structure":"Elevated","gtfs_latitude":"40.70687","gtfs_longitude":"-73.953431","north_direction_label":"Outbound","south_direction_label":"Manhattan","ada":"0","ada_northbound":"0","ada_southbound":"0","ada_notes":null,":@computed_region_yamh_8v7k":"894",":@computed_region_wbg7_3whc":"889",":@computed_region_kjdx_g34t":"2090"}},
{"type":"Feature","geometry":{"type":"Point","coordinates":[-73.957757,40.708359]},"properties":{":id":"row-fkab~4j24~7gnc",":version":"rv-eduk.avjr.w78q",":created_at":"2025-11-26T05:12:28.340Z",":updated_at":"2025-11-26T05:12:33.910Z","gtfs_stop_id":"M16","station_id":"101","complex_id":"101","division":"BMT","line":"Jamaica","stop_name":"Marcy Av","borough":"Bk","cbd":"false","daytime_routes":"M J Z","structure":"Elevated","gtfs_latitude":"40.708359","gtfs_longitude":"-73.957757","north_direction_label":"Outbound","south_direction_label":"Manhattan","ada":"1","ada_northbound":"1","ada_southbound":"1","ada_notes":null,":@computed_region_yamh_8v7k":"894",":@computed_region_wbg7_3whc":"889",":@computed_region_kjdx_g34t":"2090"}},
{"type":"Feature","geometry":{"type":"Point","coordinates":[-73.987437,40.718315]},"properties":{":id":"row-pvwz_it89~p46k",":version":"rv-gvmb_hurf.zgy8",":created_at":"2025-11-26T05:12:28.340Z",":updated_at":"2025-11-26T05:12:33.910Z","gtfs_stop_id":"M18","station_id":"102","complex_id":"625","division":"BMT","line":"Jamaica","stop_name":"Delancey St-Essex St","borough":"M","cbd":"true","daytime_routes":"M J Z","structure":"Subway","gtfs_latitude":"40.718315","gtfs_longitude":"-73.987437","north_direction_label":"Brooklyn","south_direction_label":"Inbound","ada":"0","ada_northbound":"0","ada_southbound":"0","ada_notes":null,":@computed_region_yamh_8v7k":"749",":@computed_region_wbg7_3whc":"718",":@computed_region_kjdx_g34t":"2095"}},
{"type":"Feature","geometry":{"type":"Point","coordinates":[-73.993915,40.72028]},"properties":{":id":"row-e8wx.dzqh~4ceg",":version":"rv-g42x~dsju.t6e7",":created_at":"2025-11-26T05:12:28.340Z",":updated_at":"2025-11-26T05:12:33.910Z","gtfs_stop_id":"M19","station_id":"103","complex_id":"103","division":"BMT","line":"Jamaica","stop_name":"Bowery","borough":"M","cbd":"true","daytime_routes":"J Z","structure":"Subway","gtfs_latitude":"40.72028","gtfs_longitude":"-73.993915","north_direction_label":"Brooklyn","south_direction_label":"Downtown","ada":"0","ada_northbound":"0","ada_southbound":"0","ada_notes":null,":@computed_region_yamh_8v7k":"749",":@computed_region_wbg7_3whc":"718",":@computed_region_kjdx_g34t":"2095"}},
{"type":"Feature","geometry":{"type":"Point","coordinates":[-73.999892,40.718092]},"properties":{":id":"row-kymf_bvfr-uck9",":version":"rv-ki3i_j6fy-ktf9",":created_at":"2025-11-26T05:12:28.340Z",":updated_at":"2025-11-26T05:12:33.910Z","gtfs_stop_id":"M20","station_id":"104","complex_id":"623","division":"BMT","line":"Jamaica","stop_name":"Canal St","borough":"M","cbd":"true","daytime_routes":"J Z","structure":"Subway","gtfs_latitude":"40.718092","gtfs_longitude":"-73.999892","north_direction_label":"Brooklyn","south_direction_label":"Downtown","ada":"0","ada_northbound":"0","ada_southbound":"0","ada_notes":null,":@computed_region_yamh_8v7k":"749",":@computed_region_wbg7_3whc":"737",":@computed_region_kjdx_g34t":"2095"}},
{"type":"Feature","geometry":{"type":"Point","coordinates":[-74.003401,40.713243]},"properties":{":id":"row-8hu6.mkkj~p6kw",":version":"rv-8zh9-zn2v-3sgm",":created_at":"2025-11-26T05:12:28.340Z",":updated_at":"2025-11-26T05:12:33.910Z","gtfs_stop_id":"M21","station_id":"105","complex_id":"622","division":"BMT","line":"Jamaica","stop_name":"Chambers St","borough":"M","cbd":"true","daytime_routes":"J Z","structure":"Subway","gtfs_latitude":"40.713243","gtfs_longitude":"-74.003401","north_direction_label":"Brooklyn","south_direction_label":"Downtown","ada":"1","ada_northbound":"1","ada_southbound":"1","ada_notes":null,":@computed_region_yamh_8v7k":"749",":@computed_region_wbg7_3whc":"723",":@computed_region_kjdx_g34t":"2095"}},
{"type":"Feature","geometry":{"type":"Point","coordinates":[-74.007582,40.710374]},"properties":{":id":"row-pfdu~ve5t_y7rs",":version":"rv-2t7v.6ji8_p3k6",":created_at":"2025-11-26T05:12:28.340Z",":updated_at":"2025-11-26T05:12:33.910Z","gtfs_stop_id":"M22","station_id":"106","complex_id":"628","division":"BMT","line":"Jamaica","stop_name":"Fulton St","borough":"M","cbd":"true","daytime_routes":"J Z","structure":"Subway","gtfs_latitude":"40.710374","gtfs_longitude":"-74.007582","north_direction_label":"Brooklyn","south_direction_label":"Downtown","ada":"1","ada_northbound":"1","ada_southbound":"1","ada_notes":null,":@computed_region_yamh_8v7k":"749",":@computed_region_wbg7_3whc":"797",":@computed_region_kjdx_g34t":"2095"}},
{"type":"Feature","geometry":{"type":"Point","coordinates":[-74.011056,40.706476]},"properties":{":id":"row-9pv6_fgfm~2v5c",":version":"rv-zyf5.hj56.gi8y",":created_at":"2025-11-26T05:12:28.340Z",":updated_at":"2025-11-26T05:12:33.910Z","gtfs_stop_id":"M23","station_id":"107","complex_id":"107","division":"BMT","line":"Jamaica","stop_name":"Broad St","borough":"M","cbd":"true","daytime_routes":"J Z","structure":"Subway","gtfs_latitude":"40.706476","gtfs_longitude":"-74.011056","north_direction_label":"Brooklyn","south_direction_label":"Last Stop","ada":"0","ada_northbound":"0","ada_southbound":"0","ada_notes":null,":@computed_region_yamh_8v7k":"749",":@computed_region_wbg7_3whc":"721",":@computed_region_kjdx_g34t":"2095"}},
{"type":"Feature","geometry":{"type":"Point","coordinates":[-73.889601,40.711396]},"properties":{":id":"row-ayiq.mjee~9j69",":version":"rv-wru2~9j2b_wj9u",":created_at":"2025-11-26T05:12:28.340Z",":updated_at":"2025-11-26T05:12:33.910Z","gtfs_stop_id":"M01","station_id":"108","complex_id":"108","division":"BMT","line":"Myrtle Av","stop_name":"Middle Village-Metropolitan Av","borough":"Q","cbd":"false","daytime_routes":"M","structure":"Elevated","gtfs_latitude":"40.711396","gtfs_longitude":"-73.889601","north_direction_label":"Inbound","south_direction_label":"Last Stop","ada":"1","ada_northbound":"1","ada_southbound":"1","ada_notes":null,":@computed_region_yamh_8v7k":"196",":@computed_region_wbg7_3whc":"848",":@computed_region_kjdx_g34t":"2137"}},
{"type":"Feature","geometry":{"type":"Point","coordinates":[-73.895877,40.706186]},"properties":{":id":"row-iexi-cphz-ejc2",":version":"rv-4yew_pt9t_296b",":created_at":"2025-11-26T05:12:28.340Z",":updated_at":"2025-11-26T05:12:33.910Z","gtfs_stop_id":"M04","station_id":"109","complex_id":"109","division":"BMT","line":"Myrtle Av","stop_name":"Fresh Pond Rd","borough":"Q","cbd":"false","daytime_routes":"M","structure":"Elevated","gtfs_latitude":"40.706186","gtfs_longitude":"-73.895877","north_direction_label":"Inbound","south_direction_label":"Middle Village","ada":"0","ada_northbound":"0","ada_southbound":"0","ada_notes":null,":@computed_region_yamh_8v7k":"196",":@computed_region_wbg7_3whc":"849",":@computed_region_kjdx_g34t":"2137"}},
{"type":"Feature","geometry":{"type":"Point","coordinates":[-73.903077,40.704423]},"properties":{":id":"row-jtjh_9f4w-namv",":version":"rv-wgt9~qnxt_d9i4",":created_at":"2025-11-26T05:12:28.340Z",":updated_at":"2025-11-26T05:12:33.910Z","gtfs_stop_id":"M05","station_id":"110","complex_id":"110","division":"BMT","line":"Myrtle Av","stop_name":"Forest Av","borough":"Q","cbd":"false","daytime_routes":"M","structure":"Elevated","gtfs_latitude":"40.704423","gtfs_longitude":"-73.903077","north_direction_label":"Inbound","south_direction_label":"Middle Village","ada":"0","ada_northbound":"0","ada_southbound":"0","ada_notes":null,":@computed_region_yamh_8v7k":"196",":@computed_region_wbg7_3whc":"849",":@computed_region_kjdx_g34t":"2137"}},
{"type":"Feature","geometry":{"type":"Point","coordinates":[-73.90774,40.702762]},"properties":{":id":"row-a29y~8i4a.dtmb",":version":"rv-fkwv-x7zw~5fkv",":created_at":"2025-11-26T05:12:28.340Z",":updated_at":"2025-11-26T05:12:33.910Z","gtfs_stop_id":"M06","station_id":"111","complex_id":"111","division":"BMT","line":"Myrtle Av","stop_name":"Seneca Av","borough":"Q","cbd":"false","daytime_routes":"M","structure":"Elevated","gtfs_latitude":"40.702762","gtfs_longitude":"-73.90774","north_direction_label":"Inbound","south_direction_label":"Middle Village","ada":"0","ada_northbound":"0","ada_southbound":"0","ada_notes":null,":@computed_region_yamh_8v7k":"196",":@computed_region_wbg7_3whc":"849",":@computed_region_kjdx_g34t":"2137"}},
{"type":"Feature","geometry":{"type":"Point","coordinates":[-73.912385,40.69943]},"properties":{":id":"row-khsq-w4dq_3zsj",":version":"rv-xxg2-pjfb_fmis",":created_at":"2025-11-26T05:12:28.340Z",":updated_at":"2025-11-26T05:12:33.910Z","gtfs_stop_id":"M08","station_id":"112","complex_id":"630","division":"BMT","line":"Myrtle Av","stop_name":"Myrtle-Wyckoff Avs","borough":"Bk","cbd":"false","daytime_routes":"M","structure":"Elevated","gtfs_latitude":"40.69943","gtfs_longitude":"-73.912385","north_direction_label":"Inbound","south_direction_label":"Middle Village","ada":"1","ada_northbound":"1","ada_southbound":"1","ada_notes":null,":@computed_region_yamh_8v7k":"894",":@computed_region_wbg7_3whc":"820",":@computed_region_kjdx_g34t":"2090"}},
{"type":"Feature","geometry":{"type":"Point","coordinates":[-73.919711,40.698664]},"properties":{":id":"row-p8pm~aern_a5cp",":version":"rv-smju_u3p4_smrn",":created_at":"2025-11-26T05:12:28.340Z",":updated_at":"2025-11-26T05:12:33.910Z","gtfs_stop_id":"M09","station_id":"113","complex_id":"113","division":"BMT","line":"Myrtle Av","stop_name":"Knickerbocker Av","borough":"Bk","cbd":"false","daytime_routes":"M","structure":"Elevated","gtfs_latitude":"40.698664","gtfs_longitude":"-73.919711","north_direction_label":"Inbound","south_direction_label":"Middle Village","ada":"0","ada_northbound":"0","ada_southbound":"0","ada_notes":null,":@computed_region_yamh_8v7k":"894",":@computed_region_wbg7_3whc":"820",":@computed_region_kjdx_g34t":"2090"}},
{"type":"Feature","geometry":{"type":"Point","coordinates":[-73.927397,40.697857]},"properties":{":id":"row-c653_5aj6~ihee",":version":"rv-38ev_uegw_bnh9",":created_at":"2025-11-26T05:12:28.340Z",":updated_at":"2025-11-26T05:12:33.910Z","gtfs_stop_id":"M10","station_id":"114","complex_id":"114","division":"BMT","line":"Myrtle Av","stop_name":"Central Av","borough":"Bk","cbd":"false","daytime_routes":"M","structure":"Elevated","gtfs_latitude":"40.697857","gtfs_longitude":"-73.927397","north_direction_label":"Inbound","south_direction_label":"Middle Village","ada":"0","ada_northbound":"0","ada_southbound":"0","ada_notes":null,":@computed_region_yamh_8v7k":"894",":@computed_region_wbg7_3whc":"900",":@computed_region_kjdx_g34t":"2090"}},
{"type":"Feature","geometry":{"type":"Point","coordinates":[-74.002578,40.739777]},"properties":{":id":"row-kvf3_pbdt_kvcp",":version":"rv-xn8a-6ifs_ehzp",":created_at":"2025-11-26T05:12:28.340Z",":updated_at":"2025-11-26T05:12:33.910Z","gtfs_stop_id":"L01","station_id":"115","complex_id":"618","division":"BMT","line":"Canarsie","stop_name":"8 Av","borough":"M","cbd":"true","daytime_routes":"L","structure":"Subway","gtfs_latitude":"40.739777","gtfs_longitude":"-74.002578","north_direction_label":"Last Stop","south_direction_label":"Brooklyn","ada":"1","ada_northbound":"1","ada_southbound":"1","ada_notes":null,":@computed_region_yamh_8v7k":"749",":@computed_region_wbg7_3whc":"735",":@computed_region_kjdx_g34t":"2095"}},
{"type":"Feature","geometry":{"type":"Point","coordinates":[-73.996786,40.737335]},"properties":{":id":"row-8g6p~xggu~vhj8",":version":"rv-9j8r~xwjy~pe47",":created_at":"2025-11-26T05:12:28.340Z",":updated_at":"2025-11-26T05:12:33.910Z","gtfs_stop_id":"L02","station_id":"116","complex_id":"601","division":"BMT","line":"Canarsie","stop_name":"6 Av","borough":"M","cbd":"true","daytime_routes":"L","structure":"Subway","gtfs_latitude":"40.737335","gtfs_longitude":"-73.996786","north_direction_label":"West Side","south_direction_label":"Brooklyn","ada":"1","ada_northbound":"1","ada_southbound":"1","ada_notes":null,":@computed_region_yamh_8v7k":"749",":@computed_region_wbg7_3whc":"735",":@computed_region_kjdx_g34t":"2095"}},
{"type":"Feature","geometry":{"type":"Point","coordinates":[-73.99073,40.734789]},"properties":{":id":"row-u76w-ae3f_xbki",":version":"rv-vvwm_7wp3_cdgy",":created_at":"2025-11-26T05:12:28.340Z",":updated_at":"2025-11-26T05:12:33.910Z","gtfs_stop_id":"L03","station_id":"117","complex_id":"602","division":"BMT","line":"Canarsie","stop_name":"14 St-Union Sq","borough":"M","cbd":"true","daytime_routes":"L","structure":"Subway","gtfs_latitude":"40.734789","gtfs_longitude":"-73.99073","north_direction_label":"West Side","south_direction_label":"Brooklyn","ada":"1","ada_northbound":"1","ada_southbound":"1","ada_notes":null,":@computed_region_yamh_8v7k":"749",":@computed_region_wbg7_3whc":"719",":@computed_region_kjdx_g34t":"2095"}},
{"type":"Feature","geometry":{"type":"Point","coordinates":[-73.986122,40.732849]},"properties":{":id":"row-5e55-asts~qtpb",":version":"rv-jjxp-4p9q_92dd",":created_at":"2025-11-26T05:12:28.340Z",":updated_at":"2025-11-26T05:12:33.910Z","gtfs_stop_id":"L05","station_id":"118","complex_id":"118","division":"BMT","line":"Canarsie","stop_name":"3 Av","borough":"M","cbd":"true","daytime_routes":"L","structure":"Subway","gtfs_latitude":"40.732849","gtfs_longitude":"-73.986122","north_direction_label":"West Side","south_direction_label":"Brooklyn","ada":"0","ada_northbound":"0","ada_southbound":"0","ada_notes":null,":@computed_region_yamh_8v7k":"749",":@computed_region_wbg7_3whc":"719",":@computed_region_kjdx_g34t":"2095"}},
{"type":"Feature","geometry":{"type":"Point","coordinates":[-73.981628,40.730953]},"properties":{":id":"row-hmit_8fkn~k8x7",":version":"rv-6cfi~xvs8.3wju",":created_at":"2025-11-26T05:12:28.340Z",":updated_at":"2025-11-26T05:12:33.910Z","gtfs_stop_id":"L06","station_id":"119","complex_id":"119","division":"BMT","line":"Canarsie","stop_name":"1 Av","borough":"M","cbd":"true","daytime_routes":"L","structure":"Subway","gtfs_latitude":"40.730953","gtfs_longitude":"-73.981628","north_direction_label":"West Side","south_direction_label":"Brooklyn","ada":"1","ada_northbound":"1","ada_southbound":"1","ada_notes":null,":@computed_region_yamh_8v7k":"749",":@computed_region_wbg7_3whc":"724",":@computed_region_kjdx_g34t":"2095"}},
{"type":"Feature","geometry":{"type":"Point","coordinates":[-73.956872,40.717304]},"properties":{":id":"row-j7ec.9wy2~hnyw",":version":"rv-vxwn~hpkj.curc",":created_at":"2025-11-26T05:12:28.340Z",":updated_at":"2025-11-26T05:12:33.910Z","gtfs_stop_id":"L08","station_id":"120","complex_id":"120","division":"BMT","line":"Canarsie","stop_name":"Bedford Av","borough":"Bk","cbd":"false","daytime_routes":"L","structure":"Subway","gtfs_latitude":"40.717304","gtfs_longitude":"-73.956872","north_direction_label":"Manhattan","south_direction_label":"Outbound","ada":"1","ada_northbound":"1","ada_southbound":"1","ada_notes":null,":@computed_region_yamh_8v7k":"894",":@computed_region_wbg7_3whc":"889",":@computed_region_kjdx_g34t":"2090"}},
{"type":"Feature","geometry":{"type":"Point","coordinates":[-73.950275,40.714063]},"properties":{":id":"row-8522.3qk9~jprn",":version":"rv-f5w3.9ieq~byvq",":created_at":"2025-11-26T05:12:28.340Z",":updated_at":"2025-11-26T05:12:33.910Z","gtfs_stop_id":"L10","station_id":"121","complex_id":"629","division":"BMT","line":"Canarsie","stop_name":"Lorimer St","borough":"Bk","cbd":"false","daytime_routes":"L","structure":"Subway","gtfs_latitude":"40.714063","gtfs_longitude":"-73.950275","north_direction_label":"Manhattan","south_direction_label":"Outbound","ada":"1","ada_northbound":"1","ada_southbound":"1","ada_notes":null,":@computed_region_yamh_8v7k":"894",":@computed_region_wbg7_3whc":"889",":@computed_region_kjdx_g34t":"2090"}},
{"type":"Feature","geometry":{"type":"Point","coordinates":[-73.944053,40.714565]},"properties":{":id":"row-3xpj~cm5n.kqmp",":version":"rv-cnpe-wnjb.536k",":created_at":"2025-11-26T05:12:28.340Z",":updated_at":"2025-11-26T05:12:33.910Z","gtfs_stop_id":"L11","station_id":"122","complex_id":"122","division":"BMT","line":"Canarsie","stop_name":"Graham Av","borough":"Bk","cbd":"false","daytime_routes":"L","structure":"Subway","gtfs_latitude":"40.714565","gtfs_longitude":"-73.944053","north_direction_label":"Manhattan","south_direction_label":"Outbound","ada":"0","ada_northbound":"0","ada_southbound":"0","ada_notes":null,":@computed_region_yamh_8v7k":"894",":@computed_region_wbg7_3whc":"889",":@computed_region_kjdx_g34t":"2090"}},
{"type":"Feature","geometry":{"type":"Point","coordinates":[-73.94067,40.711926]},"properties":{":id":"row-dfk4~ru46~5wvu",":version":"rv-nx9a.q6rz~vk9s",":created_at":"2025-11-26T05:12:28.340Z",":updated_at":"2025-11-26T05:12:33.910Z","gtfs_stop_id":"L12","station_id":"123","complex_id":"123","division":"BMT","line":"Canarsie","stop_name":"Grand St","borough":"Bk","cbd":"false","daytime_routes":"L","structure":"Subway","gtfs_latitude":"40.711926","gtfs_longitude":"-73.94067","north_direction_label":"Manhattan","south_direction_label":"Outbound","ada":"1","ada_northbound":"1","ada_southbound":"1","ada_notes":null,":@computed_region_yamh_8v7k":"894",":@computed_region_wbg7_3whc":"889",":@computed_region_kjdx_g34t":"2090"}},
{"type":"Feature","geometry":{"type":"Point","coordinates":[-73.93985,40.707739]},"properties":{":id":"row-93ea.yxmr~ycpg",":version":"rv-jnrp.a9cd-c6sk",":created_at":"2025-11-26T05:12:28.340Z",":updated_at":"2025-11-26T05:12:33.910Z","gtfs_stop_id":"L13","station_id":"124","complex_id":"124","division":"BMT","line":"Canarsie","stop_name":"Montrose Av","borough":"Bk","cbd":"false","daytime_routes":"L","structure":"Subway","gtfs_latitude":"40.707739","gtfs_longitude":"-73.93985","north_direction_label":"Manhattan","south_direction_label":"Outbound","ada":"0","ada_northbound":"0","ada_southbound":"0","ada_notes":null,":@computed_region_yamh_8v7k":"894",":@computed_region_wbg7_3whc":"884",":@computed_region_kjdx_g34t":"2090"}},
{"type":"Feature","geometry":{"type":"Point","coordinates":[-73.933147,40.706152]},"properties":{":id":"row-qdd6~pcym-buqt",":version":"rv-622j.dt7t-225r",":created_at":"2025-11-26T05:12:28.340Z",":updated_at":"2025-11-26T05:12:33.910Z","gtfs_stop_id":"L14","station_id":"125","complex_id":"125","division":"BMT","line":"Canarsie","stop_name":"Morgan Av","borough":"Bk","cbd":"false","daytime_routes":"L","structure":"Subway","gtfs_latitude":"40.706152","gtfs_longitude":"-73.933147","north_direction_label":"Manhattan","south_direction_label":"Outbound","ada":"0","ada_northbound":"0","ada_southbound":"0","ada_notes":null,":@computed_region_yamh_8v7k":"894",":@computed_region_wbg7_3whc":"884",":@computed_region_kjdx_g34t":"2090"}},
{"type":"Feature","geometry":{"type":"Point","coordinates":[-73.922913,40.706607]},"properties":{":id":"row-gyvh_dj7m~jcbx",":version":"rv-iy84.tkmg~dtjs",":created_at":"2025-11-26T05:12:28.340Z",":updated_at":"2025-11-26T05:12:33.910Z","gtfs_stop_id":"L15","station_id":"126","complex_id":"126","division":"BMT","line":"Canarsie","stop_name":"Jefferson St","borough":"Bk","cbd":"false","daytime_routes":"L","structure":"Subway","gtfs_latitude":"40.706607","gtfs_longitude":"-73.922913","north_direction_label":"Manhattan","south_direction_label":"Outbound","ada":"0","ada_northbound":"0","ada_southbound":"0","ada_notes":null,":@computed_region_yamh_8v7k":"894",":@computed_region_wbg7_3whc":"820",":@computed_region_kjdx_g34t":"2090"}},
{"type":"Feature","geometry":{"type":"Point","coordinates":[-73.918425,40.703811]},"properties":{":id":"row-2qet~72ea-geah",":version":"rv-8m3b.we5g_d42w",":created_at":"2025-11-26T05:12:28.340Z",":updated_at":"2025-11-26T05:12:33.910Z","gtfs_stop_id":"L16","station_id":"127","complex_id":"127","division":"BMT","line":"Canarsie","stop_name":"DeKalb Av","borough":"Bk","cbd":"false","daytime_routes":"L","structure":"Subway","gtfs_latitude":"40.703811","gtfs_longitude":"-73.918425","north_direction_label":"Manhattan","south_direction_label":"Outbound","ada":"0","ada_northbound":"0","ada_southbound":"0","ada_notes":null,":@computed_region_yamh_8v7k":"894",":@computed_region_wbg7_3whc":"820",":@computed_region_kjdx_g34t":"2090"}},
{"type":"Feature","geometry":{"type":"Point","coordinates":[-73.911586,40.699814]},"properties":{":id":"row-y59t-8fkh-ejb4",":version":"rv-6s6e.799v_bbrh",":created_at":"2025-11-26T05:12:28.340Z",":updated_at":"2025-11-26T05:12:33.910Z","gtfs_stop_id":"L17","station_id":"128","complex_id":"630","division":"BMT","line":"Canarsie","stop_name":"Myrtle-Wyckoff Avs","borough":"Bk","cbd":"false","daytime_routes":"L","structure":"Subway","gtfs_latitude":"40.699814","gtfs_longitude":"-73.911586","north_direction_label":"Manhattan","south_direction_label":"Outbound","ada":"1","ada_northbound":"1","ada_southbound":"1","ada_notes":null,":@computed_region_yamh_8v7k":"894",":@computed_region_wbg7_3whc":"820",":@computed_region_kjdx_g34t":"2090"}},
{"type":"Feature","geometry":{"type":"Point","coordinates":[-73.904084,40.695602]},"properties":{":id":"row-h5vc_3yf3-gxvh",":version":"rv-dvgy-zhrk-cu32",":created_at":"2025-11-26T05:12:28.340Z",":updated_at":"2025-11-26T05:12:33.910Z","gtfs_stop_id":"L19","station_id":"129","complex_id":"129","division":"BMT","line":"Canarsie","stop_name":"Halsey St","borough":"Q","cbd":"false","daytime_routes":"L","structure":"Subway","gtfs_latitude":"40.695602","gtfs_longitude":"-73.904084","north_direction_label":"Manhattan","south_direction_label":"Outbound","ada":"0","ada_northbound":"0","ada_southbound":"0","ada_notes":null,":@computed_region_yamh_8v7k":"196",":@computed_region_wbg7_3whc":"849",":@computed_region_kjdx_g34t":"2090"}},
{"type":"Feature","geometry":{"type":"Point","coordinates":[-73.904046,40.688764]},"properties":{":id":"row-vw7s-hrc3.6ik5",":version":"rv-5atf~e2jh.kekq",":created_at":"2025-11-26T05:12:28.340Z",":updated_at":"2025-11-26T05:12:33.910Z","gtfs_stop_id":"L20","station_id":"130","complex_id":"130","division":"BMT","line":"Canarsie","stop_name":"Wilson Av","borough":"Bk","cbd":"false","daytime_routes":"L","structure":"Subway","gtfs_latitude":"40.688764","gtfs_longitude":"-73.904046","north_direction_label":"Manhattan","south_direction_label":"Outbound","ada":"2","ada_northbound":"1","ada_southbound":"0","ada_notes":"Manhattan-bound only",":@computed_region_yamh_8v7k":"894",":@computed_region_wbg7_3whc":"885",":@computed_region_kjdx_g34t":"2090"}},
{"type":"Feature","geometry":{"type":"Point","coordinates":[-73.905249,40.682829]},"properties":{":id":"row-epcw~qxxk.gkr3",":version":"rv-y7kd-p4a6.84yp",":created_at":"2025-11-26T05:12:28.340Z",":updated_at":"2025-11-26T05:12:33.910Z","gtfs_stop_id":"L21","station_id":"131","complex_id":"131","division":"BMT","line":"Canarsie","stop_name":"Bushwick Av-Aberdeen St","borough":"Bk","cbd":"false","daytime_routes":"L","structure":"Subway","gtfs_latitude":"40.682829","gtfs_longitude":"-73.905249","north_direction_label":"Manhattan","south_direction_label":"Outbound","ada":"0","ada_northbound":"0","ada_southbound":"0","ada_notes":null,":@computed_region_yamh_8v7k":"894",":@computed_region_wbg7_3whc":"885",":@computed_region_kjdx_g34t":"2090"}},
{"type":"Feature","geometry":{"type":"Point","coordinates":[-73.90324,40.678856]},"properties":{":id":"row-6mt6_mee3_pp9w",":version":"rv-4z8h_v2ch_w3xa",":created_at":"2025-11-26T05:12:28.340Z",":updated_at":"2025-11-26T05:12:33.910Z","gtfs_stop_id":"L22","station_id":"132","complex_id":"621","division":"BMT","line":"Canarsie","stop_name":"Broadway Junction","borough":"Bk","cbd":"false","daytime_routes":"L","structure":"Elevated","gtfs_latitude":"40.678856","gtfs_longitude":"-73.90324","north_direction_label":"Manhattan","south_direction_label":"Outbound","ada":"0","ada_northbound":"0","ada_southbound":"0","ada_notes":null,":@computed_region_yamh_8v7k":"894",":@computed_region_wbg7_3whc":"885",":@computed_region_kjdx_g34t":"2090"}},
{"type":"Feature","geometry":{"type":"Point","coordinates":[-73.903097,40.675345]},"properties":{":id":"row-fwsi-ixnr-34kr",":version":"rv-tyuf.6273-42d2",":created_at":"2025-11-26T05:12:28.340Z",":updated_at":"2025-11-26T05:12:33.910Z","gtfs_stop_id":"L24","station_id":"133","complex_id":"133","division":"BMT","line":"Canarsie","stop_name":"Atlantic Av","borough":"Bk","cbd":"false","daytime_routes":"L","structure":"Elevated","gtfs_latitude":"40.675345","gtfs_longitude":"-73.903097","north_direction_label":"Manhattan","south_direction_label":"Canarsie","ada":"0","ada_northbound":"0","ada_southbound":"0","ada_notes":null,":@computed_region_yamh_8v7k":"894",":@computed_region_wbg7_3whc":"885",":@computed_region_kjdx_g34t":"2090"}},
{"type":"Feature","geometry":{"type":"Point","coordinates":[-73.901975,40.669367]},"properties":{":id":"row-bqh8.ifp4~eypq",":version":"rv-3fhn.xq82_gdmc",":created_at":"2025-11-26T05:12:28.340Z",":updated_at":"2025-11-26T05:12:33.910Z","gtfs_stop_id":"L25","station_id":"134","complex_id":"134","division":"BMT","line":"Canarsie","stop_name":"Sutter Av","borough":"Bk","cbd":"false","daytime_routes":"L","structure":"Elevated","gtfs_latitude":"40.669367","gtfs_longitude":"-73.901975","north_direction_label":"Manhattan","south_direction_label":"Canarsie","ada":"0","ada_northbound":"0","ada_southbound":"0","ada_notes":null,":@computed_region_yamh_8v7k":"894",":@computed_region_wbg7_3whc":"890",":@computed_region_kjdx_g34t":"2090"}},
{"type":"Feature","geometry":{"type":"Point","coordinates":[-73.900571,40.664038]},"properties":{":id":"row-arwi~zaya-e34q",":version":"rv-zc52_yuf3-2yj6",":created_at":"2025-11-26T05:12:28.340Z",":updated_at":"2025-11-26T05:12:33.910Z","gtfs_stop_id":"L26","station_id":"135","complex_id":"135","division":"BMT","line":"Canarsie","stop_name":"Livonia Av","borough":"Bk","cbd":"false","daytime_routes":"L","structure":"Elevated","gtfs_latitude":"40.664038","gtfs_longitude":"-73.900571","north_direction_label":"Manhattan","south_direction_label":"Canarsie","ada":"1","ada_northbound":"1","ada_southbound":"1","ada_notes":null,":@computed_region_yamh_8v7k":"894",":@computed_region_wbg7_3whc":"890",":@computed_region_kjdx_g34t":"2090"}},
{"type":"Feature","geometry":{"type":"Point","coordinates":[-73.899232,40.658733]},"properties":{":id":"row-bfdk-kc2q_s8iw",":version":"rv-wcp7~ccj9~fkqu",":created_at":"2025-11-26T05:12:28.340Z",":updated_at":"2025-11-26T05:12:33.910Z","gtfs_stop_id":"L27","station_id":"136","complex_id":"136","division":"BMT","line":"Canarsie","stop_name":"New Lots Av","borough":"Bk","cbd":"false","daytime_routes":"L","structure":"Elevated","gtfs_latitude":"40.658733","gtfs_longitude":"-73.899232","north_direction_label":"Manhattan","south_direction_label":"Canarsie","ada":"0","ada_northbound":"0","ada_southbound":"0","ada_notes":null,":@computed_region_yamh_8v7k":"894",":@computed_region_wbg7_3whc":"885",":@computed_region_kjdx_g34t":"2090"}},
{"type":"Feature","geometry":{"type":"Point","coordinates":[-73.899485,40.650573]},"properties":{":id":"row-zecg~eeaz~a3j2",":version":"rv-64mb~6gcs-ifx7",":created_at":"2025-11-26T05:12:28.340Z",":updated_at":"2025-11-26T05:12:33.910Z","gtfs_stop_id":"L28","station_id":"137","complex_id":"137","division":"BMT","line":"Canarsie","stop_name":"East 105 St","borough":"Bk","cbd":"false","daytime_routes":"L","structure":"At Grade","gtfs_latitude":"40.650573","gtfs_longitude":"-73.899485","north_direction_label":"Manhattan","south_direction_label":"Canarsie","ada":"0","ada_northbound":"0","ada_southbound":"0","ada_notes":null,":@computed_region_yamh_8v7k":"894",":@computed_region_wbg7_3whc":"819",":@computed_region_kjdx_g34t":"2090"}},
{"type":"Feature","geometry":{"type":"Point","coordinates":[-73.90185,40.646654]},"properties":{":id":"row-48c5-63vm_92xg",":version":"rv-4kez.jjnm_fjbg",":created_at":"2025-11-26T05:12:28.340Z",":updated_at":"2025-11-26T05:12:33.910Z","gtfs_stop_id":"L29","station_id":"138","complex_id":"138","division":"BMT","line":"Canarsie","stop_name":"Canarsie-Rockaway Pkwy","borough":"Bk","cbd":"false","daytime_routes":"L","structure":"At Grade","gtfs_latitude":"40.646654","gtfs_longitude":"-73.90185","north_direction_label":"Manhattan","south_direction_label":"Last Stop","ada":"1","ada_northbound":"1","ada_southbound":"1","ada_notes":null,":@computed_region_yamh_8v7k":"894",":@computed_region_wbg7_3whc":"819",":@computed_region_kjdx_g34t":"2090"}},
{"type":"Feature","geometry":{"type":"Point","coordinates":[-73.955827,40.680596]},"properties":{":id":"row-e89i.s3r7-m3ei",":version":"rv-y5bi-wqy3_pxw8",":created_at":"2025-11-26T05:12:28.340Z",":updated_at":"2025-11-26T05:12:33.910Z","gtfs_stop_id":"S01","station_id":"139","complex_id":"627","division":"BMT","line":"Franklin Shuttle","stop_name":"Franklin Av","borough":"Bk","cbd":"false","daytime_routes":"S","structure":"Elevated","gtfs_latitude":"40.680596","gtfs_longitude":"-73.955827","north_direction_label":"Last Stop","south_direction_label":"Prospect Park","ada":"1","ada_northbound":"1","ada_southbound":"1","ada_notes":null,":@computed_region_yamh_8v7k":"894",":@computed_region_wbg7_3whc":"821",":@computed_region_kjdx_g34t":"2090"}},
{"type":"Feature","geometry":{"type":"Point","coordinates":[-73.957624,40.674772]},"properties":{":id":"row-ynqw.w7t9~6fmm",":version":"rv-zgq9_9x84.p6h4",":created_at":"2025-11-26T05:12:28.340Z",":updated_at":"2025-11-26T05:12:33.910Z","gtfs_stop_id":"S03","station_id":"141","complex_id":"141","division":"BMT","line":"Franklin Shuttle","stop_name":"Park Pl","borough":"Bk","cbd":"false","daytime_routes":"S","structure":"Open Cut","gtfs_latitude":"40.674772","gtfs_longitude":"-73.957624","north_direction_label":"Franklin Av","south_direction_label":"Prospect Park","ada":"1","ada_northbound":"1","ada_southbound":"1","ada_notes":null,":@computed_region_yamh_8v7k":"894",":@computed_region_wbg7_3whc":"821",":@computed_region_kjdx_g34t":"2090"}},
{"type":"Feature","geometry":{"type":"Point","coordinates":[-73.959245,40.670343]},"properties":{":id":"row-abct_qydz_y4v4",":version":"rv-34nn_4rt6_a3zt",":created_at":"2025-11-26T05:12:28.340Z",":updated_at":"2025-11-26T05:12:33.910Z","gtfs_stop_id":"S04","station_id":"142","complex_id":"626","division":"BMT","line":"Franklin Shuttle","stop_name":"Botanic Garden","borough":"Bk","cbd":"false","daytime_routes":"S","structure":"Open Cut","gtfs_latitude":"40.670343","gtfs_longitude":"-73.959245","north_direction_label":"Franklin Av","south_direction_label":"Prospect Park","ada":"0","ada_northbound":"0","ada_southbound":"0","ada_notes":null,":@computed_region_yamh_8v7k":"894",":@computed_region_wbg7_3whc":"809",":@computed_region_kjdx_g34t":"2090"}},
{"type":"Feature","geometry":{"type":"Point","coordinates":[-73.919899,40.868072]},"properties":{":id":"row-a495~vixv.y7pv",":version":"rv-tnpj~j3t4~8hm3",":created_at":"2025-11-26T05:12:28.340Z",":updated_at":"2025-11-26T05:12:33.910Z","gtfs_stop_id":"A02","station_id":"143","complex_id":"143","division":"IND","line":"8th Av - Fulton St","stop_name":"Inwood-207 St","borough":"M","cbd":"false","daytime_routes":"A","structure":"Subway","gtfs_latitude":"40.868072","gtfs_longitude":"-73.919899","north_direction_label":"Last Stop","south_direction_label":"Downtown","ada":"1","ada_northbound":"1","ada_southbound":"1","ada_notes":null,":@computed_region_yamh_8v7k":"749",":@computed_region_wbg7_3whc":"793",":@computed_region_kjdx_g34t":"2095"}},
{"type":"Feature","geometry":{"type":"Point","coordinates":[-73.927271,40.865491]},"properties":{":id":"row-dp2b-7bzn_tmhj",":version":"rv-j2pm_thbe-57zx",":created_at":"2025-11-26T05:12:28.340Z",":updated_at":"2025-11-26T05:12:33.910Z","gtfs_stop_id":"A03","station_id":"144","complex_id":"144","division":"IND","line":"8th Av - Fulton St","stop_name":"Dyckman St","borough":"M","cbd":"false","daytime_routes":"A","structure":"Subway","gtfs_latitude":"40.865491","gtfs_longitude":"-73.927271","north_direction_label":"Uptown","south_direction_label":"Downtown","ada":"0","ada_northbound":"0","ada_southbound":"0","ada_notes":null,":@computed_region_yamh_8v7k":"749",":@computed_region_wbg7_3whc":"793",":@computed_region_kjdx_g34t":"2095"}},
{"type":"Feature","geometry":{"type":"Point","coordinates":[-73.93418,40.859022]},"properties":{":id":"row-3jya~ufyi~qhqk",":version":"rv-qtsx-cymk.7exh",":created_at":"2025-11-26T05:12:28.340Z",":updated_at":"2025-11-26T05:12:33.910Z","gtfs_stop_id":"A05","station_id":"145","complex_id":"145","division":"IND","line":"8th Av - Fulton St","stop_name":"190 St","borough":"M","cbd":"false","daytime_routes":"A","structure":"Subway","gtfs_latitude":"40.859022","gtfs_longitude":"-73.93418","north_direction_label":"Uptown","south_direction_label":"Downtown","ada":"0","ada_northbound":"0","ada_southbound":"0","ada_notes":null,":@computed_region_yamh_8v7k":"749",":@computed_region_wbg7_3whc":"799",":@computed_region_kjdx_g34t":"2095"}},
{"type":"Feature","geometry":{"type":"Point","coordinates":[-73.937969,40.851695]},"properties":{":id":"row-jn95-au8v.w8it",":version":"rv-w54f-ha5x_2ycz",":created_at":"2025-11-26T05:12:28.340Z",":updated_at":"2025-11-26T05:12:33.910Z","gtfs_stop_id":"A06","station_id":"146","complex_id":"146","division":"IND","line":"8th Av - Fulton St","stop_name":"181 St","borough":"M","cbd":"false","daytime_routes":"A","structure":"Subway","gtfs_latitude":"40.851695","gtfs_longitude":"-73.937969","north_direction_label":"Uptown","south_direction_label":"Downtown","ada":"1","ada_northbound":"1","ada_southbound":"1","ada_notes":null,":@computed_region_yamh_8v7k":"749",":@computed_region_wbg7_3whc":"792",":@computed_region_kjdx_g34t":"2095"}},
{"type":"Feature","geometry":{"type":"Point","coordinates":[-73.939704,40.847391]},"properties":{":id":"row-iwun~fzui-cvx4",":version":"rv-75px-75tg.phri",":created_at":"2025-11-26T05:12:28.340Z",":updated_at":"2025-11-26T05:12:33.910Z","gtfs_stop_id":"A07","station_id":"147","complex_id":"147","division":"IND","line":"8th Av - Fulton St","stop_name":"175 St","borough":"M","cbd":"false","daytime_routes":"A","structure":"Subway","gtfs_latitude":"40.847391","gtfs_longitude":"-73.939704","north_direction_label":"Uptown","south_direction_label":"Downtown","ada":"1","ada_northbound":"1","ada_southbound":"1","ada_notes":null,":@computed_region_yamh_8v7k":"749",":@computed_region_wbg7_3whc":"792",":@computed_region_kjdx_g34t":"2095"}},
{"type":"Feature","geometry":{"type":"Point","coordinates":[-73.939561,40.840719]},"properties":{":id":"row-7vtj.tjvz.fdsh",":version":"rv-ub8v_h99k.wxg4",":created_at":"2025-11-26T05:12:28.340Z",":updated_at":"2025-11-26T05:12:33.910Z","gtfs_stop_id":"A09","station_id":"148","complex_id":"605","division":"IND","line":"8th Av - Fulton St","stop_name":"168 St","borough":"M","cbd":"false","daytime_routes":"A C","structure":"Subway","gtfs_latitude":"40.840719","gtfs_longitude":"-73.939561","north_direction_label":"Uptown","south_direction_label":"Downtown","ada":"1","ada_northbound":"1","ada_southbound":"1","ada_notes":null,":@computed_region_yamh_8v7k":"749",":@computed_region_wbg7_3whc":"791",":@computed_region_kjdx_g34t":"2095"}},
{"type":"Feature","geometry":{"type":"Point","coordinates":[-73.939892,40.836013]},"properties":{":id":"row-z3am.zvnc~vw7c",":version":"rv-j7nb.um5m-66uh",":created_at":"2025-11-26T05:12:28.340Z",":updated_at":"2025-11-26T05:12:33.910Z","gtfs_stop_id":"A10","station_id":"149","complex_id":"149","division":"IND","line":"8th Av - Fulton St","stop_name":"163 St-Amsterdam Av","borough":"M","cbd":"false","daytime_routes":"C","structure":"Subway","gtfs_latitude":"40.836013","gtfs_longitude":"-73.939892","north_direction_label":"Uptown","south_direction_label":"Downtown","ada":"0","ada_northbound":"0","ada_southbound":"0","ada_notes":null,":@computed_region_yamh_8v7k":"749",":@computed_region_wbg7_3whc":"791",":@computed_region_kjdx_g34t":"2095"}},
{"type":"Feature","geometry":{"type":"Point","coordinates":[-73.941514,40.830518]},"properties":{":id":"row-c35t_bnau.555x",":version":"rv-3i88~jwm8_86xz",":created_at":"2025-11-26T05:12:28.340Z",":updated_at":"2025-11-26T05:12:33.910Z","gtfs_stop_id":"A11","station_id":"150","complex_id":"150","division":"IND","line":"8th Av - Fulton St","stop_name":"155 St","borough":"M","cbd":"false","daytime_routes":"C","structure":"Subway","gtfs_latitude":"40.830518","gtfs_longitude":"-73.941514","north_direction_label":"Uptown","south_direction_label":"Downtown","ada":"0","ada_northbound":"0","ada_southbound":"0","ada_notes":null,":@computed_region_yamh_8v7k":"749",":@computed_region_wbg7_3whc":"791",":@computed_region_kjdx_g34t":"2095"}},
{"type":"Feature","geometry":{"type":"Point","coordinates":[-73.944216,40.824783]},"properties":{":id":"row-5fx8.vj4p-q3ni",":version":"rv-swze~6ivy_9ybz",":created_at":"2025-11-26T05:12:28.340Z",":updated_at":"2025-11-26T05:12:33.910Z","gtfs_stop_id":"D13","station_id":"151","complex_id":"151","division":"IND","line":"Concourse","stop_name":"145 St","borough":"M","cbd":"false","daytime_routes":"B D","structure":"Subway","gtfs_latitude":"40.824783","gtfs_longitude":"-73.944216","north_direction_label":"Uptown","south_direction_label":"Downtown","ada":"0","ada_northbound":"0","ada_southbound":"0","ada_notes":null,":@computed_region_yamh_8v7k":"749",":@computed_region_wbg7_3whc":"758",":@computed_region_kjdx_g34t":"2095"}},
{"type":"Feature","geometry":{"type":"Point","coordinates":[-73.944216,40.824783]},"properties":{":id":"row-j4vr-2xfy~ttg6",":version":"rv-xzgx_3brx-t9gs",":created_at":"2025-11-26T05:12:28.340Z",":updated_at":"2025-11-26T05:12:33.910Z","gtfs_stop_id":"A12","station_id":"151","complex_id":"151","division":"IND","line":"8th Av - Fulton St","stop_name":"145 St","borough":"M","cbd":"false","daytime_routes":"A C","structure":"Subway","gtfs_latitude":"40.824783","gtfs_longitude":"-73.944216","north_direction_label":"Uptown","south_direction_label":"Downtown","ada":"0","ada_northbound":"0","ada_southbound":"0","ada_notes":null,":@computed_region_yamh_8v7k":"749",":@computed_region_wbg7_3whc":"758",":@computed_region_kjdx_g34t":"2095"}},
{"type":"Feature","geometry":{"type":"Point","coordinates":[-73.947649,40.817894]},"properties":{":id":"row-5ate-quh2.ayef",":version":"rv-ymff_sevc.2ygy",":created_at":"2025-11-26T05:12:28.340Z",":updated_at":"2025-11-26T05:12:33.910Z","gtfs_stop_id":"A14","station_id":"152","complex_id":"152","division":"IND","line":"8th Av - Fulton St","stop_name":"135 St","borough":"M","cbd":"false","daytime_routes":"C B","structure":"Subway","gtfs_latitude":"40.817894","gtfs_longitude":"-73.947649","north_direction_label":"Uptown","south_direction_label":"Downtown","ada":"0","ada_northbound":"0","ada_southbound":"0","ada_notes":null,":@computed_region_yamh_8v7k":"749",":@computed_region_wbg7_3whc":"757",":@computed_region_kjdx_g34t":"2095"}},
{"type":"Feature","geometry":{"type":"Point","coordinates":[-73.952343,40.811109]},"properties":{":id":"row-7694_i2kr.arg4",":version":"rv-gvxh_bqc3~dmhq",":created_at":"2025-11-26T05:12:28.340Z",":updated_at":"2025-11-26T05:12:33.910Z","gtfs_stop_id":"A15","station_id":"153","complex_id":"153","division":"IND","line":"8th Av - Fulton St","stop_name":"125 St","borough":"M","cbd":"false","daytime_routes":"A C B D","structure":"Subway","gtfs_latitude":"40.811109","gtfs_longitude":"-73.952343","north_direction_label":"Uptown","south_direction_label":"Downtown","ada":"1","ada_northbound":"1","ada_southbound":"1","ada_notes":null,":@computed_region_yamh_8v7k":"749",":@computed_region_wbg7_3whc":"754",":@computed_region_kjdx_g34t":"2095"}},
{"type":"Feature","geometry":{"type":"Point","coordinates":[-73.954882,40.805085]},"properties":{":id":"row-j8py.8ey8.ppg6",":version":"rv-xjmw.bqxv-95sh",":created_at":"2025-11-26T05:12:28.340Z",":updated_at":"2025-11-26T05:12:33.910Z","gtfs_stop_id":"A16","station_id":"154","complex_id":"154","division":"IND","line":"8th Av - Fulton St","stop_name":"116 St","borough":"M","cbd":"false","daytime_routes":"C B","structure":"Subway","gtfs_latitude":"40.805085","gtfs_longitude":"-73.954882","north_direction_label":"Uptown","south_direction_label":"Downtown","ada":"0","ada_northbound":"0","ada_southbound":"0","ada_notes":null,":@computed_region_yamh_8v7k":"749",":@computed_region_wbg7_3whc":"753",":@computed_region_kjdx_g34t":"2095"}},
{"type":"Feature","geometry":{"type":"Point","coordinates":[-73.958161,40.800603]},"properties":{":id":"row-53xt_gcg3.bmqq",":version":"rv-sbvx~nfjm~kwew",":created_at":"2025-11-26T05:12:28.340Z",":updated_at":"2025-11-26T05:12:33.910Z","gtfs_stop_id":"A17","station_id":"155","complex_id":"155","division":"IND","line":"8th Av - Fulton St","stop_name":"Cathedral Pkwy (110 St)","borough":"M","cbd":"false","daytime_routes":"C B","structure":"Subway","gtfs_latitude":"40.800603","gtfs_longitude":"-73.958161","north_direction_label":"Uptown","south_direction_label":"Downtown","ada":"0","ada_northbound":"0","ada_southbound":"0","ada_notes":null,":@computed_region_yamh_8v7k":"749",":@computed_region_wbg7_3whc":"753",":@computed_region_kjdx_g34t":"2095"}},
{"type":"Feature","geometry":{"type":"Point","coordinates":[-73.961454,40.796092]},"properties":{":id":"row-meaz-p99v.wbh9",":version":"rv-8pf3-7vra~2cqw",":created_at":"2025-11-26T05:12:28.340Z",":updated_at":"2025-11-26T05:12:33.910Z","gtfs_stop_id":"A18","station_id":"156","complex_id":"156","division":"IND","line":"8th Av - Fulton St","stop_name":"103 St","borough":"M","cbd":"false","daytime_routes":"C B","structure":"Subway","gtfs_latitude":"40.796092","gtfs_longitude":"-73.961454","north_direction_label":"Uptown","south_direction_label":"Downtown","ada":"0","ada_northbound":"0","ada_southbound":"0","ada_notes":null,":@computed_region_yamh_8v7k":"749",":@computed_region_wbg7_3whc":null,":@computed_region_kjdx_g34t":"2095"}},
{"type":"Feature","geometry":{"type":"Point","coordinates":[-73.964696,40.791642]},"properties":{":id":"row-hk9d_ypjb~re3i",":version":"rv-9sq6-7rzt_neug",":created_at":"2025-11-26T05:12:28.340Z",":updated_at":"2025-11-26T05:12:33.910Z","gtfs_stop_id":"A19","station_id":"157","complex_id":"157","division":"IND","line":"8th Av - Fulton St","stop_name":"96 St","borough":"M","cbd":"false","daytime_routes":"C B","structure":"Subway","gtfs_latitude":"40.791642","gtfs_longitude":"-73.964696","north_direction_label":"Uptown","south_direction_label":"Downtown","ada":"0","ada_northbound":"0","ada_southbound":"0","ada_notes":null,":@computed_region_yamh_8v7k":"749",":@computed_region_wbg7_3whc":null,":@computed_region_kjdx_g34t":"2095"}},
{"type":"Feature","geometry":{"type":"Point","coordinates":[-73.968916,40.785868]},"properties":{":id":"row-4rm8~z4jg~b95m",":version":"rv-ruq7-b26j.qfid",":created_at":"2025-11-26T05:12:28.340Z",":updated_at":"2025-11-26T05:12:33.910Z","gtfs_stop_id":"A20","station_id":"158","complex_id":"158","division":"IND","line":"8th Av - Fulton St","stop_name":"86 St","borough":"M","cbd":"false","daytime_routes":"C B","structure":"Subway","gtfs_latitude":"40.785868","gtfs_longitude":"-73.968916","north_direction_label":"Uptown","south_direction_label":"Downtown","ada":"0","ada_northbound":"0","ada_southbound":"0","ada_notes":null,":@computed_region_yamh_8v7k":"749",":@computed_region_wbg7_3whc":null,":@computed_region_kjdx_g34t":"2095"}},
{"type":"Feature","geometry":{"type":"Point","coordinates":[-73.972143,40.781433]},"properties":{":id":"row-z7wu_cex9.c7dv",":version":"rv-dn53.gy9q~tnd4",":created_at":"2025-11-26T05:12:28.340Z",":updated_at":"2025-11-26T05:12:33.910Z","gtfs_stop_id":"A21","station_id":"159","complex_id":"159","division":"IND","line":"8th Av - Fulton St","stop_name":"81 St-Museum of Natural History","borough":"M","cbd":"false","daytime_routes":"C B","structure":"Subway","gtfs_latitude":"40.781433","gtfs_longitude":"-73.972143","north_direction_label":"Uptown","south_direction_label":"Downtown","ada":"0","ada_northbound":"0","ada_southbound":"0","ada_notes":null,":@computed_region_yamh_8v7k":"749",":@computed_region_wbg7_3whc":null,":@computed_region_kjdx_g34t":"2095"}},
{"type":"Feature","geometry":{"type":"Point","coordinates":[-73.97641,40.775594]},"properties":{":id":"row-pcfy.irm7-qrmw",":version":"rv-jf93_n3kg.i3hz",":created_at":"2025-11-26T05:12:28.340Z",":updated_at":"2025-11-26T05:12:33.910Z","gtfs_stop_id":"A22","station_id":"160","complex_id":"160","division":"IND","line":"8th Av - Fulton St","stop_name":"72 St","borough":"M","cbd":"false","daytime_routes":"C B","structure":"Subway","gtfs_latitude":"40.775594","gtfs_longitude":"-73.97641","north_direction_label":"Uptown","south_direction_label":"Downtown","ada":"0","ada_northbound":"0","ada_southbound":"0","ada_notes":null,":@computed_region_yamh_8v7k":"749",":@computed_region_wbg7_3whc":null,":@computed_region_kjdx_g34t":"2095"}},
{"type":"Feature","geometry":{"type":"Point","coordinates":[-73.981736,40.768296]},"properties":{":id":"row-uzc8.7gvt-v88f",":version":"rv-yyzd.d3mf.ie9v",":created_at":"2025-11-26T05:12:28.340Z",":updated_at":"2025-11-26T05:12:33.910Z","gtfs_stop_id":"A24","station_id":"161","complex_id":"614","division":"IND","line":"8th Av - Fulton St","stop_name":"59 St-Columbus Circle","borough":"M","cbd":"true","daytime_routes":"A C B D","structure":"Subway","gtfs_latitude":"40.768296","gtfs_longitude":"-73.981736","north_direction_label":"Uptown","south_direction_label":"Downtown","ada":"1","ada_northbound":"1","ada_southbound":"1","ada_notes":null,":@computed_region_yamh_8v7k":"749",":@computed_region_wbg7_3whc":null,":@computed_region_kjdx_g34t":"2095"}},
{"type":"Feature","geometry":{"type":"Point","coordinates":[-73.985984,40.762456]},"properties":{":id":"row-78gy~btb5.i42y",":version":"rv-d375.h84c~5jaz",":created_at":"2025-11-26T05:12:28.340Z",":updated_at":"2025-11-26T05:12:33.910Z","gtfs_stop_id":"A25","station_id":"162","complex_id":"162","division":"IND","line":"8th Av - Fulton St","stop_name":"50 St","borough":"M","cbd":"true","daytime_routes":"C E","structure":"Subway","gtfs_latitude":"40.762456","gtfs_longitude":"-73.985984","north_direction_label":"Uptown","south_direction_label":"Downtown","ada":"2","ada_northbound":"0","ada_southbound":"1","ada_notes":"Downtown only",":@computed_region_yamh_8v7k":"749",":@computed_region_wbg7_3whc":"742",":@computed_region_kjdx_g34t":"2095"}},
{"type":"Feature","geometry":{"type":"Point","coordinates":[-73.989735,40.757308]},"properties":{":id":"row-uwq2.tkaa_mhui",":version":"rv-q8s9-ndir_aks6",":created_at":"2025-11-26T05:12:28.340Z",":updated_at":"2025-11-26T05:12:33.910Z","gtfs_stop_id":"A27","station_id":"163","complex_id":"611","division":"IND","line":"8th Av - Fulton St","stop_name":"42 St-Port Authority Bus Terminal","borough":"M","cbd":"true","daytime_routes":"A C E","structure":"Subway","gtfs_latitude":"40.757308","gtfs_longitude":"-73.989735","north_direction_label":"Uptown","south_direction_label":"Downtown","ada":"1","ada_northbound":"1","ada_southbound":"1","ada_notes":null,":@computed_region_yamh_8v7k":"749",":@computed_region_wbg7_3whc":"795",":@computed_region_kjdx_g34t":"2095"}},
{"type":"Feature","geometry":{"type":"Point","coordinates":[-73.993391,40.752287]},"properties":{":id":"row-ur53_bg9s_e6gc",":version":"rv-f556_qk2j-kfwx",":created_at":"2025-11-26T05:12:28.340Z",":updated_at":"2025-11-26T05:12:33.910Z","gtfs_stop_id":"A28","station_id":"164","complex_id":"164","division":"IND","line":"8th Av - Fulton St","stop_name":"34 St-Penn Station","borough":"M","cbd":"true","daytime_routes":"A C E","structure":"Subway","gtfs_latitude":"40.752287","gtfs_longitude":"-73.993391","north_direction_label":"Uptown","south_direction_label":"Downtown","ada":"1","ada_northbound":"1","ada_southbound":"1","ada_notes":null,":@computed_region_yamh_8v7k":"749",":@computed_region_wbg7_3whc":"717",":@computed_region_kjdx_g34t":"2095"}},
{"type":"Feature","geometry":{"type":"Point","coordinates":[-73.998041,40.745906]},"properties":{":id":"row-a3m8.znzx.hjfa",":version":"rv-vbqv-ewz5_6rma",":created_at":"2025-11-26T05:12:28.340Z",":updated_at":"2025-11-26T05:12:33.910Z","gtfs_stop_id":"A30","station_id":"165","complex_id":"165","division":"IND","line":"8th Av - Fulton St","stop_name":"23 St","borough":"M","cbd":"true","daytime_routes":"C E","structure":"Subway","gtfs_latitude":"40.745906","gtfs_longitude":"-73.998041","north_direction_label":"Uptown","south_direction_label":"Downtown","ada":"0","ada_northbound":"0","ada_southbound":"0","ada_notes":null,":@computed_region_yamh_8v7k":"749",":@computed_region_wbg7_3whc":"735",":@computed_region_kjdx_g34t":"2095"}},
{"type":"Feature","geometry":{"type":"Point","coordinates":[-74.00169,40.740893]},"properties":{":id":"row-zfzy_vgis_xed4",":version":"rv-ekxc.7vii~gyfb",":created_at":"2025-11-26T05:12:28.340Z",":updated_at":"2025-11-26T05:12:33.910Z","gtfs_stop_id":"A31","station_id":"166","complex_id":"618","division":"IND","line":"8th Av - Fulton St","stop_name":"14 St","borough":"M","cbd":"true","daytime_routes":"A C E","structure":"Subway","gtfs_latitude":"40.740893","gtfs_longitude":"-74.00169","north_direction_label":"Uptown","south_direction_label":"Downtown","ada":"1","ada_northbound":"1","ada_southbound":"1","ada_notes":null,":@computed_region_yamh_8v7k":"749",":@computed_region_wbg7_3whc":"735",":@computed_region_kjdx_g34t":"2095"}},
{"type":"Feature","geometry":{"type":"Point","coordinates":[-74.000495,40.732338]},"properties":{":id":"row-4iq6_5une_a42j",":version":"rv-92ug.mp92~cn7t",":created_at":"2025-11-26T05:12:28.340Z",":updated_at":"2025-11-26T05:12:33.910Z","gtfs_stop_id":"D20","station_id":"167","complex_id":"167","division":"IND","line":"6th Av - Culver","stop_name":"W 4 St-Wash Sq","borough":"M","cbd":"true","daytime_routes":"B D F M","structure":"Subway","gtfs_latitude":"40.732338","gtfs_longitude":"-74.000495","north_direction_label":"Uptown","south_direction_label":"Downtown","ada":"1","ada_northbound":"1","ada_southbound":"1","ada_notes":null,":@computed_region_yamh_8v7k":"749",":@computed_region_wbg7_3whc":"735",":@computed_region_kjdx_g34t":"2095"}},
{"type":"Feature","geometry":{"type":"Point","coordinates":[-74.000495,40.732338]},"properties":{":id":"row-rb4h-8n2g-f6rv",":version":"rv-qnnx~er32~nqah",":created_at":"2025-11-26T05:12:28.340Z",":updated_at":"2025-11-26T05:12:33.910Z","gtfs_stop_id":"A32","station_id":"167","complex_id":"167","division":"IND","line":"8th Av - Fulton St","stop_name":"W 4 St-Wash Sq","borough":"M","cbd":"true","daytime_routes":"A C E","structure":"Subway","gtfs_latitude":"40.732338","gtfs_longitude":"-74.000495","north_direction_label":"Uptown","south_direction_label":"Downtown","ada":"1","ada_northbound":"1","ada_southbound":"1","ada_notes":null,":@computed_region_yamh_8v7k":"749",":@computed_region_wbg7_3whc":"735",":@computed_region_kjdx_g34t":"2095"}},
{"type":"Feature","geometry":{"type":"Point","coordinates":[-74.003739,40.726227]},"properties":{":id":"row-cwaf_jui3_s3qs",":version":"rv-2z3r~5qk6.cxq3",":created_at":"2025-11-26T05:12:28.340Z",":updated_at":"2025-11-26T05:12:33.910Z","gtfs_stop_id":"A33","station_id":"168","complex_id":"168","division":"IND","line":"8th Av - Fulton St","stop_name":"Spring St","borough":"M","cbd":"true","daytime_routes":"C E","structure":"Subway","gtfs_latitude":"40.726227","gtfs_longitude":"-74.003739","north_direction_label":"Uptown","south_direction_label":"Downtown","ada":"0","ada_northbound":"0","ada_southbound":"0","ada_notes":null,":@computed_region_yamh_8v7k":"749",":@computed_region_wbg7_3whc":"736",":@computed_region_kjdx_g34t":"2095"}},
{"type":"Feature","geometry":{"type":"Point","coordinates":[-74.005229,40.720824]},"properties":{":id":"row-25z6.hf46-6qjy",":version":"rv-pbsc.zckw_xyni",":created_at":"2025-11-26T05:12:28.340Z",":updated_at":"2025-11-26T05:12:33.910Z","gtfs_stop_id":"A34","station_id":"169","complex_id":"169","division":"IND","line":"8th Av - Fulton St","stop_name":"Canal St","borough":"M","cbd":"true","daytime_routes":"A C E","structure":"Subway","gtfs_latitude":"40.720824","gtfs_longitude":"-74.005229","north_direction_label":"Uptown","south_direction_label":"Downtown","ada":"0","ada_northbound":"0","ada_southbound":"0","ada_notes":null,":@computed_region_yamh_8v7k":"749",":@computed_region_wbg7_3whc":"737",":@computed_region_kjdx_g34t":"2095"}},
{"type":"Feature","geometry":{"type":"Point","coordinates":[-74.008585,40.714111]},"properties":{":id":"row-azck.53eq-qwwv",":version":"rv-9fs7_4w3s-53z8",":created_at":"2025-11-26T05:12:28.340Z",":updated_at":"2025-11-26T05:12:33.910Z","gtfs_stop_id":"A36","station_id":"170","complex_id":"624","division":"IND","line":"8th Av - Fulton St","stop_name":"Chambers St","borough":"M","cbd":"true","daytime_routes":"A C","structure":"Subway","gtfs_latitude":"40.714111","gtfs_longitude":"-74.008585","north_direction_label":"Uptown","south_direction_label":"Brooklyn","ada":"0","ada_northbound":"0","ada_southbound":"0","ada_notes":null,":@computed_region_yamh_8v7k":"749",":@computed_region_wbg7_3whc":"723",":@computed_region_kjdx_g34t":"2095"}},
{"type":"Feature","geometry":{"type":"Point","coordinates":[-74.009781,40.712582]},"properties":{":id":"row-9qvq.ebir-zcdj",":version":"rv-hwsv-j2cb~epkx",":created_at":"2025-11-26T05:12:28.340Z",":updated_at":"2025-11-26T05:12:33.910Z","gtfs_stop_id":"E01","station_id":"171","complex_id":"624","division":"IND","line":"8th Av - Fulton St","stop_name":"World Trade Center","borough":"M","cbd":"true","daytime_routes":"E","structure":"Subway","gtfs_latitude":"40.712582","gtfs_longitude":"-74.009781","north_direction_label":"Uptown","south_direction_label":"Last Stop","ada":"1","ada_northbound":"1","ada_southbound":"1","ada_notes":null,":@computed_region_yamh_8v7k":"749",":@computed_region_wbg7_3whc":"723",":@computed_region_kjdx_g34t":"2095"}},
{"type":"Feature","geometry":{"type":"Point","coordinates":[-74.007691,40.710197]},"properties":{":id":"row-map3~xtqs.5k86",":version":"rv-geeg.u3v2_cg8b",":created_at":"2025-11-26T05:12:28.340Z",":updated_at":"2025-11-26T05:12:33.910Z","gtfs_stop_id":"A38","station_id":"172","complex_id":"628","division":"IND","line":"8th Av - Fulton St","stop_name":"Fulton St","borough":"M","cbd":"true","daytime_routes":"A C","structure":"Subway","gtfs_latitude":"40.710197","gtfs_longitude":"-74.007691","north_direction_label":"Uptown","south_direction_label":"Brooklyn","ada":"1","ada_northbound":"1","ada_southbound":"1","ada_notes":null,":@computed_region_yamh_8v7k":"749",":@computed_region_wbg7_3whc":"797",":@computed_region_kjdx_g34t":"2095"}},
{"type":"Feature","geometry":{"type":"Point","coordinates":[-73.990531,40.699337]},"properties":{":id":"row-e9un.rha2_pz8t",":version":"rv-vvh5-8pja-iy7y",":created_at":"2025-11-26T05:12:28.340Z",":updated_at":"2025-11-26T05:12:33.910Z","gtfs_stop_id":"A40","station_id":"173","complex_id":"173","division":"IND","line":"8th Av - Fulton St","stop_name":"High St","borough":"Bk","cbd":"false","daytime_routes":"A C","structure":"Subway","gtfs_latitude":"40.699337","gtfs_longitude":"-73.990531","north_direction_label":"Manhattan","south_direction_label":"Outbound","ada":"0","ada_northbound":"0","ada_southbound":"0","ada_notes":null,":@computed_region_yamh_8v7k":"894",":@computed_region_wbg7_3whc":"880",":@computed_region_kjdx_g34t":"2095"}},
{"type":"Feature","geometry":{"type":"Point","coordinates":[-73.987342,40.692338]},"properties":{":id":"row-rc9e~vp32.bg9g",":version":"rv-4nsq-g5u2_nkzv",":created_at":"2025-11-26T05:12:28.340Z",":updated_at":"2025-11-26T05:12:33.910Z","gtfs_stop_id":"A41","station_id":"174","complex_id":"636","division":"IND","line":"8th Av - Fulton St","stop_name":"Jay St-MetroTech","borough":"Bk","cbd":"false","daytime_routes":"A C F","structure":"Subway","gtfs_latitude":"40.692338","gtfs_longitude":"-73.987342","north_direction_label":"Manhattan","south_direction_label":"Outbound","ada":"1","ada_northbound":"1","ada_southbound":"1","ada_notes":null,":@computed_region_yamh_8v7k":"894",":@computed_region_wbg7_3whc":"880",":@computed_region_kjdx_g34t":"2090"}},
{"type":"Feature","geometry":{"type":"Point","coordinates":[-73.985001,40.688484]},"properties":{":id":"row-tfpk_fu83~djjg",":version":"rv-2j8q_8dqr.qsvk",":created_at":"2025-11-26T05:12:28.340Z",":updated_at":"2025-11-26T05:12:33.910Z","gtfs_stop_id":"A42","station_id":"175","complex_id":"175","division":"IND","line":"8th Av - Fulton St","stop_name":"Hoyt-Schermerhorn Sts","borough":"Bk","cbd":"false","daytime_routes":"A C G","structure":"Subway","gtfs_latitude":"40.688484","gtfs_longitude":"-73.985001","north_direction_label":"Westbound","south_direction_label":"Queens","ada":"0","ada_northbound":"0","ada_southbound":"0","ada_notes":null,":@computed_region_yamh_8v7k":"894",":@computed_region_wbg7_3whc":"880",":@computed_region_kjdx_g34t":"2090"}},
{"type":"Feature","geometry":{"type":"Point","coordinates":[-73.973946,40.686113]},"properties":{":id":"row-hgqt-eb7p_jmkq",":version":"rv-79c2.dd7g_eb82",":created_at":"2025-11-26T05:12:28.340Z",":updated_at":"2025-11-26T05:12:33.910Z","gtfs_stop_id":"A43","station_id":"176","complex_id":"176","division":"IND","line":"8th Av - Fulton St","stop_name":"Lafayette Av","borough":"Bk","cbd":"false","daytime_routes":"C","structure":"Subway","gtfs_latitude":"40.686113","gtfs_longitude":"-73.973946","north_direction_label":"Manhattan","south_direction_label":"Outbound","ada":"0","ada_northbound":"0","ada_southbound":"0","ada_notes":null,":@computed_region_yamh_8v7k":"894",":@computed_region_wbg7_3whc":"895",":@computed_region_kjdx_g34t":"2090"}},
{"type":"Feature","geometry":{"type":"Point","coordinates":[-73.965838,40.683263]},"properties":{":id":"row-4i75.z2zb_hevy",":version":"rv-dy2n~y4je_d36x",":created_at":"2025-11-26T05:12:28.340Z",":updated_at":"2025-11-26T05:12:33.910Z","gtfs_stop_id":"A44","station_id":"177","complex_id":"177","division":"IND","line":"8th Av - Fulton St","stop_name":"Clinton-Washington Avs","borough":"Bk","cbd":"false","daytime_routes":"C","structure":"Subway","gtfs_latitude":"40.683263","gtfs_longitude":"-73.965838","north_direction_label":"Manhattan","south_direction_label":"Outbound","ada":"0","ada_northbound":"0","ada_southbound":"0","ada_notes":null,":@computed_region_yamh_8v7k":"894",":@computed_region_wbg7_3whc":"821",":@computed_region_kjdx_g34t":"2090"}},
{"type":"Feature","geometry":{"type":"Point","coordinates":[-73.956848,40.68138]},"properties":{":id":"row-i9hr~2pav.cc8w",":version":"rv-3fks~c7zz~iui6",":created_at":"2025-11-26T05:12:28.340Z",":updated_at":"2025-11-26T05:12:33.910Z","gtfs_stop_id":"A45","station_id":"178","complex_id":"627","division":"IND","line":"8th Av - Fulton St","stop_name":"Franklin Av","borough":"Bk","cbd":"false","daytime_routes":"C","structure":"Subway","gtfs_latitude":"40.68138","gtfs_longitude":"-73.956848","north_direction_label":"Manhattan","south_direction_label":"Outbound","ada":"1","ada_northbound":"1","ada_southbound":"1","ada_notes":null,":@computed_region_yamh_8v7k":"894",":@computed_region_wbg7_3whc":"821",":@computed_region_kjdx_g34t":"2090"}},
{"type":"Feature","geometry":{"type":"Point","coordinates":[-73.950426,40.680438]},"properties":{":id":"row-ji9b.vrut-rqqg",":version":"rv-5t5k.me4p.94d3",":created_at":"2025-11-26T05:12:28.340Z",":updated_at":"2025-11-26T05:12:33.910Z","gtfs_stop_id":"A46","station_id":"179","complex_id":"179","division":"IND","line":"8th Av - Fulton St","stop_name":"Nostrand Av","borough":"Bk","cbd":"false","daytime_routes":"A C","structure":"Subway","gtfs_latitude":"40.680438","gtfs_longitude":"-73.950426","north_direction_label":"Manhattan","south_direction_label":"Outbound","ada":"0","ada_northbound":"0","ada_southbound":"0","ada_notes":null,":@computed_region_yamh_8v7k":"894",":@computed_region_wbg7_3whc":"894",":@computed_region_kjdx_g34t":"2090"}},
{"type":"Feature","geometry":{"type":"Point","coordinates":[-73.940858,40.679921]},"properties":{":id":"row-3pqn~vtus.cqzb",":version":"rv-6c7x-deg8-aaz4",":created_at":"2025-11-26T05:12:28.340Z",":updated_at":"2025-11-26T05:12:33.910Z","gtfs_stop_id":"A47","station_id":"180","complex_id":"180","division":"IND","line":"8th Av - Fulton St","stop_name":"Kingston-Throop Avs","borough":"Bk","cbd":"false","daytime_routes":"C","structure":"Subway","gtfs_latitude":"40.679921","gtfs_longitude":"-73.940858","north_direction_label":"Manhattan","south_direction_label":"Outbound","ada":"0","ada_northbound":"0","ada_southbound":"0","ada_notes":null,":@computed_region_yamh_8v7k":"894",":@computed_region_wbg7_3whc":"891",":@computed_region_kjdx_g34t":"2090"}},
{"type":"Feature","geometry":{"type":"Point","coordinates":[-73.930729,40.679364]},"properties":{":id":"row-ekdt~2ep3_se5u",":version":"rv-cagz_c9ik-cegk",":created_at":"2025-11-26T05:12:28.340Z",":updated_at":"2025-11-26T05:12:33.910Z","gtfs_stop_id":"A48","station_id":"181","complex_id":"181","division":"IND","line":"8th Av - Fulton St","stop_name":"Utica Av","borough":"Bk","cbd":"false","daytime_routes":"A C","structure":"Subway","gtfs_latitude":"40.679364","gtfs_longitude":"-73.930729","north_direction_label":"Manhattan","south_direction_label":"Outbound","ada":"1","ada_northbound":"1","ada_southbound":"1","ada_notes":null,":@computed_region_yamh_8v7k":"894",":@computed_region_wbg7_3whc":"891",":@computed_region_kjdx_g34t":"2090"}},
{"type":"Feature","geometry":{"type":"Point","coordinates":[-73.920786,40.678822]},"properties":{":id":"row-g3j2~2mg7_qpay",":version":"rv-sjiy-uwhh-usvy",":created_at":"2025-11-26T05:12:28.340Z",":updated_at":"2025-11-26T05:12:33.910Z","gtfs_stop_id":"A49","station_id":"182","complex_id":"182","division":"IND","line":"8th Av - Fulton St","stop_name":"Ralph Av","borough":"Bk","cbd":"false","daytime_routes":"C","structure":"Subway","gtfs_latitude":"40.678822","gtfs_longitude":"-73.920786","north_direction_label":"Manhattan","south_direction_label":"Outbound","ada":"0","ada_northbound":"0","ada_southbound":"0","ada_notes":null,":@computed_region_yamh_8v7k":"894",":@computed_region_wbg7_3whc":"816",":@computed_region_kjdx_g34t":"2090"}},
{"type":"Feature","geometry":{"type":"Point","coordinates":[-73.911946,40.67834]},"properties":{":id":"row-gp45_cn65_cbaf",":version":"rv-gj98-zti2-hnz4",":created_at":"2025-11-26T05:12:28.340Z",":updated_at":"2025-11-26T05:12:33.910Z","gtfs_stop_id":"A50","station_id":"183","complex_id":"183","division":"IND","line":"8th Av - Fulton St","stop_name":"Rockaway Av","borough":"Bk","cbd":"false","daytime_routes":"C","structure":"Subway","gtfs_latitude":"40.67834","gtfs_longitude":"-73.911946","north_direction_label":"Manhattan","south_direction_label":"Outbound","ada":"0","ada_northbound":"0","ada_southbound":"0","ada_notes":null,":@computed_region_yamh_8v7k":"894",":@computed_region_wbg7_3whc":"816",":@computed_region_kjdx_g34t":"2090"}},
{"type":"Feature","geometry":{"type":"Point","coordinates":[-73.905316,40.678334]},"properties":{":id":"row-kq3f_ymmb-u9bn",":version":"rv-4i66.mqk2.bc5x",":created_at":"2025-11-26T05:12:28.340Z",":updated_at":"2025-11-26T05:12:33.910Z","gtfs_stop_id":"A51","station_id":"184","complex_id":"621","division":"IND","line":"8th Av - Fulton St","stop_name":"Broadway Junction","borough":"Bk","cbd":"false","daytime_routes":"A C","structure":"Subway","gtfs_latitude":"40.678334","gtfs_longitude":"-73.905316","north_direction_label":"Manhattan","south_direction_label":"Outbound","ada":"0","ada_northbound":"0","ada_southbound":"0","ada_notes":null,":@computed_region_yamh_8v7k":"894",":@computed_region_wbg7_3whc":"816",":@computed_region_kjdx_g34t":"2090"}},
{"type":"Feature","geometry":{"type":"Point","coordinates":[-73.896548,40.674542]},"properties":{":id":"row-cig5.8n28~4ie2",":version":"rv-i5xy~z4ju.fk4p",":created_at":"2025-11-26T05:12:28.340Z",":updated_at":"2025-11-26T05:12:33.910Z","gtfs_stop_id":"A52","station_id":"185","complex_id":"185","division":"IND","line":"8th Av - Fulton St","stop_name":"Liberty Av","borough":"Bk","cbd":"false","daytime_routes":"C","structure":"Subway","gtfs_latitude":"40.674542","gtfs_longitude":"-73.896548","north_direction_label":"Manhattan","south_direction_label":"Outbound","ada":"0","ada_northbound":"0","ada_southbound":"0","ada_notes":null,":@computed_region_yamh_8v7k":"894",":@computed_region_wbg7_3whc":"885",":@computed_region_kjdx_g34t":"2090"}},
{"type":"Feature","geometry":{"type":"Point","coordinates":[-73.890358,40.67271]},"properties":{":id":"row-5pyz.vtne.p7rh",":version":"rv-msvr.jetk.rz3z",":created_at":"2025-11-26T05:12:28.340Z",":updated_at":"2025-11-26T05:12:33.910Z","gtfs_stop_id":"A53","station_id":"186","complex_id":"186","division":"IND","line":"8th Av - Fulton St","stop_name":"Van Siclen Av","borough":"Bk","cbd":"false","daytime_routes":"C","structure":"Subway","gtfs_latitude":"40.67271","gtfs_longitude":"-73.890358","north_direction_label":"Manhattan","south_direction_label":"Outbound","ada":"0","ada_northbound":"0","ada_southbound":"0","ada_notes":null,":@computed_region_yamh_8v7k":"894",":@computed_region_wbg7_3whc":"885",":@computed_region_kjdx_g34t":"2090"}},
{"type":"Feature","geometry":{"type":"Point","coordinates":[-73.88075,40.67413]},"properties":{":id":"row-dj3d-29sh-gcty",":version":"rv-j6z6~zxza_rhiu",":created_at":"2025-11-26T05:12:28.340Z",":updated_at":"2025-11-26T05:12:33.910Z","gtfs_stop_id":"A54","station_id":"187","complex_id":"187","division":"IND","line":"8th Av - Fulton St","stop_name":"Shepherd Av","borough":"Bk","cbd":"false","daytime_routes":"C","structure":"Subway","gtfs_latitude":"40.67413","gtfs_longitude":"-73.88075","north_direction_label":"Manhattan","south_direction_label":"Outbound","ada":"0","ada_northbound":"0","ada_southbound":"0","ada_notes":null,":@computed_region_yamh_8v7k":"894",":@computed_region_wbg7_3whc":"886",":@computed_region_kjdx_g34t":"2137"}},
{"type":"Feature","geometry":{"type":"Point","coordinates":[-73.872106,40.675377]},"properties":{":id":"row-k2zy-7bar-ncfx",":version":"rv-sf96~y657_njrj",":created_at":"2025-11-26T05:12:28.340Z",":updated_at":"2025-11-26T05:12:33.910Z","gtfs_stop_id":"A55","station_id":"188","complex_id":"188","division":"IND","line":"8th Av - Fulton St","stop_name":"Euclid Av","borough":"Bk","cbd":"false","daytime_routes":"A C","structure":"Subway","gtfs_latitude":"40.675377","gtfs_longitude":"-73.872106","north_direction_label":"Manhattan","south_direction_label":"Queens","ada":"1","ada_northbound":"1","ada_southbound":"1","ada_notes":null,":@computed_region_yamh_8v7k":"894",":@computed_region_wbg7_3whc":"886",":@computed_region_kjdx_g34t":"2137"}},
{"type":"Feature","geometry":{"type":"Point","coordinates":[-73.86505,40.677044]},"properties":{":id":"row-pw4c_847s~ete8",":version":"rv-5yjw.xm42.45cw",":created_at":"2025-11-26T05:12:28.340Z",":updated_at":"2025-11-26T05:12:33.910Z","gtfs_stop_id":"A57","station_id":"189","complex_id":"189","division":"IND","line":"Liberty Av","stop_name":"Grant Av","borough":"Bk","cbd":"false","daytime_routes":"A","structure":"Subway","gtfs_latitude":"40.677044","gtfs_longitude":"-73.86505","north_direction_label":"Manhattan","south_direction_label":"Queens","ada":"0","ada_northbound":"0","ada_southbound":"0","ada_notes":null,":@computed_region_yamh_8v7k":"894",":@computed_region_wbg7_3whc":"886",":@computed_region_kjdx_g34t":"2137"}},
{"type":"Feature","geometry":{"type":"Point","coordinates":[-73.858992,40.679371]},"properties":{":id":"row-kfbc-e77w_4fzg",":version":"rv-5eie~jy7s-vhgu",":created_at":"2025-11-26T05:12:28.340Z",":updated_at":"2025-11-26T05:12:33.910Z","gtfs_stop_id":"A59","station_id":"190","complex_id":"190","division":"IND","line":"Liberty Av","stop_name":"80 St","borough":"Q","cbd":"false","daytime_routes":"A","structure":"Elevated","gtfs_latitude":"40.679371","gtfs_longitude":"-73.858992","north_direction_label":"Manhattan","south_direction_label":"Outbound","ada":"0","ada_northbound":"0","ada_southbound":"0","ada_notes":null,":@computed_region_yamh_8v7k":"196",":@computed_region_wbg7_3whc":"1164",":@computed_region_kjdx_g34t":"2137"}},
{"type":"Feature","geometry":{"type":"Point","coordinates":[-73.85147,40.679843]},"properties":{":id":"row-x544.wh45.wjx3",":version":"rv-vqxt-hsf3.b8u6",":created_at":"2025-11-26T05:12:28.340Z",":updated_at":"2025-11-26T05:12:33.910Z","gtfs_stop_id":"A60","station_id":"191","complex_id":"191","division":"IND","line":"Liberty Av","stop_name":"88 St","borough":"Q","cbd":"false","daytime_routes":"A","structure":"Elevated","gtfs_latitude":"40.679843","gtfs_longitude":"-73.85147","north_direction_label":"Manhattan","south_direction_label":"Outbound","ada":"0","ada_northbound":"0","ada_southbound":"0","ada_notes":null,":@computed_region_yamh_8v7k":"196",":@computed_region_wbg7_3whc":"1164",":@computed_region_kjdx_g34t":"2137"}},
{"type":"Feature","geometry":{"type":"Point","coordinates":[-73.843853,40.680429]},"properties":{":id":"row-ubus-d7yw_c6n6",":version":"rv-8deq~aqtv-a3n6",":created_at":"2025-11-26T05:12:28.340Z",":updated_at":"2025-11-26T05:12:33.910Z","gtfs_stop_id":"A61","station_id":"192","complex_id":"192","division":"IND","line":"Liberty Av","stop_name":"Rockaway Blvd","borough":"Q","cbd":"false","daytime_routes":"A","structure":"Elevated","gtfs_latitude":"40.680429","gtfs_longitude":"-73.843853","north_direction_label":"Manhattan","south_direction_label":"Outbound","ada":"0","ada_northbound":"0","ada_southbound":"0","ada_notes":null,":@computed_region_yamh_8v7k":"196",":@computed_region_wbg7_3whc":"1164",":@computed_region_kjdx_g34t":"2137"}},
{"type":"Feature","geometry":{"type":"Point","coordinates":[-73.837683,40.681711]},"properties":{":id":"row-nbei_nvvm-d6fp",":version":"rv-xj7a~k56u-vkkn",":created_at":"2025-11-26T05:12:28.340Z",":updated_at":"2025-11-26T05:12:33.910Z","gtfs_stop_id":"A63","station_id":"193","complex_id":"193","division":"IND","line":"Liberty Av","stop_name":"104 St","borough":"Q","cbd":"false","daytime_routes":"A","structure":"Elevated","gtfs_latitude":"40.681711","gtfs_longitude":"-73.837683","north_direction_label":"Manhattan","south_direction_label":"Ozone Park","ada":"0","ada_northbound":"0","ada_southbound":"0","ada_notes":null,":@computed_region_yamh_8v7k":"196",":@computed_region_wbg7_3whc":"1164",":@computed_region_kjdx_g34t":"2137"}},
{"type":"Feature","geometry":{"type":"Point","coordinates":[-73.832163,40.684331]},"properties":{":id":"row-j4gf.wsee.nab8",":version":"rv-66ij_b9ia.ktdv",":created_at":"2025-11-26T05:12:28.340Z",":updated_at":"2025-11-26T05:12:33.910Z","gtfs_stop_id":"A64","station_id":"194","complex_id":"194","division":"IND","line":"Liberty Av","stop_name":"111 St","borough":"Q","cbd":"false","daytime_routes":"A","structure":"Elevated","gtfs_latitude":"40.684331","gtfs_longitude":"-73.832163","north_direction_label":"Manhattan","south_direction_label":"Ozone Park","ada":"0","ada_northbound":"0","ada_southbound":"0","ada_notes":null,":@computed_region_yamh_8v7k":"196",":@computed_region_wbg7_3whc":"1166",":@computed_region_kjdx_g34t":"2137"}},
{"type":"Feature","geometry":{"type":"Point","coordinates":[-73.825798,40.685951]},"properties":{":id":"row-yqam_gyg9-3ggm",":version":"rv-3wee.ah6q.x897",":created_at":"2025-11-26T05:12:28.340Z",":updated_at":"2025-11-26T05:12:33.910Z","gtfs_stop_id":"A65","station_id":"195","complex_id":"195","division":"IND","line":"Liberty Av","stop_name":"Ozone Park-Lefferts Blvd","borough":"Q","cbd":"false","daytime_routes":"A","structure":"Elevated","gtfs_latitude":"40.685951","gtfs_longitude":"-73.825798","north_direction_label":"Manhattan","south_direction_label":"Last Stop","ada":"1","ada_northbound":"1","ada_southbound":"1","ada_notes":null,":@computed_region_yamh_8v7k":"196",":@computed_region_wbg7_3whc":"1166",":@computed_region_kjdx_g34t":"2137"}},
{"type":"Feature","geometry":{"type":"Point","coordinates":[-73.835919,40.672097]},"properties":{":id":"row-p8c6~bpz9~kpst",":version":"rv-gjj8.95i2.6bkh",":created_at":"2025-11-26T05:12:28.340Z",":updated_at":"2025-11-26T05:12:33.910Z","gtfs_stop_id":"H01","station_id":"196","complex_id":"196","division":"IND","line":"Rockaway","stop_name":"Aqueduct Racetrack","borough":"Q","cbd":"false","daytime_routes":"A","structure":"At Grade","gtfs_latitude":"40.672097","gtfs_longitude":"-73.835919","north_direction_label":"Manhattan","south_direction_label":"Rockaways","ada":"1","ada_northbound":"1","ada_southbound":"1","ada_notes":null,":@computed_region_yamh_8v7k":"196",":@computed_region_wbg7_3whc":"1164",":@computed_region_kjdx_g34t":"2137"}},
{"type":"Feature","geometry":{"type":"Point","coordinates":[-73.834058,40.668234]},"properties":{":id":"row-pwkx_hauc-47r2",":version":"rv-sw2k_y9vw~p9ym",":created_at":"2025-11-26T05:12:28.340Z",":updated_at":"2025-11-26T05:12:33.910Z","gtfs_stop_id":"H02","station_id":"197","complex_id":"197","division":"IND","line":"Rockaway","stop_name":"Aqueduct-N Conduit Av","borough":"Q","cbd":"false","daytime_routes":"A","structure":"At Grade","gtfs_latitude":"40.668234","gtfs_longitude":"-73.834058","north_direction_label":"Manhattan","south_direction_label":"Rockaways","ada":"0","ada_northbound":"0","ada_southbound":"0","ada_notes":null,":@computed_region_yamh_8v7k":"196",":@computed_region_wbg7_3whc":"1164",":@computed_region_kjdx_g34t":"2137"}},
{"type":"Feature","geometry":{"type":"Point","coordinates":[-73.830301,40.660476]},"properties":{":id":"row-dbf8_94ep.h6ag",":version":"rv-iifj_fpxb~mvh8",":created_at":"2025-11-26T05:12:28.340Z",":updated_at":"2025-11-26T05:12:33.910Z","gtfs_stop_id":"H03","station_id":"198","complex_id":"198","division":"IND","line":"Rockaway","stop_name":"Howard Beach-JFK Airport","borough":"Q","cbd":"false","daytime_routes":"A","structure":"At Grade","gtfs_latitude":"40.660476","gtfs_longitude":"-73.830301","north_direction_label":"Manhattan","south_direction_label":"Rockaways","ada":"1","ada_northbound":"1","ada_southbound":"1","ada_notes":null,":@computed_region_yamh_8v7k":"196",":@computed_region_wbg7_3whc":"853",":@computed_region_kjdx_g34t":"2137"}},
{"type":"Feature","geometry":{"type":"Point","coordinates":[-73.815925,40.608382]},"properties":{":id":"row-fsr7-tgpi_n77b",":version":"rv-887v.xfci_pe9q",":created_at":"2025-11-26T05:12:28.340Z",":updated_at":"2025-11-26T05:12:33.910Z","gtfs_stop_id":"H04","station_id":"199","complex_id":"199","division":"IND","line":"Rockaway","stop_name":"Broad Channel","borough":"Q","cbd":"false","daytime_routes":"A S","structure":"At Grade","gtfs_latitude":"40.608382","gtfs_longitude":"-73.815925","north_direction_label":"Inbound","south_direction_label":"Rockaways","ada":"0","ada_northbound":"0","ada_southbound":"0","ada_notes":null,":@computed_region_yamh_8v7k":"196",":@computed_region_wbg7_3whc":"1029",":@computed_region_kjdx_g34t":"2137"}},
{"type":"Feature","geometry":{"type":"Point","coordinates":[-73.813641,40.588034]},"properties":{":id":"row-kbk7~4h5j-fq4e",":version":"rv-xzrz_nusf.yavn",":created_at":"2025-11-26T05:12:28.340Z",":updated_at":"2025-11-26T05:12:33.910Z","gtfs_stop_id":"H12","station_id":"200","complex_id":"200","division":"IND","line":"Rockaway","stop_name":"Beach 90 St","borough":"Q","cbd":"false","daytime_routes":"A S","structure":"Viaduct","gtfs_latitude":"40.588034","gtfs_longitude":"-73.813641","north_direction_label":"Inbound","south_direction_label":"Rockaway Park","ada":"0","ada_northbound":"0","ada_southbound":"0","ada_notes":null,":@computed_region_yamh_8v7k":"196",":@computed_region_wbg7_3whc":"1029",":@computed_region_kjdx_g34t":"2137"}},
{"type":"Feature","geometry":{"type":"Point","coordinates":[-73.820558,40.585307]},"properties":{":id":"row-xrkv-ad48-2sqa",":version":"rv-ia4r-cdrx-3pm2",":created_at":"2025-11-26T05:12:28.340Z",":updated_at":"2025-11-26T05:12:33.910Z","gtfs_stop_id":"H13","station_id":"201","complex_id":"201","division":"IND","line":"Rockaway","stop_name":"Beach 98 St","borough":"Q","cbd":"false","daytime_routes":"A S","structure":"Viaduct","gtfs_latitude":"40.585307","gtfs_longitude":"-73.820558","north_direction_label":"Inbound","south_direction_label":"Rockaway Park","ada":"0","ada_northbound":"0","ada_southbound":"0","ada_notes":null,":@computed_region_yamh_8v7k":"196",":@computed_region_wbg7_3whc":"1030",":@computed_region_kjdx_g34t":"2137"}},
{"type":"Feature","geometry":{"type":"Point","coordinates":[-73.827559,40.583209]},"properties":{":id":"row-a76u.qaht~a6yg",":version":"rv-jjey_rux4.sych",":created_at":"2025-11-26T05:12:28.340Z",":updated_at":"2025-11-26T05:12:33.910Z","gtfs_stop_id":"H14","station_id":"202","complex_id":"202","division":"IND","line":"Rockaway","stop_name":"Beach 105 St","borough":"Q","cbd":"false","daytime_routes":"A S","structure":"Viaduct","gtfs_latitude":"40.583209","gtfs_longitude":"-73.827559","north_direction_label":"Inbound","south_direction_label":"Rockaway Park","ada":"0","ada_northbound":"0","ada_southbound":"0","ada_notes":null,":@computed_region_yamh_8v7k":"196",":@computed_region_wbg7_3whc":"1030",":@computed_region_kjdx_g34t":"2137"}},
{"type":"Feature","geometry":{"type":"Point","coordinates":[-73.835592,40.580903]},"properties":{":id":"row-3sb7~yh6e~2266",":version":"rv-v82m-mbij~8hc4",":created_at":"2025-11-26T05:12:28.340Z",":updated_at":"2025-11-26T05:12:33.910Z","gtfs_stop_id":"H15","station_id":"203","complex_id":"203","division":"IND","line":"Rockaway","stop_name":"Rockaway Park-Beach 116 St","borough":"Q","cbd":"false","daytime_routes":"A S","structure":"At Grade","gtfs_latitude":"40.580903","gtfs_longitude":"-73.835592","north_direction_label":"Inbound","south_direction_label":"Last Stop","ada":"1","ada_northbound":"1","ada_southbound":"1","ada_notes":null,":@computed_region_yamh_8v7k":"196",":@computed_region_wbg7_3whc":"1030",":@computed_region_kjdx_g34t":"2137"}},
{"type":"Feature","geometry":{"type":"Point","coordinates":[-73.796924,40.590927]},"properties":{":id":"row-j9qa_qhub_bu8g",":version":"rv-e8et_6vpy.jdqe",":created_at":"2025-11-26T05:12:28.340Z",":updated_at":"2025-11-26T05:12:33.910Z","gtfs_stop_id":"H06","station_id":"204","complex_id":"204","division":"IND","line":"Rockaway","stop_name":"Beach 67 St","borough":"Q","cbd":"false","daytime_routes":"A","structure":"Viaduct","gtfs_latitude":"40.590927","gtfs_longitude":"-73.796924","north_direction_label":"Manhattan","south_direction_label":"Far Rockaway","ada":"1","ada_northbound":"1","ada_southbound":"1","ada_notes":null,":@computed_region_yamh_8v7k":"196",":@computed_region_wbg7_3whc":"1028",":@computed_region_kjdx_g34t":"2137"}},
{"type":"Feature","geometry":{"type":"Point","coordinates":[-73.788522,40.592374]},"properties":{":id":"row-bff2.qhg4-6xa3",":version":"rv-qfb5.2ehg-f43t",":created_at":"2025-11-26T05:12:28.340Z",":updated_at":"2025-11-26T05:12:33.910Z","gtfs_stop_id":"H07","station_id":"205","complex_id":"205","division":"IND","line":"Rockaway","stop_name":"Beach 60 St","borough":"Q","cbd":"false","daytime_routes":"A","structure":"Viaduct","gtfs_latitude":"40.592374","gtfs_longitude":"-73.788522","north_direction_label":"Manhattan","south_direction_label":"Far Rockaway","ada":"0","ada_northbound":"0","ada_southbound":"0","ada_notes":null,":@computed_region_yamh_8v7k":"196",":@computed_region_wbg7_3whc":"1028",":@computed_region_kjdx_g34t":"2137"}},
{"type":"Feature","geometry":{"type":"Point","coordinates":[-73.776013,40.592943]},"properties":{":id":"row-fdcd.3nsf-wvtd",":version":"rv-8zsp~d9gb.dzst",":created_at":"2025-11-26T05:12:28.340Z",":updated_at":"2025-11-26T05:12:33.910Z","gtfs_stop_id":"H08","station_id":"206","complex_id":"206","division":"IND","line":"Rockaway","stop_name":"Beach 44 St","borough":"Q","cbd":"false","daytime_routes":"A","structure":"Viaduct","gtfs_latitude":"40.592943","gtfs_longitude":"-73.776013","north_direction_label":"Manhattan","south_direction_label":"Far Rockaway","ada":"0","ada_northbound":"0","ada_southbound":"0","ada_notes":null,":@computed_region_yamh_8v7k":"196",":@computed_region_wbg7_3whc":"1027",":@computed_region_kjdx_g34t":"2137"}},
{"type":"Feature","geometry":{"type":"Point","coordinates":[-73.768175,40.595398]},"properties":{":id":"row-x7xe-cgtq.37f6",":version":"rv-zxqt~89ph-fpdg",":created_at":"2025-11-26T05:12:28.340Z",":updated_at":"2025-11-26T05:12:33.910Z","gtfs_stop_id":"H09","station_id":"207","complex_id":"207","division":"IND","line":"Rockaway","stop_name":"Beach 36 St","borough":"Q","cbd":"false","daytime_routes":"A","structure":"Viaduct","gtfs_latitude":"40.595398","gtfs_longitude":"-73.768175","north_direction_label":"Manhattan","south_direction_label":"Far Rockaway","ada":"0","ada_northbound":"0","ada_southbound":"0","ada_notes":null,":@computed_region_yamh_8v7k":"196",":@computed_region_wbg7_3whc":"1027",":@computed_region_kjdx_g34t":"2137"}},
{"type":"Feature","geometry":{"type":"Point","coordinates":[-73.761353,40.600066]},"properties":{":id":"row-fgvg_utwt_wv3x",":version":"rv-n22s-9825~viz8",":created_at":"2025-11-26T05:12:28.340Z",":updated_at":"2025-11-26T05:12:33.910Z","gtfs_stop_id":"H10","station_id":"208","complex_id":"208","division":"IND","line":"Rockaway","stop_name":"Beach 25 St","borough":"Q","cbd":"false","daytime_routes":"A","structure":"Viaduct","gtfs_latitude":"40.600066","gtfs_longitude":"-73.761353","north_direction_label":"Manhattan","south_direction_label":"Far Rockaway","ada":"0","ada_northbound":"0","ada_southbound":"0","ada_notes":null,":@computed_region_yamh_8v7k":"196",":@computed_region_wbg7_3whc":"1027",":@computed_region_kjdx_g34t":"2137"}},
{"type":"Feature","geometry":{"type":"Point","coordinates":[-73.755405,40.603995]},"properties":{":id":"row-q6i9-utjt_h9dp",":version":"rv-nmt6~q3sa.4hnn",":created_at":"2025-11-26T05:12:28.340Z",":updated_at":"2025-11-26T05:12:33.910Z","gtfs_stop_id":"H11","station_id":"209","complex_id":"209","division":"IND","line":"Rockaway","stop_name":"Far Rockaway-Mott Av","borough":"Q","cbd":"false","daytime_routes":"A","structure":"Viaduct","gtfs_latitude":"40.603995","gtfs_longitude":"-73.755405","north_direction_label":"Manhattan","south_direction_label":"Last Stop","ada":"1","ada_northbound":"1","ada_southbound":"1","ada_notes":null,":@computed_region_yamh_8v7k":"196",":@computed_region_wbg7_3whc":"1027",":@computed_region_kjdx_g34t":"2137"}},
{"type":"Feature","geometry":{"type":"Point","coordinates":[-73.878855,40.874811]},"properties":{":id":"row-tz5x~b95c.wix4",":version":"rv-3zvd~m3ts-h6ip",":created_at":"2025-11-26T05:12:28.340Z",":updated_at":"2025-11-26T05:12:33.910Z","gtfs_stop_id":"D01","station_id":"210","complex_id":"210","division":"IND","line":"Concourse","stop_name":"Norwood-205 St","borough":"Bx","cbd":"false","daytime_routes":"D","structure":"Subway","gtfs_latitude":"40.874811","gtfs_longitude":"-73.878855","north_direction_label":"Last Stop","south_direction_label":"Manhattan","ada":"0","ada_northbound":"0","ada_southbound":"0","ada_notes":null,":@computed_region_yamh_8v7k":"307",":@computed_region_wbg7_3whc":"704",":@computed_region_kjdx_g34t":"2032"}},
{"type":"Feature","geometry":{"type":"Point","coordinates":[-73.887138,40.873244]},"properties":{":id":"row-dw3x_ndrw-xda7",":version":"rv-8kef.yui8~7xpb",":created_at":"2025-11-26T05:12:28.340Z",":updated_at":"2025-11-26T05:12:33.910Z","gtfs_stop_id":"D03","station_id":"211","complex_id":"211","division":"IND","line":"Concourse","stop_name":"Bedford Park Blvd","borough":"Bx","cbd":"false","daytime_routes":"B D","structure":"Subway","gtfs_latitude":"40.873244","gtfs_longitude":"-73.887138","north_direction_label":"Northbound","south_direction_label":"Manhattan","ada":"1","ada_northbound":"1","ada_southbound":"1","ada_notes":null,":@computed_region_yamh_8v7k":"307",":@computed_region_wbg7_3whc":"654",":@computed_region_kjdx_g34t":"2032"}},
{"type":"Feature","geometry":{"type":"Point","coordinates":[-73.893509,40.866978]},"properties":{":id":"row-je2j_xmj5-tq29",":version":"rv-pbhu-5vgr.qyrx",":created_at":"2025-11-26T05:12:28.340Z",":updated_at":"2025-11-26T05:12:33.910Z","gtfs_stop_id":"D04","station_id":"212","complex_id":"212","division":"IND","line":"Concourse","stop_name":"Kingsbridge Rd","borough":"Bx","cbd":"false","daytime_routes":"B D","structure":"Subway","gtfs_latitude":"40.866978","gtfs_longitude":"-73.893509","north_direction_label":"Northbound","south_direction_label":"Manhattan","ada":"1","ada_northbound":"1","ada_southbound":"1","ada_notes":null,":@computed_region_yamh_8v7k":"307",":@computed_region_wbg7_3whc":"654",":@computed_region_kjdx_g34t":"2032"}},
{"type":"Feature","geometry":{"type":"Point","coordinates":[-73.897749,40.861296]},"properties":{":id":"row-m69h.ucb7-77uh",":version":"rv-feua~chxz_6378",":created_at":"2025-11-26T05:12:28.340Z",":updated_at":"2025-11-26T05:12:33.910Z","gtfs_stop_id":"D05","station_id":"213","complex_id":"213","division":"IND","line":"Concourse","stop_name":"Fordham Rd","borough":"Bx","cbd":"false","daytime_routes":"B D","structure":"Subway","gtfs_latitude":"40.861296","gtfs_longitude":"-73.897749","north_direction_label":"Northbound","south_direction_label":"Manhattan","ada":"0","ada_northbound":"0","ada_southbound":"0","ada_notes":null,":@computed_region_yamh_8v7k":"307",":@computed_region_wbg7_3whc":"654",":@computed_region_kjdx_g34t":"2032"}},
{"type":"Feature","geometry":{"type":"Point","coordinates":[-73.900741,40.856093]},"properties":{":id":"row-7ccf~tekd~4znb",":version":"rv-3p66-mxm4-ftb2",":created_at":"2025-11-26T05:12:28.340Z",":updated_at":"2025-11-26T05:12:33.910Z","gtfs_stop_id":"D06","station_id":"214","complex_id":"214","division":"IND","line":"Concourse","stop_name":"182-183 Sts","borough":"Bx","cbd":"false","daytime_routes":"B D","structure":"Subway","gtfs_latitude":"40.856093","gtfs_longitude":"-73.900741","north_direction_label":"Northbound","south_direction_label":"Manhattan","ada":"0","ada_northbound":"0","ada_southbound":"0","ada_notes":null,":@computed_region_yamh_8v7k":"307",":@computed_region_wbg7_3whc":"653",":@computed_region_kjdx_g34t":"2032"}},
{"type":"Feature","geometry":{"type":"Point","coordinates":[-73.905227,40.85041]},"properties":{":id":"row-wuhe~9tbq_itaa",":version":"rv-yfxn-3v9n.z3zj",":created_at":"2025-11-26T05:12:28.340Z",":updated_at":"2025-11-26T05:12:33.910Z","gtfs_stop_id":"D07","station_id":"215","complex_id":"215","division":"IND","line":"Concourse","stop_name":"Tremont Av","borough":"Bx","cbd":"false","daytime_routes":"B D","structure":"Subway","gtfs_latitude":"40.85041","gtfs_longitude":"-73.905227","north_direction_label":"Northbound","south_direction_label":"Manhattan","ada":"1","ada_northbound":"1","ada_southbound":"1","ada_notes":null,":@computed_region_yamh_8v7k":"307",":@computed_region_wbg7_3whc":"653",":@computed_region_kjdx_g34t":"2032"}},
{"type":"Feature","geometry":{"type":"Point","coordinates":[-73.910136,40.8459]},"properties":{":id":"row-nc6n_4au5-zidr",":version":"rv-2k32_n9xw~z6ht",":created_at":"2025-11-26T05:12:28.340Z",":updated_at":"2025-11-26T05:12:33.910Z","gtfs_stop_id":"D08","station_id":"216","complex_id":"216","division":"IND","line":"Concourse","stop_name":"174-175 Sts","borough":"Bx","cbd":"false","daytime_routes":"B D","structure":"Subway","gtfs_latitude":"40.8459","gtfs_longitude":"-73.910136","north_direction_label":"Northbound","south_direction_label":"Manhattan","ada":"0","ada_northbound":"0","ada_southbound":"0","ada_notes":null,":@computed_region_yamh_8v7k":"307",":@computed_region_wbg7_3whc":"649",":@computed_region_kjdx_g34t":"2032"}},
{"type":"Feature","geometry":{"type":"Point","coordinates":[-73.9134,40.839306]},"properties":{":id":"row-z2jz-jeym.wgq2",":version":"rv-ng7f.dzx4_5fv9",":created_at":"2025-11-26T05:12:28.340Z",":updated_at":"2025-11-26T05:12:33.910Z","gtfs_stop_id":"D09","station_id":"217","complex_id":"217","division":"IND","line":"Concourse","stop_name":"170 St","borough":"Bx","cbd":"false","daytime_routes":"B D","structure":"Subway","gtfs_latitude":"40.839306","gtfs_longitude":"-73.9134","north_direction_label":"Northbound","south_direction_label":"Manhattan","ada":"0","ada_northbound":"0","ada_southbound":"0","ada_notes":null,":@computed_region_yamh_8v7k":"307",":@computed_region_wbg7_3whc":"652",":@computed_region_kjdx_g34t":"2032"}},
{"type":"Feature","geometry":{"type":"Point","coordinates":[-73.91844,40.833771]},"properties":{":id":"row-wfep-g3ds~uvy3",":version":"rv-wtfx~tgve.p3is",":created_at":"2025-11-26T05:12:28.340Z",":updated_at":"2025-11-26T05:12:33.910Z","gtfs_stop_id":"D10","station_id":"218","complex_id":"218","division":"IND","line":"Concourse","stop_name":"167 St","borough":"Bx","cbd":"false","daytime_routes":"B D","structure":"Subway","gtfs_latitude":"40.833771","gtfs_longitude":"-73.91844","north_direction_label":"Northbound","south_direction_label":"Manhattan","ada":"0","ada_northbound":"0","ada_southbound":"0","ada_notes":null,":@computed_region_yamh_8v7k":"307",":@computed_region_wbg7_3whc":"648",":@computed_region_kjdx_g34t":"2032"}},
{"type":"Feature","geometry":{"type":"Point","coordinates":[-73.925651,40.827905]},"properties":{":id":"row-95sa~hacm-94v2",":version":"rv-ue3f_7v9k-74k8",":created_at":"2025-11-26T05:12:28.340Z",":updated_at":"2025-11-26T05:12:33.910Z","gtfs_stop_id":"D11","station_id":"219","complex_id":"604","division":"IND","line":"Concourse","stop_name":"161 St-Yankee Stadium","borough":"Bx","cbd":"false","daytime_routes":"B D","structure":"Subway","gtfs_latitude":"40.827905","gtfs_longitude":"-73.925651","north_direction_label":"Northbound","south_direction_label":"Manhattan","ada":"1","ada_northbound":"1","ada_southbound":"1","ada_notes":null,":@computed_region_yamh_8v7k":"307",":@computed_region_wbg7_3whc":"647",":@computed_region_kjdx_g34t":"2032"}},
{"type":"Feature","geometry":{"type":"Point","coordinates":[-73.938209,40.830135]},"properties":{":id":"row-4njk-w4rs_xagd",":version":"rv-a9pg_gjqg-4xt6",":created_at":"2025-11-26T05:12:28.340Z",":updated_at":"2025-11-26T05:12:33.910Z","gtfs_stop_id":"D12","station_id":"220","complex_id":"220","division":"IND","line":"Concourse","stop_name":"155 St","borough":"M","cbd":"false","daytime_routes":"B D","structure":"Subway","gtfs_latitude":"40.830135","gtfs_longitude":"-73.938209","north_direction_label":"The Bronx","south_direction_label":"Downtown","ada":"0","ada_northbound":"0","ada_southbound":"0","ada_notes":null,":@computed_region_yamh_8v7k":"749",":@computed_region_wbg7_3whc":"798",":@computed_region_kjdx_g34t":"2095"}},
{"type":"Feature","geometry":{"type":"Point","coordinates":[-73.942836,40.754203]},"properties":{":id":"row-xv2c.beqr-i43u",":version":"rv-xr3a-r7g3_hhdn",":created_at":"2025-11-26T05:12:28.340Z",":updated_at":"2025-11-26T05:12:33.910Z","gtfs_stop_id":"B04","station_id":"221","complex_id":"221","division":"IND","line":"63rd St","stop_name":"21 St-Queensbridge","borough":"Q","cbd":"false","daytime_routes":"F","structure":"Subway","gtfs_latitude":"40.754203","gtfs_longitude":"-73.942836","north_direction_label":"Outbound","south_direction_label":"Manhattan","ada":"1","ada_northbound":"1","ada_southbound":"1","ada_notes":null,":@computed_region_yamh_8v7k":"196",":@computed_region_wbg7_3whc":"873",":@computed_region_kjdx_g34t":"2137"}},
{"type":"Feature","geometry":{"type":"Point","coordinates":[-73.95326,40.759145]},"properties":{":id":"row-hvfq~vvfj_w8t8",":version":"rv-9mvy~dhyi~4ee3",":created_at":"2025-11-26T05:12:28.340Z",":updated_at":"2025-11-26T05:12:33.910Z","gtfs_stop_id":"B06","station_id":"222","complex_id":"222","division":"IND","line":"63rd St","stop_name":"Roosevelt Island","borough":"M","cbd":"false","daytime_routes":"F","structure":"Subway","gtfs_latitude":"40.759145","gtfs_longitude":"-73.95326","north_direction_label":"Queens","south_direction_label":"Downtown","ada":"1","ada_northbound":"1","ada_southbound":"1","ada_notes":null,":@computed_region_yamh_8v7k":"749",":@computed_region_wbg7_3whc":"800",":@computed_region_kjdx_g34t":"2095"}},
{"type":"Feature","geometry":{"type":"Point","coordinates":[-73.966113,40.764629]},"properties":{":id":"row-hya5.wqhk-2jcw",":version":"rv-epks-3rta-jk7f",":created_at":"2025-11-26T05:12:28.340Z",":updated_at":"2025-11-26T05:12:33.910Z","gtfs_stop_id":"B08","station_id":"223","complex_id":"223","division":"IND","line":"63rd St","stop_name":"Lexington Av/63 St","borough":"M","cbd":"false","daytime_routes":"F Q","structure":"Subway","gtfs_latitude":"40.764629","gtfs_longitude":"-73.966113","north_direction_label":"Uptown & Queens","south_direction_label":"Downtown","ada":"1","ada_northbound":"1","ada_southbound":"1","ada_notes":null,":@computed_region_yamh_8v7k":"749",":@computed_region_wbg7_3whc":null,":@computed_region_kjdx_g34t":"2095"}},
{"type":"Feature","geometry":{"type":"Point","coordinates":[-73.97745,40.763972]},"properties":{":id":"row-vg39-c92r-6nug",":version":"rv-9jcp_ipiy-psus",":created_at":"2025-11-26T05:12:28.340Z",":updated_at":"2025-11-26T05:12:33.910Z","gtfs_stop_id":"B10","station_id":"224","complex_id":"224","division":"IND","line":"6th Av - Culver","stop_name":"57 St","borough":"M","cbd":"true","daytime_routes":"F","structure":"Subway","gtfs_latitude":"40.763972","gtfs_longitude":"-73.97745","north_direction_label":"Uptown","south_direction_label":"Downtown","ada":"0","ada_northbound":"0","ada_southbound":"0","ada_notes":null,":@computed_region_yamh_8v7k":"749",":@computed_region_wbg7_3whc":"742",":@computed_region_kjdx_g34t":"2095"}},
{"type":"Feature","geometry":{"type":"Point","coordinates":[-73.981329,40.758663]},"properties":{":id":"row-jkd5~ug67~vf2u",":version":"rv-8dbb~qzza~k86h",":created_at":"2025-11-26T05:12:28.340Z",":updated_at":"2025-11-26T05:12:33.910Z","gtfs_stop_id":"D15","station_id":"225","complex_id":"225","division":"IND","line":"6th Av - Culver","stop_name":"47-50 Sts-Rockefeller Ctr","borough":"M","cbd":"true","daytime_routes":"B D F M","structure":"Subway","gtfs_latitude":"40.758663","gtfs_longitude":"-73.981329","north_direction_label":"Uptown","south_direction_label":"Downtown","ada":"1","ada_northbound":"1","ada_southbound":"1","ada_notes":null,":@computed_region_yamh_8v7k":"749",":@computed_region_wbg7_3whc":"743",":@computed_region_kjdx_g34t":"2095"}},
{"type":"Feature","geometry":{"type":"Point","coordinates":[-73.984569,40.754222]},"properties":{":id":"row-9657_sxs3.fbmz",":version":"rv-tc6n~3ar2~9ycc",":created_at":"2025-11-26T05:12:28.340Z",":updated_at":"2025-11-26T05:12:33.910Z","gtfs_stop_id":"D16","station_id":"226","complex_id":"609","division":"IND","line":"6th Av - Culver","stop_name":"42 St-Bryant Pk","borough":"M","cbd":"true","daytime_routes":"B D F M","structure":"Subway","gtfs_latitude":"40.754222","gtfs_longitude":"-73.984569","north_direction_label":"Uptown","south_direction_label":"Downtown","ada":"0","ada_northbound":"0","ada_southbound":"0","ada_notes":null,":@computed_region_yamh_8v7k":"749",":@computed_region_wbg7_3whc":"795",":@computed_region_kjdx_g34t":"2095"}},
{"type":"Feature","geometry":{"type":"Point","coordinates":[-73.987823,40.749719]},"properties":{":id":"row-u9kt.sjk6-gihg",":version":"rv-em4v_h7dz_neqx",":created_at":"2025-11-26T05:12:28.340Z",":updated_at":"2025-11-26T05:12:33.910Z","gtfs_stop_id":"D17","station_id":"227","complex_id":"607","division":"IND","line":"6th Av - Culver","stop_name":"34 St-Herald Sq","borough":"M","cbd":"true","daytime_routes":"B D F M","structure":"Subway","gtfs_latitude":"40.749719","gtfs_longitude":"-73.987823","north_direction_label":"Uptown","south_direction_label":"Downtown","ada":"1","ada_northbound":"1","ada_southbound":"1","ada_notes":null,":@computed_region_yamh_8v7k":"749",":@computed_region_wbg7_3whc":"717",":@computed_region_kjdx_g34t":"2095"}},
{"type":"Feature","geometry":{"type":"Point","coordinates":[-73.992821,40.742878]},"properties":{":id":"row-7k5c~nre7~ggwv",":version":"rv-bur7-j6gu-bdqd",":created_at":"2025-11-26T05:12:28.340Z",":updated_at":"2025-11-26T05:12:33.910Z","gtfs_stop_id":"D18","station_id":"228","complex_id":"228","division":"IND","line":"6th Av - Culver","stop_name":"23 St","borough":"M","cbd":"true","daytime_routes":"F M","structure":"Subway","gtfs_latitude":"40.742878","gtfs_longitude":"-73.992821","north_direction_label":"Uptown","south_direction_label":"Downtown","ada":"0","ada_northbound":"0","ada_southbound":"0","ada_notes":null,":@computed_region_yamh_8v7k":"749",":@computed_region_wbg7_3whc":"734",":@computed_region_kjdx_g34t":"2095"}},
{"type":"Feature","geometry":{"type":"Point","coordinates":[-73.996209,40.738228]},"properties":{":id":"row-zjbq.rtsh~rz5r",":version":"rv-zz9f-z4i3~9fx9",":created_at":"2025-11-26T05:12:28.340Z",":updated_at":"2025-11-26T05:12:33.910Z","gtfs_stop_id":"D19","station_id":"229","complex_id":"601","division":"IND","line":"6th Av - Culver","stop_name":"14 St","borough":"M","cbd":"true","daytime_routes":"F M","structure":"Subway","gtfs_latitude":"40.738228","gtfs_longitude":"-73.996209","north_direction_label":"Uptown","south_direction_label":"Downtown","ada":"1","ada_northbound":"1","ada_southbound":"1","ada_notes":null,":@computed_region_yamh_8v7k":"749",":@computed_region_wbg7_3whc":"735",":@computed_region_kjdx_g34t":"2095"}},
{"type":"Feature","geometry":{"type":"Point","coordinates":[-73.996204,40.725297]},"properties":{":id":"row-jube.jpkt~kc4s",":version":"rv-pbut_8s3d_9x5x",":created_at":"2025-11-26T05:12:28.340Z",":updated_at":"2025-11-26T05:12:33.910Z","gtfs_stop_id":"D21","station_id":"230","complex_id":"619","division":"IND","line":"6th Av - Culver","stop_name":"Broadway-Lafayette St","borough":"M","cbd":"true","daytime_routes":"B D F M","structure":"Subway","gtfs_latitude":"40.725297","gtfs_longitude":"-73.996204","north_direction_label":"Uptown","south_direction_label":"Downtown","ada":"1","ada_northbound":"1","ada_southbound":"1","ada_notes":null,":@computed_region_yamh_8v7k":"749",":@computed_region_wbg7_3whc":"736",":@computed_region_kjdx_g34t":"2095"}},
{"type":"Feature","geometry":{"type":"Point","coordinates":[-73.993753,40.718267]},"properties":{":id":"row-266q~juj8-ps7p",":version":"rv-7ufx~gs44.6zvk",":created_at":"2025-11-26T05:12:28.340Z",":updated_at":"2025-11-26T05:12:33.910Z","gtfs_stop_id":"D22","station_id":"231","complex_id":"231","division":"IND","line":"6th Av - Culver","stop_name":"Grand St","borough":"M","cbd":"true","daytime_routes":"B D","structure":"Subway","gtfs_latitude":"40.718267","gtfs_longitude":"-73.993753","north_direction_label":"Uptown","south_direction_label":"Brooklyn","ada":"0","ada_northbound":"0","ada_southbound":"0","ada_notes":null,":@computed_region_yamh_8v7k":"749",":@computed_region_wbg7_3whc":"718",":@computed_region_kjdx_g34t":"2095"}},
{"type":"Feature","geometry":{"type":"Point","coordinates":[-73.989938,40.723402]},"properties":{":id":"row-fnvn_f64h~y6tp",":version":"rv-52iv.rukk.ut63",":created_at":"2025-11-26T05:12:28.340Z",":updated_at":"2025-11-26T05:12:33.910Z","gtfs_stop_id":"F14","station_id":"232","complex_id":"232","division":"IND","line":"6th Av - Culver","stop_name":"2 Av","borough":"M","cbd":"true","daytime_routes":"F","structure":"Subway","gtfs_latitude":"40.723402","gtfs_longitude":"-73.989938","north_direction_label":"Uptown","south_direction_label":"Downtown","ada":"0","ada_northbound":"0","ada_southbound":"0","ada_notes":null,":@computed_region_yamh_8v7k":"749",":@computed_region_wbg7_3whc":"719",":@computed_region_kjdx_g34t":"2095"}},
{"type":"Feature","geometry":{"type":"Point","coordinates":[-73.988114,40.718611]},"properties":{":id":"row-sjug-436t_quwt",":version":"rv-2t9c-u2zi_2gar",":created_at":"2025-11-26T05:12:28.340Z",":updated_at":"2025-11-26T05:12:33.910Z","gtfs_stop_id":"F15","station_id":"233","complex_id":"625","division":"IND","line":"6th Av - Culver","stop_name":"Delancey St-Essex St","borough":"M","cbd":"true","daytime_routes":"F","structure":"Subway","gtfs_latitude":"40.718611","gtfs_longitude":"-73.988114","north_direction_label":"Uptown","south_direction_label":"Brooklyn","ada":"0","ada_northbound":"0","ada_southbound":"0","ada_notes":null,":@computed_region_yamh_8v7k":"749",":@computed_region_wbg7_3whc":"718",":@computed_region_kjdx_g34t":"2095"}},
{"type":"Feature","geometry":{"type":"Point","coordinates":[-73.990173,40.713715]},"properties":{":id":"row-y3nd-uscc.qj5t",":version":"rv-w7gc.svhc.e7qd",":created_at":"2025-11-26T05:12:28.340Z",":updated_at":"2025-11-26T05:12:33.910Z","gtfs_stop_id":"F16","station_id":"234","complex_id":"234","division":"IND","line":"6th Av - Culver","stop_name":"East Broadway","borough":"M","cbd":"true","daytime_routes":"F","structure":"Subway","gtfs_latitude":"40.713715","gtfs_longitude":"-73.990173","north_direction_label":"Uptown","south_direction_label":"Brooklyn","ada":"0","ada_northbound":"0","ada_southbound":"0","ada_notes":null,":@computed_region_yamh_8v7k":"749",":@computed_region_wbg7_3whc":"718",":@computed_region_kjdx_g34t":"2095"}},
{"type":"Feature","geometry":{"type":"Point","coordinates":[-73.986751,40.701397]},"properties":{":id":"row-g4ib_9ezi~jwfr",":version":"rv-zzzc~zepb-yavy",":created_at":"2025-11-26T05:12:28.340Z",":updated_at":"2025-11-26T05:12:33.910Z","gtfs_stop_id":"F18","station_id":"235","complex_id":"235","division":"IND","line":"6th Av - Culver","stop_name":"York St","borough":"Bk","cbd":"false","daytime_routes":"F","structure":"Subway","gtfs_latitude":"40.701397","gtfs_longitude":"-73.986751","north_direction_label":"Manhattan","south_direction_label":"Southbound","ada":"0","ada_northbound":"0","ada_southbound":"0","ada_notes":null,":@computed_region_yamh_8v7k":"894",":@computed_region_wbg7_3whc":"880",":@computed_region_kjdx_g34t":"2095"}},
{"type":"Feature","geometry":{"type":"Point","coordinates":[-73.990862,40.686145]},"properties":{":id":"row-bnfi~pb8n~gu92",":version":"rv-z37a.ai39_antr",":created_at":"2025-11-26T05:12:28.340Z",":updated_at":"2025-11-26T05:12:33.910Z","gtfs_stop_id":"F20","station_id":"236","complex_id":"236","division":"IND","line":"6th Av - Culver","stop_name":"Bergen St","borough":"Bk","cbd":"false","daytime_routes":"F G","structure":"Subway","gtfs_latitude":"40.686145","gtfs_longitude":"-73.990862","north_direction_label":"Northbound","south_direction_label":"Southbound","ada":"0","ada_northbound":"0","ada_southbound":"0","ada_notes":null,":@computed_region_yamh_8v7k":"894",":@computed_region_wbg7_3whc":"880",":@computed_region_kjdx_g34t":"2090"}},
{"type":"Feature","geometry":{"type":"Point","coordinates":[-73.995048,40.680303]},"properties":{":id":"row-vjtb_4dfm~th9x",":version":"rv-69yj.xvwf.dygn",":created_at":"2025-11-26T05:12:28.340Z",":updated_at":"2025-11-26T05:12:33.910Z","gtfs_stop_id":"F21","station_id":"237","complex_id":"237","division":"IND","line":"6th Av - Culver","stop_name":"Carroll St","borough":"Bk","cbd":"false","daytime_routes":"F G","structure":"Subway","gtfs_latitude":"40.680303","gtfs_longitude":"-73.995048","north_direction_label":"Northbound","south_direction_label":"Southbound","ada":"0","ada_northbound":"0","ada_southbound":"0","ada_notes":null,":@computed_region_yamh_8v7k":"894",":@computed_region_wbg7_3whc":"814",":@computed_region_kjdx_g34t":"2090"}},
{"type":"Feature","geometry":{"type":"Point","coordinates":[-73.995959,40.67358]},"properties":{":id":"row-m8my_26m9.yipv",":version":"rv-quci.f4nh~sibv",":created_at":"2025-11-26T05:12:28.340Z",":updated_at":"2025-11-26T05:12:33.910Z","gtfs_stop_id":"F22","station_id":"238","complex_id":"238","division":"IND","line":"6th Av - Culver","stop_name":"Smith-9 Sts","borough":"Bk","cbd":"false","daytime_routes":"F G","structure":"Viaduct","gtfs_latitude":"40.67358","gtfs_longitude":"-73.995959","north_direction_label":"Northbound","south_direction_label":"Southbound","ada":"0","ada_northbound":"0","ada_southbound":"0","ada_notes":null,":@computed_region_yamh_8v7k":"894",":@computed_region_wbg7_3whc":"893",":@computed_region_kjdx_g34t":"2090"}},
{"type":"Feature","geometry":{"type":"Point","coordinates":[-73.989779,40.670272]},"properties":{":id":"row-acna_8jkg.kdqh",":version":"rv-qkzq_u8wh-m35j",":created_at":"2025-11-26T05:12:28.340Z",":updated_at":"2025-11-26T05:12:33.910Z","gtfs_stop_id":"F23","station_id":"239","complex_id":"608","division":"IND","line":"6th Av - Culver","stop_name":"4 Av-9 St","borough":"Bk","cbd":"false","daytime_routes":"F G","structure":"Viaduct","gtfs_latitude":"40.670272","gtfs_longitude":"-73.989779","north_direction_label":"Northbound","south_direction_label":"Southbound","ada":"0","ada_northbound":"0","ada_southbound":"0","ada_notes":null,":@computed_region_yamh_8v7k":"894",":@computed_region_wbg7_3whc":"893",":@computed_region_kjdx_g34t":"2090"}},
{"type":"Feature","geometry":{"type":"Point","coordinates":[-73.980305,40.666271]},"properties":{":id":"row-ka2k~jjwr-d7be",":version":"rv-x3p7_9jqv~zfvg",":created_at":"2025-11-26T05:12:28.340Z",":updated_at":"2025-11-26T05:12:33.910Z","gtfs_stop_id":"F24","station_id":"240","complex_id":"240","division":"IND","line":"6th Av - Culver","stop_name":"7 Av","borough":"Bk","cbd":"false","daytime_routes":"F G","structure":"Subway","gtfs_latitude":"40.666271","gtfs_longitude":"-73.980305","north_direction_label":"Northbound","south_direction_label":"Southbound","ada":"1","ada_northbound":"1","ada_southbound":"1","ada_notes":null,":@computed_region_yamh_8v7k":"894",":@computed_region_wbg7_3whc":"893",":@computed_region_kjdx_g34t":"2090"}},
{"type":"Feature","geometry":{"type":"Point","coordinates":[-73.979493,40.660365]},"properties":{":id":"row-niui~itt9~326a",":version":"rv-b9z8-gk3e-y2d3",":created_at":"2025-11-26T05:12:28.340Z",":updated_at":"2025-11-26T05:12:33.910Z","gtfs_stop_id":"F25","station_id":"241","complex_id":"241","division":"IND","line":"6th Av - Culver","stop_name":"15 St-Prospect Park","borough":"Bk","cbd":"false","daytime_routes":"F G","structure":"Subway","gtfs_latitude":"40.660365","gtfs_longitude":"-73.979493","north_direction_label":"Northbound","south_direction_label":"Southbound","ada":"0","ada_northbound":"0","ada_southbound":"0","ada_notes":null,":@computed_region_yamh_8v7k":"894",":@computed_region_wbg7_3whc":"893",":@computed_region_kjdx_g34t":"2090"}},
{"type":"Feature","geometry":{"type":"Point","coordinates":[-73.975776,40.650782]},"properties":{":id":"row-pk5w_5bsr.wab5",":version":"rv-mdzn_rhdc.r6yt",":created_at":"2025-11-26T05:12:28.340Z",":updated_at":"2025-11-26T05:12:33.910Z","gtfs_stop_id":"F26","station_id":"242","complex_id":"242","division":"IND","line":"6th Av - Culver","stop_name":"Fort Hamilton Pkwy","borough":"Bk","cbd":"false","daytime_routes":"F G","structure":"Subway","gtfs_latitude":"40.650782","gtfs_longitude":"-73.975776","north_direction_label":"Northbound","south_direction_label":"Southbound","ada":"0","ada_northbound":"0","ada_southbound":"0","ada_notes":null,":@computed_region_yamh_8v7k":"894",":@computed_region_wbg7_3whc":"896",":@computed_region_kjdx_g34t":"2090"}},
{"type":"Feature","geometry":{"type":"Point","coordinates":[-73.979678,40.644041]},"properties":{":id":"row-ks9s~cap8~5cnz",":version":"rv-sr3h-6p5j~zic6",":created_at":"2025-11-26T05:12:28.340Z",":updated_at":"2025-11-26T05:12:33.910Z","gtfs_stop_id":"F27","station_id":"243","complex_id":"243","division":"IND","line":"6th Av - Culver","stop_name":"Church Av","borough":"Bk","cbd":"false","daytime_routes":"F G","structure":"Subway","gtfs_latitude":"40.644041","gtfs_longitude":"-73.979678","north_direction_label":"Northbound","south_direction_label":"Southbound","ada":"1","ada_northbound":"1","ada_southbound":"1","ada_notes":null,":@computed_region_yamh_8v7k":"894",":@computed_region_wbg7_3whc":"896",":@computed_region_kjdx_g34t":"2090"}},
{"type":"Feature","geometry":{"type":"Point","coordinates":[-73.978172,40.636119]},"properties":{":id":"row-m2e2_h9pc.5j9d",":version":"rv-ntyh-zebx~db7x",":created_at":"2025-11-26T05:12:28.340Z",":updated_at":"2025-11-26T05:12:33.910Z","gtfs_stop_id":"F29","station_id":"244","complex_id":"244","division":"IND","line":"6th Av - Culver","stop_name":"Ditmas Av","borough":"Bk","cbd":"false","daytime_routes":"F","structure":"Elevated","gtfs_latitude":"40.636119","gtfs_longitude":"-73.978172","north_direction_label":"Manhattan","south_direction_label":"Southbound","ada":"0","ada_northbound":"0","ada_southbound":"0","ada_notes":null,":@computed_region_yamh_8v7k":"894",":@computed_region_wbg7_3whc":"896",":@computed_region_kjdx_g34t":"2090"}},
{"type":"Feature","geometry":{"type":"Point","coordinates":[-73.976971,40.629755]},"properties":{":id":"row-9ap7_kij8~vycp",":version":"rv-z6ia-zcu2-tdgi",":created_at":"2025-11-26T05:12:28.340Z",":updated_at":"2025-11-26T05:12:33.910Z","gtfs_stop_id":"F30","station_id":"245","complex_id":"245","division":"IND","line":"6th Av - Culver","stop_name":"18 Av","borough":"Bk","cbd":"false","daytime_routes":"F","structure":"Elevated","gtfs_latitude":"40.629755","gtfs_longitude":"-73.976971","north_direction_label":"Manhattan","south_direction_label":"Southbound","ada":"0","ada_northbound":"0","ada_southbound":"0","ada_notes":null,":@computed_region_yamh_8v7k":"894",":@computed_region_wbg7_3whc":"813",":@computed_region_kjdx_g34t":"2090"}},
{"type":"Feature","geometry":{"type":"Point","coordinates":[-73.976127,40.625322]},"properties":{":id":"row-xr9f_3imb~i6y3",":version":"rv-dtcb-qcj8_j277",":created_at":"2025-11-26T05:12:28.340Z",":updated_at":"2025-11-26T05:12:33.910Z","gtfs_stop_id":"F31","station_id":"246","complex_id":"246","division":"IND","line":"6th Av - Culver","stop_name":"Avenue I","borough":"Bk","cbd":"false","daytime_routes":"F","structure":"Elevated","gtfs_latitude":"40.625322","gtfs_longitude":"-73.976127","north_direction_label":"Manhattan","south_direction_label":"Southbound","ada":"0","ada_northbound":"0","ada_southbound":"0","ada_notes":null,":@computed_region_yamh_8v7k":"894",":@computed_region_wbg7_3whc":"813",":@computed_region_kjdx_g34t":"2090"}},
{"type":"Feature","geometry":{"type":"Point","coordinates":[-73.975264,40.620769]},"properties":{":id":"row-9qux_t858.7qz8",":version":"rv-96rc.q3ei~xn2m",":created_at":"2025-11-26T05:12:28.340Z",":updated_at":"2025-11-26T05:12:33.910Z","gtfs_stop_id":"F32","station_id":"247","complex_id":"247","division":"IND","line":"6th Av - Culver","stop_name":"Bay Pkwy","borough":"Bk","cbd":"false","daytime_routes":"F","structure":"Elevated","gtfs_latitude":"40.620769","gtfs_longitude":"-73.975264","north_direction_label":"Manhattan","south_direction_label":"Southbound","ada":"0","ada_northbound":"0","ada_southbound":"0","ada_notes":null,":@computed_region_yamh_8v7k":"894",":@computed_region_wbg7_3whc":"813",":@computed_region_kjdx_g34t":"2090"}},
{"type":"Feature","geometry":{"type":"Point","coordinates":[-73.974197,40.61514]},"properties":{":id":"row-w67y-vtfz_atq3",":version":"rv-h446_3ecb_zcf8",":created_at":"2025-11-26T05:12:28.340Z",":updated_at":"2025-11-26T05:12:33.910Z","gtfs_stop_id":"F33","station_id":"248","complex_id":"248","division":"IND","line":"6th Av - Culver","stop_name":"Avenue N","borough":"Bk","cbd":"false","daytime_routes":"F","structure":"Elevated","gtfs_latitude":"40.61514","gtfs_longitude":"-73.974197","north_direction_label":"Manhattan","south_direction_label":"Southbound","ada":"0","ada_northbound":"0","ada_southbound":"0","ada_notes":null,":@computed_region_yamh_8v7k":"894",":@computed_region_wbg7_3whc":"813",":@computed_region_kjdx_g34t":"2090"}},
{"type":"Feature","geometry":{"type":"Point","coordinates":[-73.973022,40.608944]},"properties":{":id":"row-hx4w.hfut.t3ea",":version":"rv-mkx5-mbbr.kctu",":created_at":"2025-11-26T05:12:28.340Z",":updated_at":"2025-11-26T05:12:33.910Z","gtfs_stop_id":"F34","station_id":"249","complex_id":"249","division":"IND","line":"6th Av - Culver","stop_name":"Avenue P","borough":"Bk","cbd":"false","daytime_routes":"F","structure":"Elevated","gtfs_latitude":"40.608944","gtfs_longitude":"-73.973022","north_direction_label":"Manhattan","south_direction_label":"Southbound","ada":"0","ada_northbound":"0","ada_southbound":"0","ada_notes":null,":@computed_region_yamh_8v7k":"894",":@computed_region_wbg7_3whc":"882",":@computed_region_kjdx_g34t":"2090"}},
{"type":"Feature","geometry":{"type":"Point","coordinates":[-73.972361,40.603217]},"properties":{":id":"row-wwii.95kj_7e38",":version":"rv-4rta-7fdj-5phq",":created_at":"2025-11-26T05:12:28.340Z",":updated_at":"2025-11-26T05:12:33.910Z","gtfs_stop_id":"F35","station_id":"250","complex_id":"250","division":"IND","line":"6th Av - Culver","stop_name":"Kings Hwy","borough":"Bk","cbd":"false","daytime_routes":"F","structure":"Elevated","gtfs_latitude":"40.603217","gtfs_longitude":"-73.972361","north_direction_label":"Manhattan","south_direction_label":"Southbound","ada":"0","ada_northbound":"0","ada_southbound":"0","ada_notes":null,":@computed_region_yamh_8v7k":"894",":@computed_region_wbg7_3whc":"902",":@computed_region_kjdx_g34t":"2090"}},
{"type":"Feature","geometry":{"type":"Point","coordinates":[-73.973357,40.596063]},"properties":{":id":"row-x55v_hf5y_ys9b",":version":"rv-s7p7-wz5a.xkb9",":created_at":"2025-11-26T05:12:28.340Z",":updated_at":"2025-11-26T05:12:33.910Z","gtfs_stop_id":"F36","station_id":"251","complex_id":"251","division":"IND","line":"6th Av - Culver","stop_name":"Avenue U","borough":"Bk","cbd":"false","daytime_routes":"F","structure":"Elevated","gtfs_latitude":"40.596063","gtfs_longitude":"-73.973357","north_direction_label":"Manhattan","south_direction_label":"Coney Island","ada":"0","ada_northbound":"0","ada_southbound":"0","ada_notes":null,":@computed_region_yamh_8v7k":"894",":@computed_region_wbg7_3whc":"902",":@computed_region_kjdx_g34t":"2090"}},
{"type":"Feature","geometry":{"type":"Point","coordinates":[-73.97425,40.58962]},"properties":{":id":"row-yw6m~j2ag_efnj",":version":"rv-2zrp-5n6d_uwpt",":created_at":"2025-11-26T05:12:28.340Z",":updated_at":"2025-11-26T05:12:33.910Z","gtfs_stop_id":"F38","station_id":"252","complex_id":"252","division":"IND","line":"6th Av - Culver","stop_name":"Avenue X","borough":"Bk","cbd":"false","daytime_routes":"F","structure":"Elevated","gtfs_latitude":"40.58962","gtfs_longitude":"-73.97425","north_direction_label":"Manhattan","south_direction_label":"Coney Island","ada":"0","ada_northbound":"0","ada_southbound":"0","ada_notes":null,":@computed_region_yamh_8v7k":"894",":@computed_region_wbg7_3whc":"902",":@computed_region_kjdx_g34t":"2090"}},
{"type":"Feature","geometry":{"type":"Point","coordinates":[-73.974574,40.581011]},"properties":{":id":"row-7ykq.djsz~thqz",":version":"rv-5npn-uvwr-v5wk",":created_at":"2025-11-26T05:12:28.340Z",":updated_at":"2025-11-26T05:12:33.910Z","gtfs_stop_id":"F39","station_id":"253","complex_id":"253","division":"IND","line":"6th Av - Culver","stop_name":"Neptune Av","borough":"Bk","cbd":"false","daytime_routes":"F","structure":"Elevated","gtfs_latitude":"40.581011","gtfs_longitude":"-73.974574","north_direction_label":"Manhattan","south_direction_label":"Coney Island","ada":"0","ada_northbound":"0","ada_southbound":"0","ada_notes":null,":@computed_region_yamh_8v7k":"894",":@computed_region_wbg7_3whc":"903",":@computed_region_kjdx_g34t":"2090"}},
{"type":"Feature","geometry":{"type":"Point","coordinates":[-73.783817,40.712646]},"properties":{":id":"row-jhbj-wtfa~72vm",":version":"rv-vwfz-7sn7_bp67",":created_at":"2025-11-26T05:12:28.340Z",":updated_at":"2025-11-26T05:12:33.910Z","gtfs_stop_id":"F01","station_id":"254","complex_id":"254","division":"IND","line":"Queens Blvd","stop_name":"Jamaica-179 St","borough":"Q","cbd":"false","daytime_routes":"F","structure":"Subway","gtfs_latitude":"40.712646","gtfs_longitude":"-73.783817","north_direction_label":"Last Stop","south_direction_label":"Manhattan","ada":"1","ada_northbound":"1","ada_southbound":"1","ada_notes":null,":@computed_region_yamh_8v7k":"196",":@computed_region_wbg7_3whc":"1216",":@computed_region_kjdx_g34t":"2137"}},
{"type":"Feature","geometry":{"type":"Point","coordinates":[-73.793604,40.71047]},"properties":{":id":"row-6b2p.puiy~mgga",":version":"rv-362m.cj5p~iggz",":created_at":"2025-11-26T05:12:28.340Z",":updated_at":"2025-11-26T05:12:33.910Z","gtfs_stop_id":"F02","station_id":"255","complex_id":"255","division":"IND","line":"Queens Blvd","stop_name":"169 St","borough":"Q","cbd":"false","daytime_routes":"F","structure":"Subway","gtfs_latitude":"40.71047","gtfs_longitude":"-73.793604","north_direction_label":"Jamaica","south_direction_label":"Manhattan","ada":"0","ada_northbound":"0","ada_southbound":"0","ada_notes":null,":@computed_region_yamh_8v7k":"196",":@computed_region_wbg7_3whc":"1216",":@computed_region_kjdx_g34t":"2137"}},
{"type":"Feature","geometry":{"type":"Point","coordinates":[-73.803326,40.707564]},"properties":{":id":"row-tgz4~6bd2-59iv",":version":"rv-8kc7~ye9r-9ep9",":created_at":"2025-11-26T05:12:28.340Z",":updated_at":"2025-11-26T05:12:33.910Z","gtfs_stop_id":"F03","station_id":"256","complex_id":"256","division":"IND","line":"Queens Blvd","stop_name":"Parsons Blvd","borough":"Q","cbd":"false","daytime_routes":"F","structure":"Subway","gtfs_latitude":"40.707564","gtfs_longitude":"-73.803326","north_direction_label":"Jamaica","south_direction_label":"Manhattan","ada":"0","ada_northbound":"0","ada_southbound":"0","ada_notes":null,":@computed_region_yamh_8v7k":"196",":@computed_region_wbg7_3whc":"1216",":@computed_region_kjdx_g34t":"2137"}},
{"type":"Feature","geometry":{"type":"Point","coordinates":[-73.810708,40.70546]},"properties":{":id":"row-ykqd_xxtn.2gv7",":version":"rv-w6jr.i2ub-6ed5",":created_at":"2025-11-26T05:12:28.340Z",":updated_at":"2025-11-26T05:12:33.910Z","gtfs_stop_id":"F04","station_id":"257","complex_id":"257","division":"IND","line":"Queens Blvd","stop_name":"Sutphin Blvd","borough":"Q","cbd":"false","daytime_routes":"F","structure":"Subway","gtfs_latitude":"40.70546","gtfs_longitude":"-73.810708","north_direction_label":"Jamaica","south_direction_label":"Manhattan","ada":"0","ada_northbound":"0","ada_southbound":"0","ada_notes":null,":@computed_region_yamh_8v7k":"196",":@computed_region_wbg7_3whc":"1262",":@computed_region_kjdx_g34t":"2137"}},
{"type":"Feature","geometry":{"type":"Point","coordinates":[-73.820574,40.709179]},"properties":{":id":"row-25wv~jjq8.f2ej",":version":"rv-9cfi_3c2m-vtb8",":created_at":"2025-11-26T05:12:28.340Z",":updated_at":"2025-11-26T05:12:33.910Z","gtfs_stop_id":"F05","station_id":"258","complex_id":"258","division":"IND","line":"Queens Blvd","stop_name":"Briarwood","borough":"Q","cbd":"false","daytime_routes":"E F","structure":"Subway","gtfs_latitude":"40.709179","gtfs_longitude":"-73.820574","north_direction_label":"Jamaica","south_direction_label":"Manhattan","ada":"0","ada_northbound":"0","ada_southbound":"0","ada_notes":null,":@computed_region_yamh_8v7k":"196",":@computed_region_wbg7_3whc":"1162",":@computed_region_kjdx_g34t":"2137"}},
{"type":"Feature","geometry":{"type":"Point","coordinates":[-73.831008,40.714441]},"properties":{":id":"row-6vmj-iqxp_4gm7",":version":"rv-g9h3_ntb8_jfmw",":created_at":"2025-11-26T05:12:28.340Z",":updated_at":"2025-11-26T05:12:33.910Z","gtfs_stop_id":"F06","station_id":"259","complex_id":"259","division":"IND","line":"Queens Blvd","stop_name":"Kew Gardens-Union Tpke","borough":"Q","cbd":"false","daytime_routes":"E F","structure":"Subway","gtfs_latitude":"40.714441","gtfs_longitude":"-73.831008","north_direction_label":"Jamaica","south_direction_label":"Manhattan","ada":"1","ada_northbound":"1","ada_southbound":"1","ada_notes":null,":@computed_region_yamh_8v7k":"196",":@computed_region_wbg7_3whc":"845",":@computed_region_kjdx_g34t":"2137"}},
{"type":"Feature","geometry":{"type":"Point","coordinates":[-73.837324,40.718331]},"properties":{":id":"row-5wtt-sjim-f7ed",":version":"rv-d9vv-veev~me62",":created_at":"2025-11-26T05:12:28.340Z",":updated_at":"2025-11-26T05:12:33.910Z","gtfs_stop_id":"F07","station_id":"260","complex_id":"260","division":"IND","line":"Queens Blvd","stop_name":"75 Av","borough":"Q","cbd":"false","daytime_routes":"E F","structure":"Subway","gtfs_latitude":"40.718331","gtfs_longitude":"-73.837324","north_direction_label":"Jamaica","south_direction_label":"Manhattan","ada":"0","ada_northbound":"0","ada_southbound":"0","ada_notes":null,":@computed_region_yamh_8v7k":"196",":@computed_region_wbg7_3whc":"845",":@computed_region_kjdx_g34t":"2137"}},
{"type":"Feature","geometry":{"type":"Point","coordinates":[-73.844521,40.721691]},"properties":{":id":"row-f55h-3ap6.tu9b",":version":"rv-its5-c5jh.wpz8",":created_at":"2025-11-26T05:12:28.340Z",":updated_at":"2025-11-26T05:12:33.910Z","gtfs_stop_id":"G08","station_id":"261","complex_id":"261","division":"IND","line":"Queens Blvd","stop_name":"Forest Hills-71 Av","borough":"Q","cbd":"false","daytime_routes":"E F M R","structure":"Subway","gtfs_latitude":"40.721691","gtfs_longitude":"-73.844521","north_direction_label":"Outbound","south_direction_label":"Manhattan","ada":"1","ada_northbound":"1","ada_southbound":"1","ada_notes":null,":@computed_region_yamh_8v7k":"196",":@computed_region_wbg7_3whc":"845",":@computed_region_kjdx_g34t":"2137"}},
{"type":"Feature","geometry":{"type":"Point","coordinates":[-73.852719,40.726523]},"properties":{":id":"row-tzvy_exsn.4aaz",":version":"rv-twrs.9app.ijj4",":created_at":"2025-11-26T05:12:28.340Z",":updated_at":"2025-11-26T05:12:33.910Z","gtfs_stop_id":"G09","station_id":"262","complex_id":"262","division":"IND","line":"Queens Blvd","stop_name":"67 Av","borough":"Q","cbd":"false","daytime_routes":"M R","structure":"Subway","gtfs_latitude":"40.726523","gtfs_longitude":"-73.852719","north_direction_label":"Outbound","south_direction_label":"Manhattan","ada":"0","ada_northbound":"0","ada_southbound":"0","ada_notes":null,":@computed_region_yamh_8v7k":"196",":@computed_region_wbg7_3whc":"845",":@computed_region_kjdx_g34t":"2137"}},
{"type":"Feature","geometry":{"type":"Point","coordinates":[-73.861604,40.729846]},"properties":{":id":"row-maze_82km_3rb4",":version":"rv-scx6.erpd-268b",":created_at":"2025-11-26T05:12:28.340Z",":updated_at":"2025-11-26T05:12:33.910Z","gtfs_stop_id":"G10","station_id":"263","complex_id":"263","division":"IND","line":"Queens Blvd","stop_name":"63 Dr-Rego Park","borough":"Q","cbd":"false","daytime_routes":"M R","structure":"Subway","gtfs_latitude":"40.729846","gtfs_longitude":"-73.861604","north_direction_label":"Outbound","south_direction_label":"Manhattan","ada":"0","ada_northbound":"0","ada_southbound":"0","ada_notes":null,":@computed_region_yamh_8v7k":"196",":@computed_region_wbg7_3whc":"844",":@computed_region_kjdx_g34t":"2137"}},
{"type":"Feature","geometry":{"type":"Point","coordinates":[-73.869229,40.733106]},"properties":{":id":"row-pwic.bcsr-7ud2",":version":"rv-ksg3.e2em~jbmh",":created_at":"2025-11-26T05:12:28.340Z",":updated_at":"2025-11-26T05:12:33.910Z","gtfs_stop_id":"G11","station_id":"264","complex_id":"264","division":"IND","line":"Queens Blvd","stop_name":"Woodhaven Blvd","borough":"Q","cbd":"false","daytime_routes":"M R","structure":"Subway","gtfs_latitude":"40.733106","gtfs_longitude":"-73.869229","north_direction_label":"Outbound","south_direction_label":"Manhattan","ada":"0","ada_northbound":"0","ada_southbound":"0","ada_notes":null,":@computed_region_yamh_8v7k":"196",":@computed_region_wbg7_3whc":"843",":@computed_region_kjdx_g34t":"2137"}},
{"type":"Feature","geometry":{"type":"Point","coordinates":[-73.877223,40.737015]},"properties":{":id":"row-rafq_vhev~jqfg",":version":"rv-ex3e.3jus-924n",":created_at":"2025-11-26T05:12:28.340Z",":updated_at":"2025-11-26T05:12:33.910Z","gtfs_stop_id":"G12","station_id":"265","complex_id":"265","division":"IND","line":"Queens Blvd","stop_name":"Grand Av-Newtown","borough":"Q","cbd":"false","daytime_routes":"M R","structure":"Subway","gtfs_latitude":"40.737015","gtfs_longitude":"-73.877223","north_direction_label":"Outbound","south_direction_label":"Manhattan","ada":"0","ada_northbound":"0","ada_southbound":"0","ada_notes":null,":@computed_region_yamh_8v7k":"196",":@computed_region_wbg7_3whc":"843",":@computed_region_kjdx_g34t":"2137"}},
{"type":"Feature","geometry":{"type":"Point","coordinates":[-73.882017,40.742454]},"properties":{":id":"row-zex3-k6uy~9nad",":version":"rv-73vr_rbh5_ixty",":created_at":"2025-11-26T05:12:28.340Z",":updated_at":"2025-11-26T05:12:33.910Z","gtfs_stop_id":"G13","station_id":"266","complex_id":"266","division":"IND","line":"Queens Blvd","stop_name":"Elmhurst Av","borough":"Q","cbd":"false","daytime_routes":"M R","structure":"Subway","gtfs_latitude":"40.742454","gtfs_longitude":"-73.882017","north_direction_label":"Outbound","south_direction_label":"Manhattan","ada":"0","ada_northbound":"0","ada_southbound":"0","ada_notes":null,":@computed_region_yamh_8v7k":"196",":@computed_region_wbg7_3whc":"843",":@computed_region_kjdx_g34t":"2137"}},
{"type":"Feature","geometry":{"type":"Point","coordinates":[-73.891338,40.746644]},"properties":{":id":"row-u6qp-bpjm.g5gc",":version":"rv-q2mi.88nc_gx59",":created_at":"2025-11-26T05:12:28.340Z",":updated_at":"2025-11-26T05:12:33.910Z","gtfs_stop_id":"G14","station_id":"267","complex_id":"616","division":"IND","line":"Queens Blvd","stop_name":"Jackson Hts-Roosevelt Av","borough":"Q","cbd":"false","daytime_routes":"E F M R","structure":"Subway","gtfs_latitude":"40.746644","gtfs_longitude":"-73.891338","north_direction_label":"Outbound","south_direction_label":"Manhattan","ada":"1","ada_northbound":"1","ada_southbound":"1","ada_notes":null,":@computed_region_yamh_8v7k":"196",":@computed_region_wbg7_3whc":"843",":@computed_region_kjdx_g34t":"2137"}},
{"type":"Feature","geometry":{"type":"Point","coordinates":[-73.898453,40.749669]},"properties":{":id":"row-m8t5~at2i-3x96",":version":"rv-ntia~x5hw.vyde",":created_at":"2025-11-26T05:12:28.340Z",":updated_at":"2025-11-26T05:12:33.910Z","gtfs_stop_id":"G15","station_id":"268","complex_id":"268","division":"IND","line":"Queens Blvd","stop_name":"65 St","borough":"Q","cbd":"false","daytime_routes":"M R","structure":"Subway","gtfs_latitude":"40.749669","gtfs_longitude":"-73.898453","north_direction_label":"Outbound","south_direction_label":"Manhattan","ada":"0","ada_northbound":"0","ada_southbound":"0","ada_notes":null,":@computed_region_yamh_8v7k":"196",":@computed_region_wbg7_3whc":"846",":@computed_region_kjdx_g34t":"2137"}},
{"type":"Feature","geometry":{"type":"Point","coordinates":[-73.906006,40.752885]},"properties":{":id":"row-zsre_yab7_qfjq",":version":"rv-qh7g-vmx2-r99v",":created_at":"2025-11-26T05:12:28.340Z",":updated_at":"2025-11-26T05:12:33.910Z","gtfs_stop_id":"G16","station_id":"269","complex_id":"269","division":"IND","line":"Queens Blvd","stop_name":"Northern Blvd","borough":"Q","cbd":"false","daytime_routes":"M R","structure":"Subway","gtfs_latitude":"40.752885","gtfs_longitude":"-73.906006","north_direction_label":"Outbound","south_direction_label":"Manhattan","ada":"1","ada_northbound":"1","ada_southbound":"1","ada_notes":null,":@computed_region_yamh_8v7k":"196",":@computed_region_wbg7_3whc":"846",":@computed_region_kjdx_g34t":"2137"}},
{"type":"Feature","geometry":{"type":"Point","coordinates":[-73.913333,40.756312]},"properties":{":id":"row-xc3h_ssuu.5rqw",":version":"rv-sc6f-iwyw.9y5x",":created_at":"2025-11-26T05:12:28.340Z",":updated_at":"2025-11-26T05:12:33.910Z","gtfs_stop_id":"G18","station_id":"270","complex_id":"270","division":"IND","line":"Queens Blvd","stop_name":"46 St","borough":"Q","cbd":"false","daytime_routes":"M R","structure":"Subway","gtfs_latitude":"40.756312","gtfs_longitude":"-73.913333","north_direction_label":"Outbound","south_direction_label":"Manhattan","ada":"0","ada_northbound":"0","ada_southbound":"0","ada_notes":null,":@computed_region_yamh_8v7k":"196",":@computed_region_wbg7_3whc":"875",":@computed_region_kjdx_g34t":"2137"}},
{"type":"Feature","geometry":{"type":"Point","coordinates":[-73.92074,40.756879]},"properties":{":id":"row-3vz7.vt9b_mna7",":version":"rv-yen5-4mg2~5g25",":created_at":"2025-11-26T05:12:28.340Z",":updated_at":"2025-11-26T05:12:33.910Z","gtfs_stop_id":"G19","station_id":"271","complex_id":"271","division":"IND","line":"Queens Blvd","stop_name":"Steinway St","borough":"Q","cbd":"false","daytime_routes":"M R","structure":"Subway","gtfs_latitude":"40.756879","gtfs_longitude":"-73.92074","north_direction_label":"Outbound","south_direction_label":"Manhattan","ada":"0","ada_northbound":"0","ada_southbound":"0","ada_notes":null,":@computed_region_yamh_8v7k":"196",":@computed_region_wbg7_3whc":"875",":@computed_region_kjdx_g34t":"2137"}},
{"type":"Feature","geometry":{"type":"Point","coordinates":[-73.928781,40.752039]},"properties":{":id":"row-fsxh~fjg2.m3zm",":version":"rv-hzbp_w7d7~caa9",":created_at":"2025-11-26T05:12:28.340Z",":updated_at":"2025-11-26T05:12:33.910Z","gtfs_stop_id":"G20","station_id":"272","complex_id":"272","division":"IND","line":"Queens Blvd","stop_name":"36 St","borough":"Q","cbd":"false","daytime_routes":"M R","structure":"Subway","gtfs_latitude":"40.752039","gtfs_longitude":"-73.928781","north_direction_label":"Outbound","south_direction_label":"Manhattan","ada":"0","ada_northbound":"0","ada_southbound":"0","ada_notes":null,":@computed_region_yamh_8v7k":"196",":@computed_region_wbg7_3whc":"873",":@computed_region_kjdx_g34t":"2137"}},
{"type":"Feature","geometry":{"type":"Point","coordinates":[-73.937243,40.748973]},"properties":{":id":"row-j3wg.gb67~emgg",":version":"rv-7twi.5emg~gdgs",":created_at":"2025-11-26T05:12:28.340Z",":updated_at":"2025-11-26T05:12:33.910Z","gtfs_stop_id":"G21","station_id":"273","complex_id":"273","division":"IND","line":"Queens Blvd","stop_name":"Queens Plaza","borough":"Q","cbd":"false","daytime_routes":"E M R","structure":"Subway","gtfs_latitude":"40.748973","gtfs_longitude":"-73.937243","north_direction_label":"Outbound","south_direction_label":"Manhattan","ada":"1","ada_northbound":"1","ada_southbound":"1","ada_notes":null,":@computed_region_yamh_8v7k":"196",":@computed_region_wbg7_3whc":"873",":@computed_region_kjdx_g34t":"2137"}},
{"type":"Feature","geometry":{"type":"Point","coordinates":[-73.946,40.747846]},"properties":{":id":"row-ptjp_b3s5-gqk2",":version":"rv-khqx.hckx-kfzh",":created_at":"2025-11-26T05:12:28.340Z",":updated_at":"2025-11-26T05:12:33.910Z","gtfs_stop_id":"F09","station_id":"274","complex_id":"606","division":"IND","line":"Queens Blvd","stop_name":"Court Sq-23 St","borough":"Q","cbd":"false","daytime_routes":"E M","structure":"Subway","gtfs_latitude":"40.747846","gtfs_longitude":"-73.946","north_direction_label":"Outbound","south_direction_label":"Manhattan","ada":"2","ada_northbound":"0","ada_southbound":"1","ada_notes":"Manhattan-bound only",":@computed_region_yamh_8v7k":"196",":@computed_region_wbg7_3whc":"873",":@computed_region_kjdx_g34t":"2137"}},
{"type":"Feature","geometry":{"type":"Point","coordinates":[-73.969055,40.757552]},"properties":{":id":"row-k3jr.u9nz~8rag",":version":"rv-729a-3b23~vtyv",":created_at":"2025-11-26T05:12:28.340Z",":updated_at":"2025-11-26T05:12:33.910Z","gtfs_stop_id":"F11","station_id":"275","complex_id":"612","division":"IND","line":"Queens Blvd","stop_name":"Lexington Av/53 St","borough":"M","cbd":"true","daytime_routes":"E M","structure":"Subway","gtfs_latitude":"40.757552","gtfs_longitude":"-73.969055","north_direction_label":"Queens","south_direction_label":"Downtown","ada":"1","ada_northbound":"1","ada_southbound":"1","ada_notes":null,":@computed_region_yamh_8v7k":"749",":@computed_region_wbg7_3whc":"749",":@computed_region_kjdx_g34t":"2095"}},
{"type":"Feature","geometry":{"type":"Point","coordinates":[-73.975224,40.760167]},"properties":{":id":"row-jbus_q9tf-vax9",":version":"rv-y4hu_zgit-23y9",":created_at":"2025-11-26T05:12:28.340Z",":updated_at":"2025-11-26T05:12:33.910Z","gtfs_stop_id":"F12","station_id":"276","complex_id":"276","division":"IND","line":"Queens Blvd","stop_name":"5 Av/53 St","borough":"M","cbd":"true","daytime_routes":"E M","structure":"Subway","gtfs_latitude":"40.760167","gtfs_longitude":"-73.975224","north_direction_label":"Queens","south_direction_label":"Downtown","ada":"0","ada_northbound":"0","ada_southbound":"0","ada_notes":null,":@computed_region_yamh_8v7k":"749",":@computed_region_wbg7_3whc":"749",":@computed_region_kjdx_g34t":"2095"}},
{"type":"Feature","geometry":{"type":"Point","coordinates":[-73.981637,40.762862]},"properties":{":id":"row-8kjd_2rum.bpqk",":version":"rv-iqxd~q95n_9r38",":created_at":"2025-11-26T05:12:28.340Z",":updated_at":"2025-11-26T05:12:33.910Z","gtfs_stop_id":"D14","station_id":"277","complex_id":"277","division":"IND","line":"Queens Blvd","stop_name":"7 Av","borough":"M","cbd":"true","daytime_routes":"E B D","structure":"Subway","gtfs_latitude":"40.762862","gtfs_longitude":"-73.981637","north_direction_label":"Outbound","south_direction_label":"Downtown","ada":"0","ada_northbound":"0","ada_southbound":"0","ada_notes":null,":@computed_region_yamh_8v7k":"749",":@computed_region_wbg7_3whc":"742",":@computed_region_kjdx_g34t":"2095"}},
{"type":"Feature","geometry":{"type":"Point","coordinates":[-73.801109,40.702147]},"properties":{":id":"row-yvqr-asyp-hwe5",":version":"rv-puqr.v8ve.mj5g",":created_at":"2025-11-26T05:12:28.340Z",":updated_at":"2025-11-26T05:12:33.910Z","gtfs_stop_id":"G05","station_id":"278","complex_id":"278","division":"IND","line":"Queens - Archer","stop_name":"Jamaica Center-Parsons/Archer","borough":"Q","cbd":"false","daytime_routes":"E J Z","structure":"Subway","gtfs_latitude":"40.702147","gtfs_longitude":"-73.801109","north_direction_label":"Last Stop","south_direction_label":"Manhattan","ada":"1","ada_northbound":"1","ada_southbound":"1","ada_notes":null,":@computed_region_yamh_8v7k":"196",":@computed_region_wbg7_3whc":"1216",":@computed_region_kjdx_g34t":"2137"}},
{"type":"Feature","geometry":{"type":"Point","coordinates":[-73.807969,40.700486]},"properties":{":id":"row-38nq~icgu~igwu",":version":"rv-gnqe.bn6y~y7ad",":created_at":"2025-11-26T05:12:28.340Z",":updated_at":"2025-11-26T05:12:33.910Z","gtfs_stop_id":"G06","station_id":"279","complex_id":"279","division":"IND","line":"Queens - Archer","stop_name":"Sutphin Blvd-Archer Av-JFK Airport","borough":"Q","cbd":"false","daytime_routes":"E J Z","structure":"Subway","gtfs_latitude":"40.700486","gtfs_longitude":"-73.807969","north_direction_label":"Jamaica","south_direction_label":"Manhattan","ada":"1","ada_northbound":"1","ada_southbound":"1","ada_notes":null,":@computed_region_yamh_8v7k":"196",":@computed_region_wbg7_3whc":"1262",":@computed_region_kjdx_g34t":"2137"}},
{"type":"Feature","geometry":{"type":"Point","coordinates":[-73.816859,40.702566]},"properties":{":id":"row-pf42-2w29~smbc",":version":"rv-u7qx.upta~gtck",":created_at":"2025-11-26T05:12:28.340Z",":updated_at":"2025-11-26T05:12:33.910Z","gtfs_stop_id":"G07","station_id":"280","complex_id":"280","division":"IND","line":"Queens - Archer","stop_name":"Jamaica-Van Wyck","borough":"Q","cbd":"false","daytime_routes":"E","structure":"Subway","gtfs_latitude":"40.702566","gtfs_longitude":"-73.816859","north_direction_label":"Jamaica","south_direction_label":"Manhattan","ada":"1","ada_northbound":"1","ada_southbound":"1","ada_notes":null,":@computed_region_yamh_8v7k":"196",":@computed_region_wbg7_3whc":"1165",":@computed_region_kjdx_g34t":"2137"}},
{"type":"Feature","geometry":{"type":"Point","coordinates":[-73.943832,40.746554]},"properties":{":id":"row-qc58~m43z.p6uv",":version":"rv-bcq9.uern.rp6d",":created_at":"2025-11-26T05:12:28.340Z",":updated_at":"2025-11-26T05:12:33.910Z","gtfs_stop_id":"G22","station_id":"281","complex_id":"606","division":"IND","line":"Crosstown","stop_name":"Court Sq","borough":"Q","cbd":"false","daytime_routes":"G","structure":"Subway","gtfs_latitude":"40.746554","gtfs_longitude":"-73.943832","north_direction_label":"Last Stop","south_direction_label":"Brooklyn","ada":"1","ada_northbound":"1","ada_southbound":"1","ada_notes":null,":@computed_region_yamh_8v7k":"196",":@computed_region_wbg7_3whc":"873",":@computed_region_kjdx_g34t":"2137"}},
{"type":"Feature","geometry":{"type":"Point","coordinates":[-73.949724,40.744065]},"properties":{":id":"row-gapi~fxte~5nyf",":version":"rv-88wj_63kj~v56t",":created_at":"2025-11-26T05:12:28.340Z",":updated_at":"2025-11-26T05:12:33.910Z","gtfs_stop_id":"G24","station_id":"282","complex_id":"282","division":"IND","line":"Crosstown","stop_name":"21 St","borough":"Q","cbd":"false","daytime_routes":"G","structure":"Subway","gtfs_latitude":"40.744065","gtfs_longitude":"-73.949724","north_direction_label":"Court Square","south_direction_label":"Brooklyn","ada":"0","ada_northbound":"0","ada_southbound":"0","ada_notes":null,":@computed_region_yamh_8v7k":"196",":@computed_region_wbg7_3whc":"873",":@computed_region_kjdx_g34t":"2137"}},
{"type":"Feature","geometry":{"type":"Point","coordinates":[-73.954449,40.731352]},"properties":{":id":"row-qkht~ca5i~gmhw",":version":"rv-mgb3_czv3_yjps",":created_at":"2025-11-26T05:12:28.340Z",":updated_at":"2025-11-26T05:12:33.910Z","gtfs_stop_id":"G26","station_id":"283","complex_id":"283","division":"IND","line":"Crosstown","stop_name":"Greenpoint Av","borough":"Bk","cbd":"false","daytime_routes":"G","structure":"Subway","gtfs_latitude":"40.731352","gtfs_longitude":"-73.954449","north_direction_label":"Queens","south_direction_label":"Southbound","ada":"1","ada_northbound":"1","ada_southbound":"1","ada_notes":null,":@computed_region_yamh_8v7k":"894",":@computed_region_wbg7_3whc":"901",":@computed_region_kjdx_g34t":"2090"}},
{"type":"Feature","geometry":{"type":"Point","coordinates":[-73.951277,40.724635]},"properties":{":id":"row-qhgr~6ha2.9565",":version":"rv-bq9r.4u37.d4vs",":created_at":"2025-11-26T05:12:28.340Z",":updated_at":"2025-11-26T05:12:33.910Z","gtfs_stop_id":"G28","station_id":"284","complex_id":"284","division":"IND","line":"Crosstown","stop_name":"Nassau Av","borough":"Bk","cbd":"false","daytime_routes":"G","structure":"Subway","gtfs_latitude":"40.724635","gtfs_longitude":"-73.951277","north_direction_label":"Queens","south_direction_label":"Southbound","ada":"0","ada_northbound":"0","ada_southbound":"0","ada_notes":null,":@computed_region_yamh_8v7k":"894",":@computed_region_wbg7_3whc":"901",":@computed_region_kjdx_g34t":"2090"}},
{"type":"Feature","geometry":{"type":"Point","coordinates":[-73.951418,40.712792]},"properties":{":id":"row-753d-qkt3~2us5",":version":"rv-3di8~9ygb_a85c",":created_at":"2025-11-26T05:12:28.340Z",":updated_at":"2025-11-26T05:12:33.910Z","gtfs_stop_id":"G29","station_id":"285","complex_id":"629","division":"IND","line":"Crosstown","stop_name":"Metropolitan Av","borough":"Bk","cbd":"false","daytime_routes":"G","structure":"Subway","gtfs_latitude":"40.712792","gtfs_longitude":"-73.951418","north_direction_label":"Queens","south_direction_label":"Southbound","ada":"1","ada_northbound":"1","ada_southbound":"1","ada_notes":null,":@computed_region_yamh_8v7k":"894",":@computed_region_wbg7_3whc":"889",":@computed_region_kjdx_g34t":"2090"}},
{"type":"Feature","geometry":{"type":"Point","coordinates":[-73.950308,40.706092]},"properties":{":id":"row-7uvv~29q8.8aj4",":version":"rv-ztwr_emwv_qz72",":created_at":"2025-11-26T05:12:28.340Z",":updated_at":"2025-11-26T05:12:33.910Z","gtfs_stop_id":"G30","station_id":"286","complex_id":"286","division":"IND","line":"Crosstown","stop_name":"Broadway","borough":"Bk","cbd":"false","daytime_routes":"G","structure":"Subway","gtfs_latitude":"40.706092","gtfs_longitude":"-73.950308","north_direction_label":"Queens","south_direction_label":"Southbound","ada":"0","ada_northbound":"0","ada_southbound":"0","ada_notes":null,":@computed_region_yamh_8v7k":"894",":@computed_region_wbg7_3whc":"884",":@computed_region_kjdx_g34t":"2090"}},
{"type":"Feature","geometry":{"type":"Point","coordinates":[-73.950234,40.700377]},"properties":{":id":"row-7yvm~hqd7~wii8",":version":"rv-bthv.t3gt-rdmk",":created_at":"2025-11-26T05:12:28.340Z",":updated_at":"2025-11-26T05:12:33.910Z","gtfs_stop_id":"G31","station_id":"287","complex_id":"287","division":"IND","line":"Crosstown","stop_name":"Flushing Av","borough":"Bk","cbd":"false","daytime_routes":"G","structure":"Subway","gtfs_latitude":"40.700377","gtfs_longitude":"-73.950234","north_direction_label":"Queens","south_direction_label":"Southbound","ada":"0","ada_northbound":"0","ada_southbound":"0","ada_notes":null,":@computed_region_yamh_8v7k":"894",":@computed_region_wbg7_3whc":"884",":@computed_region_kjdx_g34t":"2090"}},
{"type":"Feature","geometry":{"type":"Point","coordinates":[-73.949046,40.694568]},"properties":{":id":"row-6nqy_ew33.jicw",":version":"rv-tdci~a5r8-feec",":created_at":"2025-11-26T05:12:28.340Z",":updated_at":"2025-11-26T05:12:33.910Z","gtfs_stop_id":"G32","station_id":"288","complex_id":"288","division":"IND","line":"Crosstown","stop_name":"Myrtle-Willoughby Avs","borough":"Bk","cbd":"false","daytime_routes":"G","structure":"Subway","gtfs_latitude":"40.694568","gtfs_longitude":"-73.949046","north_direction_label":"Queens","south_direction_label":"Southbound","ada":"0","ada_northbound":"0","ada_southbound":"0","ada_notes":null,":@computed_region_yamh_8v7k":"894",":@computed_region_wbg7_3whc":"884",":@computed_region_kjdx_g34t":"2090"}},
{"type":"Feature","geometry":{"type":"Point","coordinates":[-73.953522,40.689627]},"properties":{":id":"row-em2q~5b8y_esy2",":version":"rv-g497-8yk2_n3w8",":created_at":"2025-11-26T05:12:28.340Z",":updated_at":"2025-11-26T05:12:33.910Z","gtfs_stop_id":"G33","station_id":"289","complex_id":"289","division":"IND","line":"Crosstown","stop_name":"Bedford-Nostrand Avs","borough":"Bk","cbd":"false","daytime_routes":"G","structure":"Subway","gtfs_latitude":"40.689627","gtfs_longitude":"-73.953522","north_direction_label":"Queens","south_direction_label":"Southbound","ada":"0","ada_northbound":"0","ada_southbound":"0","ada_notes":null,":@computed_region_yamh_8v7k":"894",":@computed_region_wbg7_3whc":"883",":@computed_region_kjdx_g34t":"2090"}},
{"type":"Feature","geometry":{"type":"Point","coordinates":[-73.96007,40.688873]},"properties":{":id":"row-u7zv.sh4n_vjpa",":version":"rv-x8zk~h7j6_jwfz",":created_at":"2025-11-26T05:12:28.340Z",":updated_at":"2025-11-26T05:12:33.910Z","gtfs_stop_id":"G34","station_id":"290","complex_id":"290","division":"IND","line":"Crosstown","stop_name":"Classon Av","borough":"Bk","cbd":"false","daytime_routes":"G","structure":"Subway","gtfs_latitude":"40.688873","gtfs_longitude":"-73.96007","north_direction_label":"Queens","south_direction_label":"Southbound","ada":"0","ada_northbound":"0","ada_southbound":"0","ada_notes":null,":@computed_region_yamh_8v7k":"894",":@computed_region_wbg7_3whc":"821",":@computed_region_kjdx_g34t":"2090"}},
{"type":"Feature","geometry":{"type":"Point","coordinates":[-73.966839,40.688089]},"properties":{":id":"row-hi29~uyeq~e6sc",":version":"rv-mnf9_naen.iryr",":created_at":"2025-11-26T05:12:28.340Z",":updated_at":"2025-11-26T05:12:33.910Z","gtfs_stop_id":"G35","station_id":"291","complex_id":"291","division":"IND","line":"Crosstown","stop_name":"Clinton-Washington Avs","borough":"Bk","cbd":"false","daytime_routes":"G","structure":"Subway","gtfs_latitude":"40.688089","gtfs_longitude":"-73.966839","north_direction_label":"Queens","south_direction_label":"Southbound","ada":"0","ada_northbound":"0","ada_southbound":"0","ada_notes":null,":@computed_region_yamh_8v7k":"894",":@computed_region_wbg7_3whc":"821",":@computed_region_kjdx_g34t":"2090"}},
{"type":"Feature","geometry":{"type":"Point","coordinates":[-73.975375,40.687119]},"properties":{":id":"row-bkee~kxyd~nrqf",":version":"rv-rhvp-hmhp_ihyc",":created_at":"2025-11-26T05:12:28.340Z",":updated_at":"2025-11-26T05:12:33.910Z","gtfs_stop_id":"G36","station_id":"292","complex_id":"292","division":"IND","line":"Crosstown","stop_name":"Fulton St","borough":"Bk","cbd":"false","daytime_routes":"G","structure":"Subway","gtfs_latitude":"40.687119","gtfs_longitude":"-73.975375","north_direction_label":"Queens","south_direction_label":"Southbound","ada":"0","ada_northbound":"0","ada_southbound":"0","ada_notes":null,":@computed_region_yamh_8v7k":"894",":@computed_region_wbg7_3whc":"895",":@computed_region_kjdx_g34t":"2090"}},
{"type":"Feature","geometry":{"type":"Point","coordinates":[-73.898583,40.889248]},"properties":{":id":"row-st5v-raij.ezpp",":version":"rv-92vu-3dce~9j5q",":created_at":"2025-11-26T05:12:28.340Z",":updated_at":"2025-11-26T05:12:33.910Z","gtfs_stop_id":"101","station_id":"293","complex_id":"293","division":"IRT","line":"Broadway - 7Av","stop_name":"Van Cortlandt Park-242 St","borough":"Bx","cbd":"false","daytime_routes":"1","structure":"Elevated","gtfs_latitude":"40.889248","gtfs_longitude":"-73.898583","north_direction_label":"Last Stop","south_direction_label":"Manhattan","ada":"0","ada_northbound":"0","ada_southbound":"0","ada_notes":null,":@computed_region_yamh_8v7k":"307",":@computed_region_wbg7_3whc":"708",":@computed_region_kjdx_g34t":"2032"}},
{"type":"Feature","geometry":{"type":"Point","coordinates":[-73.90087,40.884667]},"properties":{":id":"row-9qhc~8cc2_8bjm",":version":"rv-ejpe~9y9r~pka4",":created_at":"2025-11-26T05:12:28.340Z",":updated_at":"2025-11-26T05:12:33.910Z","gtfs_stop_id":"103","station_id":"294","complex_id":"294","division":"IRT","line":"Broadway - 7Av","stop_name":"238 St","borough":"Bx","cbd":"false","daytime_routes":"1","structure":"Elevated","gtfs_latitude":"40.884667","gtfs_longitude":"-73.90087","north_direction_label":"Van Cortlandt","south_direction_label":"Manhattan","ada":"0","ada_northbound":"0","ada_southbound":"0","ada_notes":null,":@computed_region_yamh_8v7k":"307",":@computed_region_wbg7_3whc":"676",":@computed_region_kjdx_g34t":"2032"}},
{"type":"Feature","geometry":{"type":"Point","coordinates":[-73.904834,40.878856]},"properties":{":id":"row-p4wu~e3g7_n53r",":version":"rv-53tb_8f4s.i5zh",":created_at":"2025-11-26T05:12:28.340Z",":updated_at":"2025-11-26T05:12:33.910Z","gtfs_stop_id":"104","station_id":"295","complex_id":"295","division":"IRT","line":"Broadway - 7Av","stop_name":"231 St","borough":"Bx","cbd":"false","daytime_routes":"1","structure":"Elevated","gtfs_latitude":"40.878856","gtfs_longitude":"-73.904834","north_direction_label":"Van Cortlandt","south_direction_label":"Manhattan","ada":"1","ada_northbound":"1","ada_southbound":"1","ada_notes":null,":@computed_region_yamh_8v7k":"307",":@computed_region_wbg7_3whc":"676",":@computed_region_kjdx_g34t":"2032"}},
{"type":"Feature","geometry":{"type":"Point","coordinates":[-73.909831,40.874561]},"properties":{":id":"row-znq9.97jc-6wpq",":version":"rv-fctv_tqed_tzap",":created_at":"2025-11-26T05:12:28.340Z",":updated_at":"2025-11-26T05:12:33.910Z","gtfs_stop_id":"106","station_id":"296","complex_id":"296","division":"IRT","line":"Broadway - 7Av","stop_name":"Marble Hill-225 St","borough":"M","cbd":"false","daytime_routes":"1","structure":"Elevated","gtfs_latitude":"40.874561","gtfs_longitude":"-73.909831","north_direction_label":"The Bronx","south_direction_label":"Downtown","ada":"0","ada_northbound":"0","ada_southbound":"0","ada_notes":null,":@computed_region_yamh_8v7k":"749",":@computed_region_wbg7_3whc":"676",":@computed_region_kjdx_g34t":"2032"}},
{"type":"Feature","geometry":{"type":"Point","coordinates":[-73.915279,40.869444]},"properties":{":id":"row-n5ej.5k88.hdsh",":version":"rv-n3ww~tb39~ebim",":created_at":"2025-11-26T05:12:28.340Z",":updated_at":"2025-11-26T05:12:33.910Z","gtfs_stop_id":"107","station_id":"297","complex_id":"297","division":"IRT","line":"Broadway - 7Av","stop_name":"215 St","borough":"M","cbd":"false","daytime_routes":"1","structure":"Elevated","gtfs_latitude":"40.869444","gtfs_longitude":"-73.915279","north_direction_label":"The Bronx","south_direction_label":"Downtown","ada":"0","ada_northbound":"0","ada_southbound":"0","ada_notes":null,":@computed_region_yamh_8v7k":"749",":@computed_region_wbg7_3whc":"793",":@computed_region_kjdx_g34t":"2095"}},
{"type":"Feature","geometry":{"type":"Point","coordinates":[-73.918822,40.864621]},"properties":{":id":"row-usqz~qg9k~963z",":version":"rv-brst_aizn~e3ji",":created_at":"2025-11-26T05:12:28.340Z",":updated_at":"2025-11-26T05:12:33.910Z","gtfs_stop_id":"108","station_id":"298","complex_id":"298","division":"IRT","line":"Broadway - 7Av","stop_name":"207 St","borough":"M","cbd":"false","daytime_routes":"1","structure":"Elevated","gtfs_latitude":"40.864621","gtfs_longitude":"-73.918822","north_direction_label":"The Bronx","south_direction_label":"Downtown","ada":"0","ada_northbound":"0","ada_southbound":"0","ada_notes":null,":@computed_region_yamh_8v7k":"749",":@computed_region_wbg7_3whc":"793",":@computed_region_kjdx_g34t":"2095"}},
{"type":"Feature","geometry":{"type":"Point","coordinates":[-73.925536,40.860531]},"properties":{":id":"row-jx3v-46bk.xd9s",":version":"rv-7uxi_snsn-vuke",":created_at":"2025-11-26T05:12:28.340Z",":updated_at":"2025-11-26T05:12:33.910Z","gtfs_stop_id":"109","station_id":"299","complex_id":"299","division":"IRT","line":"Broadway - 7Av","stop_name":"Dyckman St","borough":"M","cbd":"false","daytime_routes":"1","structure":"Elevated","gtfs_latitude":"40.860531","gtfs_longitude":"-73.925536","north_direction_label":"The Bronx","south_direction_label":"Downtown","ada":"1","ada_northbound":"1","ada_southbound":"1","ada_notes":null,":@computed_region_yamh_8v7k":"749",":@computed_region_wbg7_3whc":"799",":@computed_region_kjdx_g34t":"2095"}},
{"type":"Feature","geometry":{"type":"Point","coordinates":[-73.929412,40.855225]},"properties":{":id":"row-873g_qaia.izwb",":version":"rv-x8e2_7uzn_jf4p",":created_at":"2025-11-26T05:12:28.340Z",":updated_at":"2025-11-26T05:12:33.910Z","gtfs_stop_id":"110","station_id":"300","complex_id":"300","division":"IRT","line":"Broadway - 7Av","stop_name":"191 St","borough":"M","cbd":"false","daytime_routes":"1","structure":"Subway","gtfs_latitude":"40.855225","gtfs_longitude":"-73.929412","north_direction_label":"The Bronx","south_direction_label":"Downtown","ada":"0","ada_northbound":"0","ada_southbound":"0","ada_notes":null,":@computed_region_yamh_8v7k":"749",":@computed_region_wbg7_3whc":"799",":@computed_region_kjdx_g34t":"2095"}},
{"type":"Feature","geometry":{"type":"Point","coordinates":[-73.933596,40.849505]},"properties":{":id":"row-efms-6esw-ygui",":version":"rv-nbiq.9txw.kzny",":created_at":"2025-11-26T05:12:28.340Z",":updated_at":"2025-11-26T05:12:33.910Z","gtfs_stop_id":"111","station_id":"301","complex_id":"301","division":"IRT","line":"Broadway - 7Av","stop_name":"181 St","borough":"M","cbd":"false","daytime_routes":"1","structure":"Subway","gtfs_latitude":"40.849505","gtfs_longitude":"-73.933596","north_direction_label":"The Bronx","south_direction_label":"Downtown","ada":"0","ada_northbound":"0","ada_southbound":"0","ada_notes":null,":@computed_region_yamh_8v7k":"749",":@computed_region_wbg7_3whc":"792",":@computed_region_kjdx_g34t":"2095"}},
{"type":"Feature","geometry":{"type":"Point","coordinates":[-73.940133,40.840556]},"properties":{":id":"row-pq32~4av4-gi8d",":version":"rv-vwa9~6hiq.mgn4",":created_at":"2025-11-26T05:12:28.340Z",":updated_at":"2025-11-26T05:12:33.910Z","gtfs_stop_id":"112","station_id":"302","complex_id":"605","division":"IRT","line":"Broadway - 7Av","stop_name":"168 St-Washington Hts","borough":"M","cbd":"false","daytime_routes":"1","structure":"Subway","gtfs_latitude":"40.840556","gtfs_longitude":"-73.940133","north_direction_label":"Uptown","south_direction_label":"Downtown","ada":"0","ada_northbound":"0","ada_southbound":"0","ada_notes":null,":@computed_region_yamh_8v7k":"749",":@computed_region_wbg7_3whc":"791",":@computed_region_kjdx_g34t":"2095"}},
{"type":"Feature","geometry":{"type":"Point","coordinates":[-73.94489,40.834041]},"properties":{":id":"row-jr6v~h3uk_h3vd",":version":"rv-di74-2e8g-emda",":created_at":"2025-11-26T05:12:28.340Z",":updated_at":"2025-11-26T05:12:33.910Z","gtfs_stop_id":"113","station_id":"303","complex_id":"303","division":"IRT","line":"Broadway - 7Av","stop_name":"157 St","borough":"M","cbd":"false","daytime_routes":"1","structure":"Subway","gtfs_latitude":"40.834041","gtfs_longitude":"-73.94489","north_direction_label":"Uptown","south_direction_label":"Downtown","ada":"0","ada_northbound":"0","ada_southbound":"0","ada_notes":null,":@computed_region_yamh_8v7k":"749",":@computed_region_wbg7_3whc":"791",":@computed_region_kjdx_g34t":"2095"}},
{"type":"Feature","geometry":{"type":"Point","coordinates":[-73.95036,40.826551]},"properties":{":id":"row-ife6_rpmb-a99w",":version":"rv-7gfu_avws~3mr9",":created_at":"2025-11-26T05:12:28.340Z",":updated_at":"2025-11-26T05:12:33.910Z","gtfs_stop_id":"114","station_id":"304","complex_id":"304","division":"IRT","line":"Broadway - 7Av","stop_name":"145 St","borough":"M","cbd":"false","daytime_routes":"1","structure":"Subway","gtfs_latitude":"40.826551","gtfs_longitude":"-73.95036","north_direction_label":"Uptown","south_direction_label":"Downtown","ada":"0","ada_northbound":"0","ada_southbound":"0","ada_notes":null,":@computed_region_yamh_8v7k":"749",":@computed_region_wbg7_3whc":"758",":@computed_region_kjdx_g34t":"2095"}},
{"type":"Feature","geometry":{"type":"Point","coordinates":[-73.953676,40.822008]},"properties":{":id":"row-7c4t.bp4i.v5sy",":version":"rv-8yv4~3rbs-w4u8",":created_at":"2025-11-26T05:12:28.340Z",":updated_at":"2025-11-26T05:12:33.910Z","gtfs_stop_id":"115","station_id":"305","complex_id":"305","division":"IRT","line":"Broadway - 7Av","stop_name":"137 St-City College","borough":"M","cbd":"false","daytime_routes":"1","structure":"Subway","gtfs_latitude":"40.822008","gtfs_longitude":"-73.953676","north_direction_label":"Uptown","south_direction_label":"Downtown","ada":"0","ada_northbound":"0","ada_southbound":"0","ada_notes":null,":@computed_region_yamh_8v7k":"749",":@computed_region_wbg7_3whc":"758",":@computed_region_kjdx_g34t":"2095"}},
{"type":"Feature","geometry":{"type":"Point","coordinates":[-73.958372,40.815581]},"properties":{":id":"row-4rjv~yy4g~zzv8",":version":"rv-ddhj.m48h.43g3",":created_at":"2025-11-26T05:12:28.340Z",":updated_at":"2025-11-26T05:12:33.910Z","gtfs_stop_id":"116","station_id":"306","complex_id":"306","division":"IRT","line":"Broadway - 7Av","stop_name":"125 St","borough":"M","cbd":"false","daytime_routes":"1","structure":"Elevated","gtfs_latitude":"40.815581","gtfs_longitude":"-73.958372","north_direction_label":"Uptown","south_direction_label":"Downtown","ada":"0","ada_northbound":"0","ada_southbound":"0","ada_notes":null,":@computed_region_yamh_8v7k":"749",":@computed_region_wbg7_3whc":"754",":@computed_region_kjdx_g34t":"2095"}},
{"type":"Feature","geometry":{"type":"Point","coordinates":[-73.96411,40.807722]},"properties":{":id":"row-pckz.gewz_uwet",":version":"rv-apjj.zuha-nuza",":created_at":"2025-11-26T05:12:28.340Z",":updated_at":"2025-11-26T05:12:33.910Z","gtfs_stop_id":"117","station_id":"307","complex_id":"307","division":"IRT","line":"Broadway - 7Av","stop_name":"116 St-Columbia University","borough":"M","cbd":"false","daytime_routes":"1","structure":"Subway","gtfs_latitude":"40.807722","gtfs_longitude":"-73.96411","north_direction_label":"Uptown","south_direction_label":"Downtown","ada":"0","ada_northbound":"0","ada_southbound":"0","ada_notes":null,":@computed_region_yamh_8v7k":"749",":@computed_region_wbg7_3whc":"754",":@computed_region_kjdx_g34t":"2095"}},
{"type":"Feature","geometry":{"type":"Point","coordinates":[-73.966847,40.803967]},"properties":{":id":"row-vnvv-f7pj-nqee",":version":"rv-pcza~2mdb.emt6",":created_at":"2025-11-26T05:12:28.340Z",":updated_at":"2025-11-26T05:12:33.910Z","gtfs_stop_id":"118","station_id":"308","complex_id":"308","division":"IRT","line":"Broadway - 7Av","stop_name":"Cathedral Pkwy (110 St)","borough":"M","cbd":"false","daytime_routes":"1","structure":"Subway","gtfs_latitude":"40.803967","gtfs_longitude":"-73.966847","north_direction_label":"Uptown","south_direction_label":"Downtown","ada":"0","ada_northbound":"0","ada_southbound":"0","ada_notes":null,":@computed_region_yamh_8v7k":"749",":@computed_region_wbg7_3whc":"752",":@computed_region_kjdx_g34t":"2095"}},
{"type":"Feature","geometry":{"type":"Point","coordinates":[-73.968379,40.799446]},"properties":{":id":"row-zxxs~8eka_udnc",":version":"rv-ytnn~2kbt_fi66",":created_at":"2025-11-26T05:12:28.340Z",":updated_at":"2025-11-26T05:12:33.910Z","gtfs_stop_id":"119","station_id":"309","complex_id":"309","division":"IRT","line":"Broadway - 7Av","stop_name":"103 St","borough":"M","cbd":"false","daytime_routes":"1","structure":"Subway","gtfs_latitude":"40.799446","gtfs_longitude":"-73.968379","north_direction_label":"Uptown","south_direction_label":"Downtown","ada":"0","ada_northbound":"0","ada_southbound":"0","ada_notes":null,":@computed_region_yamh_8v7k":"749",":@computed_region_wbg7_3whc":"752",":@computed_region_kjdx_g34t":"2095"}},
{"type":"Feature","geometry":{"type":"Point","coordinates":[-73.972323,40.793919]},"properties":{":id":"row-s3b8.zq2i_jbmw",":version":"rv-cyyr-qhvf~3vg2",":created_at":"2025-11-26T05:12:28.340Z",":updated_at":"2025-11-26T05:12:33.910Z","gtfs_stop_id":"120","station_id":"310","complex_id":"310","division":"IRT","line":"Broadway - 7Av","stop_name":"96 St","borough":"M","cbd":"false","daytime_routes":"1 2 3","structure":"Subway","gtfs_latitude":"40.793919","gtfs_longitude":"-73.972323","north_direction_label":"Uptown","south_direction_label":"Downtown","ada":"1","ada_northbound":"1","ada_southbound":"1","ada_notes":null,":@computed_region_yamh_8v7k":"749",":@computed_region_wbg7_3whc":"752",":@computed_region_kjdx_g34t":"2095"}},
{"type":"Feature","geometry":{"type":"Point","coordinates":[-73.976218,40.788644]},"properties":{":id":"row-w34g-ydsg-iwfe",":version":"rv-m3ur_9gp8-ujak",":created_at":"2025-11-26T05:12:28.340Z",":updated_at":"2025-11-26T05:12:33.910Z","gtfs_stop_id":"121","station_id":"311","complex_id":"311","division":"IRT","line":"Broadway - 7Av","stop_name":"86 St","borough":"M","cbd":"false","daytime_routes":"1","structure":"Subway","gtfs_latitude":"40.788644","gtfs_longitude":"-73.976218","north_direction_label":"Uptown","south_direction_label":"Downtown","ada":"0","ada_northbound":"0","ada_southbound":"0","ada_notes":null,":@computed_region_yamh_8v7k":"749",":@computed_region_wbg7_3whc":"751",":@computed_region_kjdx_g34t":"2095"}},
{"type":"Feature","geometry":{"type":"Point","coordinates":[-73.979917,40.783934]},"properties":{":id":"row-vky6-dbnv-9p8v",":version":"rv-8tat.zdry-gsbm",":created_at":"2025-11-26T05:12:28.340Z",":updated_at":"2025-11-26T05:12:33.910Z","gtfs_stop_id":"122","station_id":"312","complex_id":"312","division":"IRT","line":"Broadway - 7Av","stop_name":"79 St","borough":"M","cbd":"false","daytime_routes":"1","structure":"Subway","gtfs_latitude":"40.783934","gtfs_longitude":"-73.979917","north_direction_label":"Uptown","south_direction_label":"Downtown","ada":"0","ada_northbound":"0","ada_southbound":"0","ada_notes":null,":@computed_region_yamh_8v7k":"749",":@computed_region_wbg7_3whc":"751",":@computed_region_kjdx_g34t":"2095"}},
{"type":"Feature","geometry":{"type":"Point","coordinates":[-73.98197,40.778453]},"properties":{":id":"row-zdfj.ej9b-hxf9",":version":"rv-zgjz.c9ri_ihut",":created_at":"2025-11-26T05:12:28.340Z",":updated_at":"2025-11-26T05:12:33.910Z","gtfs_stop_id":"123","station_id":"313","complex_id":"313","division":"IRT","line":"Broadway - 7Av","stop_name":"72 St","borough":"M","cbd":"false","daytime_routes":"1 2 3","structure":"Subway","gtfs_latitude":"40.778453","gtfs_longitude":"-73.98197","north_direction_label":"Uptown","south_direction_label":"Downtown","ada":"1","ada_northbound":"1","ada_southbound":"1","ada_notes":null,":@computed_region_yamh_8v7k":"749",":@computed_region_wbg7_3whc":"750",":@computed_region_kjdx_g34t":"2095"}},
{"type":"Feature","geometry":{"type":"Point","coordinates":[-73.982209,40.77344]},"properties":{":id":"row-t752_9ng7-cy7j",":version":"rv-2aka~v3cz-wiev",":created_at":"2025-11-26T05:12:28.340Z",":updated_at":"2025-11-26T05:12:33.910Z","gtfs_stop_id":"124","station_id":"314","complex_id":"314","division":"IRT","line":"Broadway - 7Av","stop_name":"66 St-Lincoln Center","borough":"M","cbd":"false","daytime_routes":"1","structure":"Subway","gtfs_latitude":"40.77344","gtfs_longitude":"-73.982209","north_direction_label":"Uptown","south_direction_label":"Downtown","ada":"1","ada_northbound":"1","ada_southbound":"1","ada_notes":null,":@computed_region_yamh_8v7k":"749",":@computed_region_wbg7_3whc":"750",":@computed_region_kjdx_g34t":"2095"}},
{"type":"Feature","geometry":{"type":"Point","coordinates":[-73.981929,40.768247]},"properties":{":id":"row-2ejq-87qv.dhx3",":version":"rv-2pcd_vk2z~yhn8",":created_at":"2025-11-26T05:12:28.340Z",":updated_at":"2025-11-26T05:12:33.910Z","gtfs_stop_id":"125","station_id":"315","complex_id":"614","division":"IRT","line":"Broadway - 7Av","stop_name":"59 St-Columbus Circle","borough":"M","cbd":"true","daytime_routes":"1","structure":"Subway","gtfs_latitude":"40.768247","gtfs_longitude":"-73.981929","north_direction_label":"Uptown","south_direction_label":"Downtown","ada":"1","ada_northbound":"1","ada_southbound":"1","ada_notes":null,":@computed_region_yamh_8v7k":"749",":@computed_region_wbg7_3whc":"742",":@computed_region_kjdx_g34t":"2095"}},
{"type":"Feature","geometry":{"type":"Point","coordinates":[-73.983849,40.761728]},"properties":{":id":"row-hm2f~i8jk~syrw",":version":"rv-unau.c8ib~shvh",":created_at":"2025-11-26T05:12:28.340Z",":updated_at":"2025-11-26T05:12:33.910Z","gtfs_stop_id":"126","station_id":"316","complex_id":"316","division":"IRT","line":"Broadway - 7Av","stop_name":"50 St","borough":"M","cbd":"true","daytime_routes":"1","structure":"Subway","gtfs_latitude":"40.761728","gtfs_longitude":"-73.983849","north_direction_label":"Uptown","south_direction_label":"Downtown","ada":"0","ada_northbound":"0","ada_southbound":"0","ada_notes":null,":@computed_region_yamh_8v7k":"749",":@computed_region_wbg7_3whc":"742",":@computed_region_kjdx_g34t":"2095"}},
{"type":"Feature","geometry":{"type":"Point","coordinates":[-73.987495,40.75529]},"properties":{":id":"row-q568-am6w.vgdm",":version":"rv-vpi9~qag5~zhvv",":created_at":"2025-11-26T05:12:28.340Z",":updated_at":"2025-11-26T05:12:33.910Z","gtfs_stop_id":"127","station_id":"317","complex_id":"611","division":"IRT","line":"Broadway - 7Av","stop_name":"Times Sq-42 St","borough":"M","cbd":"true","daytime_routes":"1 2 3","structure":"Subway","gtfs_latitude":"40.75529","gtfs_longitude":"-73.987495","north_direction_label":"Uptown","south_direction_label":"Downtown","ada":"1","ada_northbound":"1","ada_southbound":"1","ada_notes":null,":@computed_region_yamh_8v7k":"749",":@computed_region_wbg7_3whc":"741",":@computed_region_kjdx_g34t":"2095"}},
{"type":"Feature","geometry":{"type":"Point","coordinates":[-73.991057,40.750373]},"properties":{":id":"row-hhq3_6hie_whf7",":version":"rv-anr2-uaqn_7q5a",":created_at":"2025-11-26T05:12:28.340Z",":updated_at":"2025-11-26T05:12:33.910Z","gtfs_stop_id":"128","station_id":"318","complex_id":"318","division":"IRT","line":"Broadway - 7Av","stop_name":"34 St-Penn Station","borough":"M","cbd":"true","daytime_routes":"1 2 3","structure":"Subway","gtfs_latitude":"40.750373","gtfs_longitude":"-73.991057","north_direction_label":"Uptown","south_direction_label":"Downtown","ada":"1","ada_northbound":"1","ada_southbound":"1","ada_notes":null,":@computed_region_yamh_8v7k":"749",":@computed_region_wbg7_3whc":"717",":@computed_region_kjdx_g34t":"2095"}},
{"type":"Feature","geometry":{"type":"Point","coordinates":[-73.993365,40.747215]},"properties":{":id":"row-a2jm-a7bz_26cy",":version":"rv-34ew~c94b~jfk9",":created_at":"2025-11-26T05:12:28.340Z",":updated_at":"2025-11-26T05:12:33.910Z","gtfs_stop_id":"129","station_id":"319","complex_id":"319","division":"IRT","line":"Broadway - 7Av","stop_name":"28 St","borough":"M","cbd":"true","daytime_routes":"1","structure":"Subway","gtfs_latitude":"40.747215","gtfs_longitude":"-73.993365","north_direction_label":"Uptown","south_direction_label":"Downtown","ada":"0","ada_northbound":"0","ada_southbound":"0","ada_notes":null,":@computed_region_yamh_8v7k":"749",":@computed_region_wbg7_3whc":"717",":@computed_region_kjdx_g34t":"2095"}},
{"type":"Feature","geometry":{"type":"Point","coordinates":[-73.995657,40.744081]},"properties":{":id":"row-8xae_9dfy~ehfz",":version":"rv-fpmr.2h4n.6vfz",":created_at":"2025-11-26T05:12:28.340Z",":updated_at":"2025-11-26T05:12:33.910Z","gtfs_stop_id":"130","station_id":"320","complex_id":"320","division":"IRT","line":"Broadway - 7Av","stop_name":"23 St","borough":"M","cbd":"true","daytime_routes":"1","structure":"Subway","gtfs_latitude":"40.744081","gtfs_longitude":"-73.995657","north_direction_label":"Uptown","south_direction_label":"Downtown","ada":"0","ada_northbound":"0","ada_southbound":"0","ada_notes":null,":@computed_region_yamh_8v7k":"749",":@computed_region_wbg7_3whc":"735",":@computed_region_kjdx_g34t":"2095"}},
{"type":"Feature","geometry":{"type":"Point","coordinates":[-73.997871,40.74104]},"properties":{":id":"row-27kf~x2k7-vrat",":version":"rv-bqzm.9iud_7mqe",":created_at":"2025-11-26T05:12:28.340Z",":updated_at":"2025-11-26T05:12:33.910Z","gtfs_stop_id":"131","station_id":"321","complex_id":"321","division":"IRT","line":"Broadway - 7Av","stop_name":"18 St","borough":"M","cbd":"true","daytime_routes":"1","structure":"Subway","gtfs_latitude":"40.74104","gtfs_longitude":"-73.997871","north_direction_label":"Uptown","south_direction_label":"Downtown","ada":"0","ada_northbound":"0","ada_southbound":"0","ada_notes":null,":@computed_region_yamh_8v7k":"749",":@computed_region_wbg7_3whc":"735",":@computed_region_kjdx_g34t":"2095"}},
{"type":"Feature","geometry":{"type":"Point","coordinates":[-74.000201,40.737826]},"properties":{":id":"row-2xki-efwm~s6hh",":version":"rv-8zms_mh5t.hbda",":created_at":"2025-11-26T05:12:28.340Z",":updated_at":"2025-11-26T05:12:33.910Z","gtfs_stop_id":"132","station_id":"322","complex_id":"601","division":"IRT","line":"Broadway - 7Av","stop_name":"14 St","borough":"M","cbd":"true","daytime_routes":"1 2 3","structure":"Subway","gtfs_latitude":"40.737826","gtfs_longitude":"-74.000201","north_direction_label":"Uptown","south_direction_label":"Downtown","ada":"1","ada_northbound":"1","ada_southbound":"1","ada_notes":null,":@computed_region_yamh_8v7k":"749",":@computed_region_wbg7_3whc":"735",":@computed_region_kjdx_g34t":"2095"}},
{"type":"Feature","geometry":{"type":"Point","coordinates":[-74.002906,40.733422]},"properties":{":id":"row-r3xe_6htx~nu7n",":version":"rv-4rce_p486~ptfi",":created_at":"2025-11-26T05:12:28.340Z",":updated_at":"2025-11-26T05:12:33.910Z","gtfs_stop_id":"133","station_id":"323","complex_id":"323","division":"IRT","line":"Broadway - 7Av","stop_name":"Christopher St-Stonewall","borough":"M","cbd":"true","daytime_routes":"1","structure":"Subway","gtfs_latitude":"40.733422","gtfs_longitude":"-74.002906","north_direction_label":"Uptown","south_direction_label":"Downtown","ada":"0","ada_northbound":"0","ada_southbound":"0","ada_notes":null,":@computed_region_yamh_8v7k":"749",":@computed_region_wbg7_3whc":"738",":@computed_region_kjdx_g34t":"2095"}},
{"type":"Feature","geometry":{"type":"Point","coordinates":[-74.005367,40.728251]},"properties":{":id":"row-kc84.8cjh.eur4",":version":"rv-zar4_hapj.zh4f",":created_at":"2025-11-26T05:12:28.340Z",":updated_at":"2025-11-26T05:12:33.910Z","gtfs_stop_id":"134","station_id":"324","complex_id":"324","division":"IRT","line":"Broadway - 7Av","stop_name":"Houston St","borough":"M","cbd":"true","daytime_routes":"1","structure":"Subway","gtfs_latitude":"40.728251","gtfs_longitude":"-74.005367","north_direction_label":"Uptown","south_direction_label":"Downtown","ada":"0","ada_northbound":"0","ada_southbound":"0","ada_notes":null,":@computed_region_yamh_8v7k":"749",":@computed_region_wbg7_3whc":"738",":@computed_region_kjdx_g34t":"2095"}},
{"type":"Feature","geometry":{"type":"Point","coordinates":[-74.006277,40.722854]},"properties":{":id":"row-icww-m5cf~mttz",":version":"rv-wft7.9s7i-r2bg",":created_at":"2025-11-26T05:12:28.340Z",":updated_at":"2025-11-26T05:12:33.910Z","gtfs_stop_id":"135","station_id":"325","complex_id":"325","division":"IRT","line":"Broadway - 7Av","stop_name":"Canal St","borough":"M","cbd":"true","daytime_routes":"1","structure":"Subway","gtfs_latitude":"40.722854","gtfs_longitude":"-74.006277","north_direction_label":"Uptown","south_direction_label":"Downtown","ada":"0","ada_northbound":"0","ada_southbound":"0","ada_notes":null,":@computed_region_yamh_8v7k":"749",":@computed_region_wbg7_3whc":"737",":@computed_region_kjdx_g34t":"2095"}},
{"type":"Feature","geometry":{"type":"Point","coordinates":[-74.006886,40.719318]},"properties":{":id":"row-sqw8.utsy_i6nr",":version":"rv-zzsg.t9tm-uajs",":created_at":"2025-11-26T05:12:28.340Z",":updated_at":"2025-11-26T05:12:33.910Z","gtfs_stop_id":"136","station_id":"326","complex_id":"326","division":"IRT","line":"Broadway - 7Av","stop_name":"Franklin St","borough":"M","cbd":"true","daytime_routes":"1","structure":"Subway","gtfs_latitude":"40.719318","gtfs_longitude":"-74.006886","north_direction_label":"Uptown","south_direction_label":"Downtown","ada":"0","ada_northbound":"0","ada_southbound":"0","ada_notes":null,":@computed_region_yamh_8v7k":"749",":@computed_region_wbg7_3whc":"737",":@computed_region_kjdx_g34t":"2095"}},
{"type":"Feature","geometry":{"type":"Point","coordinates":[-74.009266,40.715478]},"properties":{":id":"row-xi8v~x328_3xg5",":version":"rv-sajd_5px2~9txt",":created_at":"2025-11-26T05:12:28.340Z",":updated_at":"2025-11-26T05:12:33.910Z","gtfs_stop_id":"137","station_id":"327","complex_id":"327","division":"IRT","line":"Broadway - 7Av","stop_name":"Chambers St","borough":"M","cbd":"true","daytime_routes":"1 2 3","structure":"Subway","gtfs_latitude":"40.715478","gtfs_longitude":"-74.009266","north_direction_label":"Uptown","south_direction_label":"Downtown","ada":"1","ada_northbound":"1","ada_southbound":"1","ada_notes":null,":@computed_region_yamh_8v7k":"749",":@computed_region_wbg7_3whc":"723",":@computed_region_kjdx_g34t":"2095"}},
{"type":"Feature","geometry":{"type":"Point","coordinates":[-74.012188,40.711835]},"properties":{":id":"row-usyx-x63s-uqe5",":version":"rv-ypat~gi7j~cvjt",":created_at":"2025-11-26T05:12:28.340Z",":updated_at":"2025-11-26T05:12:33.910Z","gtfs_stop_id":"138","station_id":"328","complex_id":"328","division":"IRT","line":"Broadway - 7Av","stop_name":"WTC Cortlandt","borough":"M","cbd":"true","daytime_routes":"1","structure":"Subway","gtfs_latitude":"40.711835","gtfs_longitude":"-74.012188","north_direction_label":"Uptown","south_direction_label":"Downtown","ada":"1","ada_northbound":"1","ada_southbound":"1","ada_notes":null,":@computed_region_yamh_8v7k":"749",":@computed_region_wbg7_3whc":"722",":@computed_region_kjdx_g34t":"2095"}},
{"type":"Feature","geometry":{"type":"Point","coordinates":[-74.013783,40.707513]},"properties":{":id":"row-v9c8.k85e~udp3",":version":"rv-n5ve_pmhx~vr38",":created_at":"2025-11-26T05:12:28.340Z",":updated_at":"2025-11-26T05:12:33.910Z","gtfs_stop_id":"139","station_id":"329","complex_id":"329","division":"IRT","line":"Broadway - 7Av","stop_name":"Rector St","borough":"M","cbd":"true","daytime_routes":"1","structure":"Subway","gtfs_latitude":"40.707513","gtfs_longitude":"-74.013783","north_direction_label":"Uptown","south_direction_label":"Downtown","ada":"0","ada_northbound":"0","ada_southbound":"0","ada_notes":null,":@computed_region_yamh_8v7k":"749",":@computed_region_wbg7_3whc":"722",":@computed_region_kjdx_g34t":"2095"}},
{"type":"Feature","geometry":{"type":"Point","coordinates":[-74.013664,40.702068]},"properties":{":id":"row-nctb_fp38.nzsh",":version":"rv-bkxz-wcan-aaw8",":created_at":"2025-11-26T05:12:28.340Z",":updated_at":"2025-11-26T05:12:33.910Z","gtfs_stop_id":"142","station_id":"330","complex_id":"635","division":"IRT","line":"Broadway - 7Av","stop_name":"South Ferry","borough":"M","cbd":"true","daytime_routes":"1","structure":"Subway","gtfs_latitude":"40.702068","gtfs_longitude":"-74.013664","north_direction_label":"Uptown","south_direction_label":"Last Stop","ada":"1","ada_northbound":"1","ada_southbound":"1","ada_notes":null,":@computed_region_yamh_8v7k":"749",":@computed_region_wbg7_3whc":"720",":@computed_region_kjdx_g34t":"2095"}},
{"type":"Feature","geometry":{"type":"Point","coordinates":[-74.008811,40.713051]},"properties":{":id":"row-394z.xxa8-92va",":version":"rv-qzu6-xs26_ncez",":created_at":"2025-11-26T05:12:28.340Z",":updated_at":"2025-11-26T05:12:33.910Z","gtfs_stop_id":"228","station_id":"331","complex_id":"624","division":"IRT","line":"Clark St","stop_name":"Park Place","borough":"M","cbd":"true","daytime_routes":"2 3","structure":"Subway","gtfs_latitude":"40.713051","gtfs_longitude":"-74.008811","north_direction_label":"Uptown","south_direction_label":"Brooklyn","ada":"0","ada_northbound":"0","ada_southbound":"0","ada_notes":null,":@computed_region_yamh_8v7k":"749",":@computed_region_wbg7_3whc":"601",":@computed_region_kjdx_g34t":"2095"}},
{"type":"Feature","geometry":{"type":"Point","coordinates":[-74.006571,40.709416]},"properties":{":id":"row-kvfz~ffdt.gyca",":version":"rv-3n54.h7za.sij5",":created_at":"2025-11-26T05:12:28.340Z",":updated_at":"2025-11-26T05:12:33.910Z","gtfs_stop_id":"229","station_id":"332","complex_id":"628","division":"IRT","line":"Clark St","stop_name":"Fulton St","borough":"M","cbd":"true","daytime_routes":"2 3","structure":"Subway","gtfs_latitude":"40.709416","gtfs_longitude":"-74.006571","north_direction_label":"Uptown","south_direction_label":"Brooklyn","ada":"1","ada_northbound":"1","ada_southbound":"1","ada_notes":null,":@computed_region_yamh_8v7k":"749",":@computed_region_wbg7_3whc":"797",":@computed_region_kjdx_g34t":"2095"}},
{"type":"Feature","geometry":{"type":"Point","coordinates":[-74.0091,40.706821]},"properties":{":id":"row-9pms-ekz6-mdpb",":version":"rv-fqcn-qkdu_ykp3",":created_at":"2025-11-26T05:12:28.340Z",":updated_at":"2025-11-26T05:12:33.910Z","gtfs_stop_id":"230","station_id":"333","complex_id":"333","division":"IRT","line":"Clark St","stop_name":"Wall St","borough":"M","cbd":"true","daytime_routes":"2 3","structure":"Subway","gtfs_latitude":"40.706821","gtfs_longitude":"-74.0091","north_direction_label":"Uptown","south_direction_label":"Brooklyn","ada":"0","ada_northbound":"0","ada_southbound":"0","ada_notes":null,":@computed_region_yamh_8v7k":"749",":@computed_region_wbg7_3whc":"721",":@computed_region_kjdx_g34t":"2095"}},
{"type":"Feature","geometry":{"type":"Point","coordinates":[-73.993086,40.697466]},"properties":{":id":"row-c3cj-a9xr.nwin",":version":"rv-47hm-fb8b~zaaz",":created_at":"2025-11-26T05:12:28.340Z",":updated_at":"2025-11-26T05:12:33.910Z","gtfs_stop_id":"231","station_id":"334","complex_id":"334","division":"IRT","line":"Clark St","stop_name":"Clark St","borough":"Bk","cbd":"false","daytime_routes":"2 3","structure":"Subway","gtfs_latitude":"40.697466","gtfs_longitude":"-73.993086","north_direction_label":"Manhattan","south_direction_label":"Outbound","ada":"0","ada_northbound":"0","ada_southbound":"0","ada_notes":null,":@computed_region_yamh_8v7k":"894",":@computed_region_wbg7_3whc":"880",":@computed_region_kjdx_g34t":"2095"}},
{"type":"Feature","geometry":{"type":"Point","coordinates":[-73.989998,40.693219]},"properties":{":id":"row-82kb.beyn_2xgp",":version":"rv-wmf3~viev-7kqu",":created_at":"2025-11-26T05:12:28.340Z",":updated_at":"2025-11-26T05:12:33.910Z","gtfs_stop_id":"232","station_id":"335","complex_id":"620","division":"IRT","line":"Clark St","stop_name":"Borough Hall","borough":"Bk","cbd":"false","daytime_routes":"2 3","structure":"Subway","gtfs_latitude":"40.693219","gtfs_longitude":"-73.989998","north_direction_label":"Manhattan","south_direction_label":"Outbound","ada":"1","ada_northbound":"1","ada_southbound":"1","ada_notes":null,":@computed_region_yamh_8v7k":"894",":@computed_region_wbg7_3whc":"880",":@computed_region_kjdx_g34t":"2090"}},
{"type":"Feature","geometry":{"type":"Point","coordinates":[-73.985065,40.690545]},"properties":{":id":"row-zkg4.xkp6_5gs3",":version":"rv-aqt7~hp25.r588",":created_at":"2025-11-26T05:12:28.340Z",":updated_at":"2025-11-26T05:12:33.910Z","gtfs_stop_id":"233","station_id":"336","complex_id":"336","division":"IRT","line":"Eastern Pky","stop_name":"Hoyt St","borough":"Bk","cbd":"false","daytime_routes":"2 3","structure":"Subway","gtfs_latitude":"40.690545","gtfs_longitude":"-73.985065","north_direction_label":"Manhattan","south_direction_label":"Outbound","ada":"2","ada_northbound":"0","ada_southbound":"1","ada_notes":"Outbound only",":@computed_region_yamh_8v7k":"894",":@computed_region_wbg7_3whc":"880",":@computed_region_kjdx_g34t":"2090"}},
{"type":"Feature","geometry":{"type":"Point","coordinates":[-73.980492,40.688246]},"properties":{":id":"row-gcn9_5rmx_2xf4",":version":"rv-yei5.u3h4_vcut",":created_at":"2025-11-26T05:12:28.340Z",":updated_at":"2025-11-26T05:12:33.910Z","gtfs_stop_id":"234","station_id":"337","complex_id":"337","division":"IRT","line":"Eastern Pky","stop_name":"Nevins St","borough":"Bk","cbd":"false","daytime_routes":"2 3 4 5","structure":"Subway","gtfs_latitude":"40.688246","gtfs_longitude":"-73.980492","north_direction_label":"Manhattan","south_direction_label":"Outbound","ada":"0","ada_northbound":"0","ada_southbound":"0","ada_notes":null,":@computed_region_yamh_8v7k":"894",":@computed_region_wbg7_3whc":"895",":@computed_region_kjdx_g34t":"2090"}},
{"type":"Feature","geometry":{"type":"Point","coordinates":[-73.977666,40.684359]},"properties":{":id":"row-sabg-citc_y5sr",":version":"rv-8vm9.u6bm~s83z",":created_at":"2025-11-26T05:12:28.340Z",":updated_at":"2025-11-26T05:12:33.910Z","gtfs_stop_id":"235","station_id":"338","complex_id":"617","division":"IRT","line":"Eastern Pky","stop_name":"Atlantic Av-Barclays Ctr","borough":"Bk","cbd":"false","daytime_routes":"2 3 4 5","structure":"Subway","gtfs_latitude":"40.684359","gtfs_longitude":"-73.977666","north_direction_label":"Manhattan","south_direction_label":"Outbound","ada":"1","ada_northbound":"1","ada_southbound":"1","ada_notes":null,":@computed_region_yamh_8v7k":"894",":@computed_region_wbg7_3whc":"895",":@computed_region_kjdx_g34t":"2090"}},
{"type":"Feature","geometry":{"type":"Point","coordinates":[-73.975098,40.680829]},"properties":{":id":"row-a92b~9btn_eek8",":version":"rv-umf5_fkrk-b5sg",":created_at":"2025-11-26T05:12:28.340Z",":updated_at":"2025-11-26T05:12:33.910Z","gtfs_stop_id":"236","station_id":"339","complex_id":"339","division":"IRT","line":"Eastern Pky","stop_name":"Bergen St","borough":"Bk","cbd":"false","daytime_routes":"2 3","structure":"Subway","gtfs_latitude":"40.680829","gtfs_longitude":"-73.975098","north_direction_label":"Manhattan","south_direction_label":"Outbound","ada":"0","ada_northbound":"0","ada_southbound":"0","ada_notes":null,":@computed_region_yamh_8v7k":"894",":@computed_region_wbg7_3whc":"895",":@computed_region_kjdx_g34t":"2090"}},
{"type":"Feature","geometry":{"type":"Point","coordinates":[-73.971046,40.675235]},"properties":{":id":"row-je3h_hbnw~d5kj",":version":"rv-8zri~35ua~nvvm",":created_at":"2025-11-26T05:12:28.340Z",":updated_at":"2025-11-26T05:12:33.910Z","gtfs_stop_id":"237","station_id":"340","complex_id":"340","division":"IRT","line":"Eastern Pky","stop_name":"Grand Army Plaza","borough":"Bk","cbd":"false","daytime_routes":"2 3","structure":"Subway","gtfs_latitude":"40.675235","gtfs_longitude":"-73.971046","north_direction_label":"Manhattan","south_direction_label":"Outbound","ada":"0","ada_northbound":"0","ada_southbound":"0","ada_notes":null,":@computed_region_yamh_8v7k":"894",":@computed_region_wbg7_3whc":"821",":@computed_region_kjdx_g34t":"2090"}},
{"type":"Feature","geometry":{"type":"Point","coordinates":[-73.964375,40.671987]},"properties":{":id":"row-v2g2-7w2a.rvr6",":version":"rv-p29v.nm8h~ywhf",":created_at":"2025-11-26T05:12:28.340Z",":updated_at":"2025-11-26T05:12:33.910Z","gtfs_stop_id":"238","station_id":"341","complex_id":"341","division":"IRT","line":"Eastern Pky","stop_name":"Eastern Pkwy-Brooklyn Museum","borough":"Bk","cbd":"false","daytime_routes":"2 3","structure":"Subway","gtfs_latitude":"40.671987","gtfs_longitude":"-73.964375","north_direction_label":"Manhattan","south_direction_label":"Outbound","ada":"1","ada_northbound":"1","ada_southbound":"1","ada_notes":null,":@computed_region_yamh_8v7k":"894",":@computed_region_wbg7_3whc":"821",":@computed_region_kjdx_g34t":"2090"}},
{"type":"Feature","geometry":{"type":"Point","coordinates":[-73.958131,40.670682]},"properties":{":id":"row-yhxb.hpia_y6tz",":version":"rv-cy9m.kmsv.uvre",":created_at":"2025-11-26T05:12:28.340Z",":updated_at":"2025-11-26T05:12:33.910Z","gtfs_stop_id":"239","station_id":"342","complex_id":"626","division":"IRT","line":"Eastern Pky","stop_name":"Franklin Av-Medgar Evers College","borough":"Bk","cbd":"false","daytime_routes":"2 3 4 5","structure":"Subway","gtfs_latitude":"40.670682","gtfs_longitude":"-73.958131","north_direction_label":"Manhattan","south_direction_label":"Outbound","ada":"0","ada_northbound":"0","ada_southbound":"0","ada_notes":null,":@computed_region_yamh_8v7k":"894",":@computed_region_wbg7_3whc":"809",":@computed_region_kjdx_g34t":"2090"}},
{"type":"Feature","geometry":{"type":"Point","coordinates":[-73.950466,40.669847]},"properties":{":id":"row-betk-q77h~uphj",":version":"rv-25kx~s3d9_w7ub",":created_at":"2025-11-26T05:12:28.340Z",":updated_at":"2025-11-26T05:12:33.910Z","gtfs_stop_id":"248","station_id":"343","complex_id":"343","division":"IRT","line":"Eastern Pky","stop_name":"Nostrand Av","borough":"Bk","cbd":"false","daytime_routes":"3","structure":"Subway","gtfs_latitude":"40.669847","gtfs_longitude":"-73.950466","north_direction_label":"Manhattan","south_direction_label":"Outbound","ada":"0","ada_northbound":"0","ada_southbound":"0","ada_notes":null,":@computed_region_yamh_8v7k":"894",":@computed_region_wbg7_3whc":"809",":@computed_region_kjdx_g34t":"2090"}},
{"type":"Feature","geometry":{"type":"Point","coordinates":[-73.942161,40.669399]},"properties":{":id":"row-imsr_mv5q-js9r",":version":"rv-kyie-ws54-77a4",":created_at":"2025-11-26T05:12:28.340Z",":updated_at":"2025-11-26T05:12:33.910Z","gtfs_stop_id":"249","station_id":"344","complex_id":"344","division":"IRT","line":"Eastern Pky","stop_name":"Kingston Av","borough":"Bk","cbd":"false","daytime_routes":"3","structure":"Subway","gtfs_latitude":"40.669399","gtfs_longitude":"-73.942161","north_direction_label":"Manhattan","south_direction_label":"Outbound","ada":"0","ada_northbound":"0","ada_southbound":"0","ada_notes":null,":@computed_region_yamh_8v7k":"894",":@computed_region_wbg7_3whc":"891",":@computed_region_kjdx_g34t":"2090"}},
{"type":"Feature","geometry":{"type":"Point","coordinates":[-73.932942,40.668897]},"properties":{":id":"row-p788~28au_ekz9",":version":"rv-4ink~ybpd.snvg",":created_at":"2025-11-26T05:12:28.340Z",":updated_at":"2025-11-26T05:12:33.910Z","gtfs_stop_id":"250","station_id":"345","complex_id":"345","division":"IRT","line":"Eastern Pky","stop_name":"Crown Hts-Utica Av","borough":"Bk","cbd":"false","daytime_routes":"3 4","structure":"Subway","gtfs_latitude":"40.668897","gtfs_longitude":"-73.932942","north_direction_label":"Manhattan","south_direction_label":"Outbound","ada":"1","ada_northbound":"1","ada_southbound":"1","ada_notes":null,":@computed_region_yamh_8v7k":"894",":@computed_region_wbg7_3whc":"891",":@computed_region_kjdx_g34t":"2090"}},
{"type":"Feature","geometry":{"type":"Point","coordinates":[-73.92261,40.664717]},"properties":{":id":"row-a7j3.6faq-29n9",":version":"rv-5i9h.rxur.ibhh",":created_at":"2025-11-26T05:12:28.340Z",":updated_at":"2025-11-26T05:12:33.910Z","gtfs_stop_id":"251","station_id":"346","complex_id":"346","division":"IRT","line":"Eastern Pky","stop_name":"Sutter Av-Rutland Rd","borough":"Bk","cbd":"false","daytime_routes":"3","structure":"Elevated","gtfs_latitude":"40.664717","gtfs_longitude":"-73.92261","north_direction_label":"Manhattan","south_direction_label":"New Lots","ada":"0","ada_northbound":"0","ada_southbound":"0","ada_notes":null,":@computed_region_yamh_8v7k":"894",":@computed_region_wbg7_3whc":"890",":@computed_region_kjdx_g34t":"2090"}},
{"type":"Feature","geometry":{"type":"Point","coordinates":[-73.916327,40.661453]},"properties":{":id":"row-9ix3-j8u4-jva8",":version":"rv-wm3x.7th9-8qj9",":created_at":"2025-11-26T05:12:28.340Z",":updated_at":"2025-11-26T05:12:33.910Z","gtfs_stop_id":"252","station_id":"347","complex_id":"347","division":"IRT","line":"Eastern Pky","stop_name":"Saratoga Av","borough":"Bk","cbd":"false","daytime_routes":"3","structure":"Elevated","gtfs_latitude":"40.661453","gtfs_longitude":"-73.916327","north_direction_label":"Manhattan","south_direction_label":"New Lots","ada":"0","ada_northbound":"0","ada_southbound":"0","ada_notes":null,":@computed_region_yamh_8v7k":"894",":@computed_region_wbg7_3whc":"890",":@computed_region_kjdx_g34t":"2090"}},
{"type":"Feature","geometry":{"type":"Point","coordinates":[-73.908946,40.662549]},"properties":{":id":"row-7zq5-tara_ue4j",":version":"rv-3g98-tf77~d5c7",":created_at":"2025-11-26T05:12:28.340Z",":updated_at":"2025-11-26T05:12:33.910Z","gtfs_stop_id":"253","station_id":"348","complex_id":"348","division":"IRT","line":"Eastern Pky","stop_name":"Rockaway Av","borough":"Bk","cbd":"false","daytime_routes":"3","structure":"Elevated","gtfs_latitude":"40.662549","gtfs_longitude":"-73.908946","north_direction_label":"Manhattan","south_direction_label":"New Lots","ada":"0","ada_northbound":"0","ada_southbound":"0","ada_notes":null,":@computed_region_yamh_8v7k":"894",":@computed_region_wbg7_3whc":"890",":@computed_region_kjdx_g34t":"2090"}},
{"type":"Feature","geometry":{"type":"Point","coordinates":[-73.902447,40.663515]},"properties":{":id":"row-sehd-vp86~96ju",":version":"rv-5g8c_2s2d~2y5d",":created_at":"2025-11-26T05:12:28.340Z",":updated_at":"2025-11-26T05:12:33.910Z","gtfs_stop_id":"254","station_id":"349","complex_id":"349","division":"IRT","line":"Eastern Pky","stop_name":"Junius St","borough":"Bk","cbd":"false","daytime_routes":"3","structure":"Elevated","gtfs_latitude":"40.663515","gtfs_longitude":"-73.902447","north_direction_label":"Manhattan","south_direction_label":"New Lots","ada":"0","ada_northbound":"0","ada_southbound":"0","ada_notes":null,":@computed_region_yamh_8v7k":"894",":@computed_region_wbg7_3whc":"890",":@computed_region_kjdx_g34t":"2090"}},
{"type":"Feature","geometry":{"type":"Point","coordinates":[-73.894895,40.664635]},"properties":{":id":"row-eunr~wcxv_kip9",":version":"rv-eajf~456s.2wer",":created_at":"2025-11-26T05:12:28.340Z",":updated_at":"2025-11-26T05:12:33.910Z","gtfs_stop_id":"255","station_id":"350","complex_id":"350","division":"IRT","line":"Eastern Pky","stop_name":"Pennsylvania Av","borough":"Bk","cbd":"false","daytime_routes":"3","structure":"Elevated","gtfs_latitude":"40.664635","gtfs_longitude":"-73.894895","north_direction_label":"Manhattan","south_direction_label":"New Lots","ada":"0","ada_northbound":"0","ada_southbound":"0","ada_notes":null,":@computed_region_yamh_8v7k":"894",":@computed_region_wbg7_3whc":"885",":@computed_region_kjdx_g34t":"2090"}},
{"type":"Feature","geometry":{"type":"Point","coordinates":[-73.889395,40.665449]},"properties":{":id":"row-5kth.vd2z~x8m3",":version":"rv-kdx5-g38g-k6ei",":created_at":"2025-11-26T05:12:28.340Z",":updated_at":"2025-11-26T05:12:33.910Z","gtfs_stop_id":"256","station_id":"351","complex_id":"351","division":"IRT","line":"Eastern Pky","stop_name":"Van Siclen Av","borough":"Bk","cbd":"false","daytime_routes":"3","structure":"Elevated","gtfs_latitude":"40.665449","gtfs_longitude":"-73.889395","north_direction_label":"Manhattan","south_direction_label":"New Lots","ada":"0","ada_northbound":"0","ada_southbound":"0","ada_notes":null,":@computed_region_yamh_8v7k":"894",":@computed_region_wbg7_3whc":"885",":@computed_region_kjdx_g34t":"2090"}},
{"type":"Feature","geometry":{"type":"Point","coordinates":[-73.884079,40.666235]},"properties":{":id":"row-7vz8-dujy~4hbf",":version":"rv-x3y6~nwmf_569y",":created_at":"2025-11-26T05:12:28.340Z",":updated_at":"2025-11-26T05:12:33.910Z","gtfs_stop_id":"257","station_id":"352","complex_id":"352","division":"IRT","line":"Eastern Pky","stop_name":"New Lots Av","borough":"Bk","cbd":"false","daytime_routes":"3","structure":"Elevated","gtfs_latitude":"40.666235","gtfs_longitude":"-73.884079","north_direction_label":"Manhattan","south_direction_label":"Last Stop","ada":"0","ada_northbound":"0","ada_southbound":"0","ada_notes":null,":@computed_region_yamh_8v7k":"894",":@computed_region_wbg7_3whc":"885",":@computed_region_kjdx_g34t":"2090"}},
{"type":"Feature","geometry":{"type":"Point","coordinates":[-73.950683,40.667883]},"properties":{":id":"row-uwgr.ywh7~4ryu",":version":"rv-gn28~emv5_p6hv",":created_at":"2025-11-26T05:12:28.340Z",":updated_at":"2025-11-26T05:12:33.910Z","gtfs_stop_id":"241","station_id":"353","complex_id":"353","division":"IRT","line":"Nostrand","stop_name":"President St-Medgar Evers College","borough":"Bk","cbd":"false","daytime_routes":"2 5","structure":"Subway","gtfs_latitude":"40.667883","gtfs_longitude":"-73.950683","north_direction_label":"Manhattan","south_direction_label":"Flatbush","ada":"0","ada_northbound":"0","ada_southbound":"0","ada_notes":null,":@computed_region_yamh_8v7k":"894",":@computed_region_wbg7_3whc":"809",":@computed_region_kjdx_g34t":"2090"}},
{"type":"Feature","geometry":{"type":"Point","coordinates":[-73.95085,40.662742]},"properties":{":id":"row-qtmt-6b8u~fn6p",":version":"rv-pxyc~7z2z.iji6",":created_at":"2025-11-26T05:12:28.340Z",":updated_at":"2025-11-26T05:12:33.910Z","gtfs_stop_id":"242","station_id":"354","complex_id":"354","division":"IRT","line":"Nostrand","stop_name":"Sterling St","borough":"Bk","cbd":"false","daytime_routes":"2 5","structure":"Subway","gtfs_latitude":"40.662742","gtfs_longitude":"-73.95085","north_direction_label":"Manhattan","south_direction_label":"Flatbush","ada":"0","ada_northbound":"0","ada_southbound":"0","ada_notes":null,":@computed_region_yamh_8v7k":"894",":@computed_region_wbg7_3whc":"809",":@computed_region_kjdx_g34t":"2090"}},
{"type":"Feature","geometry":{"type":"Point","coordinates":[-73.9502,40.656652]},"properties":{":id":"row-f3gi_v42g.6qcb",":version":"rv-sceu~a87m_wkwr",":created_at":"2025-11-26T05:12:28.340Z",":updated_at":"2025-11-26T05:12:33.910Z","gtfs_stop_id":"243","station_id":"355","complex_id":"355","division":"IRT","line":"Nostrand","stop_name":"Winthrop St","borough":"Bk","cbd":"false","daytime_routes":"2 5","structure":"Subway","gtfs_latitude":"40.656652","gtfs_longitude":"-73.9502","north_direction_label":"Manhattan","south_direction_label":"Flatbush","ada":"0","ada_northbound":"0","ada_southbound":"0","ada_notes":null,":@computed_region_yamh_8v7k":"894",":@computed_region_wbg7_3whc":"809",":@computed_region_kjdx_g34t":"2090"}},
{"type":"Feature","geometry":{"type":"Point","coordinates":[-73.949575,40.650843]},"properties":{":id":"row-63qj~9ves.jrz6",":version":"rv-k6kx_he87_e3bn",":created_at":"2025-11-26T05:12:28.340Z",":updated_at":"2025-11-26T05:12:33.910Z","gtfs_stop_id":"244","station_id":"356","complex_id":"356","division":"IRT","line":"Nostrand","stop_name":"Church Av","borough":"Bk","cbd":"false","daytime_routes":"2 5","structure":"Subway","gtfs_latitude":"40.650843","gtfs_longitude":"-73.949575","north_direction_label":"Manhattan","south_direction_label":"Flatbush","ada":"1","ada_northbound":"1","ada_southbound":"1","ada_notes":null,":@computed_region_yamh_8v7k":"894",":@computed_region_wbg7_3whc":"810",":@computed_region_kjdx_g34t":"2090"}},
{"type":"Feature","geometry":{"type":"Point","coordinates":[-73.948959,40.645098]},"properties":{":id":"row-4q63.yvw7-cvfi",":version":"rv-2zp7_rfaw-krhu",":created_at":"2025-11-26T05:12:28.340Z",":updated_at":"2025-11-26T05:12:33.910Z","gtfs_stop_id":"245","station_id":"357","complex_id":"357","division":"IRT","line":"Nostrand","stop_name":"Beverly Rd","borough":"Bk","cbd":"false","daytime_routes":"2 5","structure":"Subway","gtfs_latitude":"40.645098","gtfs_longitude":"-73.948959","north_direction_label":"Manhattan","south_direction_label":"Flatbush","ada":"0","ada_northbound":"0","ada_southbound":"0","ada_notes":null,":@computed_region_yamh_8v7k":"894",":@computed_region_wbg7_3whc":"810",":@computed_region_kjdx_g34t":"2090"}},
{"type":"Feature","geometry":{"type":"Point","coordinates":[-73.948411,40.639967]},"properties":{":id":"row-e73x_gzs8~dz52",":version":"rv-85gk-a5ru.qct8",":created_at":"2025-11-26T05:12:28.340Z",":updated_at":"2025-11-26T05:12:33.910Z","gtfs_stop_id":"246","station_id":"358","complex_id":"358","division":"IRT","line":"Nostrand","stop_name":"Newkirk Av-Little Haiti","borough":"Bk","cbd":"false","daytime_routes":"2 5","structure":"Subway","gtfs_latitude":"40.639967","gtfs_longitude":"-73.948411","north_direction_label":"Manhattan","south_direction_label":"Flatbush","ada":"0","ada_northbound":"0","ada_southbound":"0","ada_notes":null,":@computed_region_yamh_8v7k":"894",":@computed_region_wbg7_3whc":"888",":@computed_region_kjdx_g34t":"2090"}},
{"type":"Feature","geometry":{"type":"Point","coordinates":[-73.947642,40.632836]},"properties":{":id":"row-tjeh_x626-9x4w",":version":"rv-dvx9_6pva_n5kg",":created_at":"2025-11-26T05:12:28.340Z",":updated_at":"2025-11-26T05:12:33.910Z","gtfs_stop_id":"247","station_id":"359","complex_id":"359","division":"IRT","line":"Nostrand","stop_name":"Flatbush Av-Brooklyn College","borough":"Bk","cbd":"false","daytime_routes":"2 5","structure":"Subway","gtfs_latitude":"40.632836","gtfs_longitude":"-73.947642","north_direction_label":"Manhattan","south_direction_label":"Last Stop","ada":"1","ada_northbound":"1","ada_southbound":"1","ada_notes":null,":@computed_region_yamh_8v7k":"894",":@computed_region_wbg7_3whc":"888",":@computed_region_kjdx_g34t":"2090"}},
{"type":"Feature","geometry":{"type":"Point","coordinates":[-73.828121,40.852462]},"properties":{":id":"row-fxvj.8mda-3gr6",":version":"rv-v9s3-hmmg-xcsx",":created_at":"2025-11-26T05:12:28.340Z",":updated_at":"2025-11-26T05:12:33.910Z","gtfs_stop_id":"601","station_id":"360","complex_id":"360","division":"IRT","line":"Pelham","stop_name":"Pelham Bay Park","borough":"Bx","cbd":"false","daytime_routes":"6","structure":"Elevated","gtfs_latitude":"40.852462","gtfs_longitude":"-73.828121","north_direction_label":"Last Stop","south_direction_label":"Manhattan","ada":"1","ada_northbound":"1","ada_southbound":"1","ada_notes":null,":@computed_region_yamh_8v7k":"307",":@computed_region_wbg7_3whc":"674",":@computed_region_kjdx_g34t":"2032"}},
{"type":"Feature","geometry":{"type":"Point","coordinates":[-73.832569,40.84681]},"properties":{":id":"row-6a5d-63bt_ydkm",":version":"rv-sifm.4cb7_utqf",":created_at":"2025-11-26T05:12:28.340Z",":updated_at":"2025-11-26T05:12:33.910Z","gtfs_stop_id":"602","station_id":"361","complex_id":"361","division":"IRT","line":"Pelham","stop_name":"Buhre Av","borough":"Bx","cbd":"false","daytime_routes":"6","structure":"Elevated","gtfs_latitude":"40.84681","gtfs_longitude":"-73.832569","north_direction_label":"Pelham Bay","south_direction_label":"Manhattan","ada":"0","ada_northbound":"0","ada_southbound":"0","ada_notes":null,":@computed_region_yamh_8v7k":"307",":@computed_region_wbg7_3whc":"674",":@computed_region_kjdx_g34t":"2032"}},
{"type":"Feature","geometry":{"type":"Point","coordinates":[-73.836322,40.843863]},"properties":{":id":"row-7uux-4z9a-t2dn",":version":"rv-zdgw~8xbg~x2tx",":created_at":"2025-11-26T05:12:28.340Z",":updated_at":"2025-11-26T05:12:33.910Z","gtfs_stop_id":"603","station_id":"362","complex_id":"362","division":"IRT","line":"Pelham","stop_name":"Middletown Rd","borough":"Bx","cbd":"false","daytime_routes":"6","structure":"Elevated","gtfs_latitude":"40.843863","gtfs_longitude":"-73.836322","north_direction_label":"Pelham Bay","south_direction_label":"Manhattan","ada":"0","ada_northbound":"0","ada_southbound":"0","ada_notes":null,":@computed_region_yamh_8v7k":"307",":@computed_region_wbg7_3whc":"674",":@computed_region_kjdx_g34t":"2032"}},
{"type":"Feature","geometry":{"type":"Point","coordinates":[-73.842952,40.839892]},"properties":{":id":"row-6d9y~i5c9~nism",":version":"rv-v42f~ykp2~ptzh",":created_at":"2025-11-26T05:12:28.340Z",":updated_at":"2025-11-26T05:12:33.910Z","gtfs_stop_id":"604","station_id":"363","complex_id":"363","division":"IRT","line":"Pelham","stop_name":"Westchester Sq-E Tremont Av","borough":"Bx","cbd":"false","daytime_routes":"6","structure":"Elevated","gtfs_latitude":"40.839892","gtfs_longitude":"-73.842952","north_direction_label":"Pelham Bay","south_direction_label":"Manhattan","ada":"1","ada_northbound":"1","ada_southbound":"1","ada_notes":null,":@computed_region_yamh_8v7k":"307",":@computed_region_wbg7_3whc":"674",":@computed_region_kjdx_g34t":"2032"}},
{"type":"Feature","geometry":{"type":"Point","coordinates":[-73.847036,40.836488]},"properties":{":id":"row-d754~bdvx-z493",":version":"rv-8a38.2zru_kfrw",":created_at":"2025-11-26T05:12:28.340Z",":updated_at":"2025-11-26T05:12:33.910Z","gtfs_stop_id":"606","station_id":"364","complex_id":"364","division":"IRT","line":"Pelham","stop_name":"Zerega Av","borough":"Bx","cbd":"false","daytime_routes":"6","structure":"Elevated","gtfs_latitude":"40.836488","gtfs_longitude":"-73.847036","north_direction_label":"Pelham Bay","south_direction_label":"Manhattan","ada":"0","ada_northbound":"0","ada_southbound":"0","ada_notes":null,":@computed_region_yamh_8v7k":"307",":@computed_region_wbg7_3whc":"675",":@computed_region_kjdx_g34t":"2032"}},
{"type":"Feature","geometry":{"type":"Point","coordinates":[-73.851222,40.834255]},"properties":{":id":"row-zq5e.i7ie-mvus",":version":"rv-k99a_cduk.r7kx",":created_at":"2025-11-26T05:12:28.340Z",":updated_at":"2025-11-26T05:12:33.910Z","gtfs_stop_id":"607","station_id":"365","complex_id":"365","division":"IRT","line":"Pelham","stop_name":"Castle Hill Av","borough":"Bx","cbd":"false","daytime_routes":"6","structure":"Elevated","gtfs_latitude":"40.834255","gtfs_longitude":"-73.851222","north_direction_label":"Pelham Bay","south_direction_label":"Manhattan","ada":"0","ada_northbound":"0","ada_southbound":"0","ada_notes":null,":@computed_region_yamh_8v7k":"307",":@computed_region_wbg7_3whc":"675",":@computed_region_kjdx_g34t":"2032"}},
{"type":"Feature","geometry":{"type":"Point","coordinates":[-73.860816,40.833226]},"properties":{":id":"row-ygr3-3h2u.xe6w",":version":"rv-wwpk.jhm2~jdze",":created_at":"2025-11-26T05:12:28.340Z",":updated_at":"2025-11-26T05:12:33.910Z","gtfs_stop_id":"608","station_id":"366","complex_id":"366","division":"IRT","line":"Pelham","stop_name":"Parkchester","borough":"Bx","cbd":"false","daytime_routes":"6","structure":"Elevated","gtfs_latitude":"40.833226","gtfs_longitude":"-73.860816","north_direction_label":"Northbound","south_direction_label":"Manhattan","ada":"0","ada_northbound":"0","ada_southbound":"0","ada_notes":null,":@computed_region_yamh_8v7k":"307",":@computed_region_wbg7_3whc":"709",":@computed_region_kjdx_g34t":"2032"}},
{"type":"Feature","geometry":{"type":"Point","coordinates":[-73.867618,40.831509]},"properties":{":id":"row-tzyc~xbpy-u8ts",":version":"rv-zfay-8pfg.cqe9",":created_at":"2025-11-26T05:12:28.340Z",":updated_at":"2025-11-26T05:12:33.910Z","gtfs_stop_id":"609","station_id":"367","complex_id":"367","division":"IRT","line":"Pelham","stop_name":"St Lawrence Av","borough":"Bx","cbd":"false","daytime_routes":"6","structure":"Elevated","gtfs_latitude":"40.831509","gtfs_longitude":"-73.867618","north_direction_label":"Northbound","south_direction_label":"Manhattan","ada":"0","ada_northbound":"0","ada_southbound":"0","ada_notes":null,":@computed_region_yamh_8v7k":"307",":@computed_region_wbg7_3whc":"709",":@computed_region_kjdx_g34t":"2032"}},
{"type":"Feature","geometry":{"type":"Point","coordinates":[-73.874516,40.829521]},"properties":{":id":"row-e4tk~5b2c-jdyc",":version":"rv-2mu8.2r33~pvrs",":created_at":"2025-11-26T05:12:28.340Z",":updated_at":"2025-11-26T05:12:33.910Z","gtfs_stop_id":"610","station_id":"368","complex_id":"368","division":"IRT","line":"Pelham","stop_name":"Morrison Av-Soundview","borough":"Bx","cbd":"false","daytime_routes":"6","structure":"Elevated","gtfs_latitude":"40.829521","gtfs_longitude":"-73.874516","north_direction_label":"Northbound","south_direction_label":"Manhattan","ada":"0","ada_northbound":"0","ada_southbound":"0","ada_notes":null,":@computed_region_yamh_8v7k":"307",":@computed_region_wbg7_3whc":"709",":@computed_region_kjdx_g34t":"2032"}},
{"type":"Feature","geometry":{"type":"Point","coordinates":[-73.879159,40.828584]},"properties":{":id":"row-386x.8ysa.5efh",":version":"rv-nt6q~itun~v3j4",":created_at":"2025-11-26T05:12:28.340Z",":updated_at":"2025-11-26T05:12:33.910Z","gtfs_stop_id":"611","station_id":"369","complex_id":"369","division":"IRT","line":"Pelham","stop_name":"Elder Av","borough":"Bx","cbd":"false","daytime_routes":"6","structure":"Elevated","gtfs_latitude":"40.828584","gtfs_longitude":"-73.879159","north_direction_label":"Northbound","south_direction_label":"Manhattan","ada":"0","ada_northbound":"0","ada_southbound":"0","ada_notes":null,":@computed_region_yamh_8v7k":"307",":@computed_region_wbg7_3whc":"709",":@computed_region_kjdx_g34t":"2032"}},
{"type":"Feature","geometry":{"type":"Point","coordinates":[-73.886283,40.826525]},"properties":{":id":"row-dbx8.i4f8-ihqy",":version":"rv-bh5m-hewu~imrq",":created_at":"2025-11-26T05:12:28.340Z",":updated_at":"2025-11-26T05:12:33.910Z","gtfs_stop_id":"612","station_id":"370","complex_id":"370","division":"IRT","line":"Pelham","stop_name":"Whitlock Av","borough":"Bx","cbd":"false","daytime_routes":"6","structure":"Elevated","gtfs_latitude":"40.826525","gtfs_longitude":"-73.886283","north_direction_label":"Northbound","south_direction_label":"Manhattan","ada":"0","ada_northbound":"0","ada_southbound":"0","ada_notes":null,":@computed_region_yamh_8v7k":"307",":@computed_region_wbg7_3whc":"655",":@computed_region_kjdx_g34t":"2032"}},
{"type":"Feature","geometry":{"type":"Point","coordinates":[-73.890549,40.820948]},"properties":{":id":"row-hsjm~s9ss~u859",":version":"rv-cgv9.jk94.htxh",":created_at":"2025-11-26T05:12:28.340Z",":updated_at":"2025-11-26T05:12:33.910Z","gtfs_stop_id":"613","station_id":"371","complex_id":"371","division":"IRT","line":"Pelham","stop_name":"Hunts Point Av","borough":"Bx","cbd":"false","daytime_routes":"6","structure":"Subway","gtfs_latitude":"40.820948","gtfs_longitude":"-73.890549","north_direction_label":"Northbound","south_direction_label":"Manhattan","ada":"1","ada_northbound":"1","ada_southbound":"1","ada_notes":null,":@computed_region_yamh_8v7k":"307",":@computed_region_wbg7_3whc":"655",":@computed_region_kjdx_g34t":"2032"}},
{"type":"Feature","geometry":{"type":"Point","coordinates":[-73.896435,40.816104]},"properties":{":id":"row-922m.vn46_axii",":version":"rv-udsz~az2i-uvkn",":created_at":"2025-11-26T05:12:28.340Z",":updated_at":"2025-11-26T05:12:33.910Z","gtfs_stop_id":"614","station_id":"372","complex_id":"372","division":"IRT","line":"Pelham","stop_name":"Longwood Av","borough":"Bx","cbd":"false","daytime_routes":"6","structure":"Subway","gtfs_latitude":"40.816104","gtfs_longitude":"-73.896435","north_direction_label":"Northbound","south_direction_label":"Manhattan","ada":"0","ada_northbound":"0","ada_southbound":"0","ada_notes":null,":@computed_region_yamh_8v7k":"307",":@computed_region_wbg7_3whc":"651",":@computed_region_kjdx_g34t":"2032"}},
{"type":"Feature","geometry":{"type":"Point","coordinates":[-73.904098,40.812118]},"properties":{":id":"row-74zd-ydrq.ry4i",":version":"rv-5etv_8md2.bzjr",":created_at":"2025-11-26T05:12:28.340Z",":updated_at":"2025-11-26T05:12:33.910Z","gtfs_stop_id":"615","station_id":"373","complex_id":"373","division":"IRT","line":"Pelham","stop_name":"E 149 St","borough":"Bx","cbd":"false","daytime_routes":"6","structure":"Subway","gtfs_latitude":"40.812118","gtfs_longitude":"-73.904098","north_direction_label":"Northbound","south_direction_label":"Manhattan","ada":"1","ada_northbound":"1","ada_southbound":"1","ada_notes":null,":@computed_region_yamh_8v7k":"307",":@computed_region_wbg7_3whc":"651",":@computed_region_kjdx_g34t":"2032"}},
{"type":"Feature","geometry":{"type":"Point","coordinates":[-73.907657,40.808719]},"properties":{":id":"row-kizv~bjv4-vism",":version":"rv-iwvh-574x-sfg6",":created_at":"2025-11-26T05:12:28.340Z",":updated_at":"2025-11-26T05:12:33.910Z","gtfs_stop_id":"616","station_id":"374","complex_id":"374","division":"IRT","line":"Pelham","stop_name":"E 143 St-St Mary's St","borough":"Bx","cbd":"false","daytime_routes":"6","structure":"Subway","gtfs_latitude":"40.808719","gtfs_longitude":"-73.907657","north_direction_label":"Northbound","south_direction_label":"Manhattan","ada":"0","ada_northbound":"0","ada_southbound":"0","ada_notes":null,":@computed_region_yamh_8v7k":"307",":@computed_region_wbg7_3whc":"650",":@computed_region_kjdx_g34t":"2032"}},
{"type":"Feature","geometry":{"type":"Point","coordinates":[-73.914042,40.805368]},"properties":{":id":"row-dxhn~m4r2.nwgw",":version":"rv-vqyg-msza~9vvx",":created_at":"2025-11-26T05:12:28.340Z",":updated_at":"2025-11-26T05:12:33.910Z","gtfs_stop_id":"617","station_id":"375","complex_id":"375","division":"IRT","line":"Pelham","stop_name":"Cypress Av","borough":"Bx","cbd":"false","daytime_routes":"6","structure":"Subway","gtfs_latitude":"40.805368","gtfs_longitude":"-73.914042","north_direction_label":"Northbound","south_direction_label":"Manhattan","ada":"0","ada_northbound":"0","ada_southbound":"0","ada_notes":null,":@computed_region_yamh_8v7k":"307",":@computed_region_wbg7_3whc":"650",":@computed_region_kjdx_g34t":"2032"}},
{"type":"Feature","geometry":{"type":"Point","coordinates":[-73.91924,40.807566]},"properties":{":id":"row-mpva~w24w-9vgw",":version":"rv-8kb3_8fyp~fdjt",":created_at":"2025-11-26T05:12:28.340Z",":updated_at":"2025-11-26T05:12:33.910Z","gtfs_stop_id":"618","station_id":"376","complex_id":"376","division":"IRT","line":"Pelham","stop_name":"Brook Av","borough":"Bx","cbd":"false","daytime_routes":"6","structure":"Subway","gtfs_latitude":"40.807566","gtfs_longitude":"-73.91924","north_direction_label":"Northbound","south_direction_label":"Manhattan","ada":"0","ada_northbound":"0","ada_southbound":"0","ada_notes":null,":@computed_region_yamh_8v7k":"307",":@computed_region_wbg7_3whc":"650",":@computed_region_kjdx_g34t":"2095"}},
{"type":"Feature","geometry":{"type":"Point","coordinates":[-73.926138,40.810476]},"properties":{":id":"row-qdxg_tvze_sdp7",":version":"rv-xsk6.ddd8~c7fb",":created_at":"2025-11-26T05:12:28.340Z",":updated_at":"2025-11-26T05:12:33.910Z","gtfs_stop_id":"619","station_id":"377","complex_id":"377","division":"IRT","line":"Pelham","stop_name":"3 Av-138 St","borough":"Bx","cbd":"false","daytime_routes":"6","structure":"Subway","gtfs_latitude":"40.810476","gtfs_longitude":"-73.926138","north_direction_label":"Northbound","south_direction_label":"Manhattan","ada":"0","ada_northbound":"0","ada_southbound":"0","ada_notes":null,":@computed_region_yamh_8v7k":"307",":@computed_region_wbg7_3whc":"650",":@computed_region_kjdx_g34t":"2095"}},
{"type":"Feature","geometry":{"type":"Point","coordinates":[-73.878751,40.886037]},"properties":{":id":"row-ie2c_jkh2.gv2p",":version":"rv-j7jd~dviu~u9fc",":created_at":"2025-11-26T05:12:28.340Z",":updated_at":"2025-11-26T05:12:33.910Z","gtfs_stop_id":"401","station_id":"378","complex_id":"378","division":"IRT","line":"Jerome Av","stop_name":"Woodlawn","borough":"Bx","cbd":"false","daytime_routes":"4","structure":"Elevated","gtfs_latitude":"40.886037","gtfs_longitude":"-73.878751","north_direction_label":"Last Stop","south_direction_label":"Manhattan","ada":"0","ada_northbound":"0","ada_southbound":"0","ada_notes":null,":@computed_region_yamh_8v7k":"307",":@computed_region_wbg7_3whc":"704",":@computed_region_kjdx_g34t":"2032"}},
{"type":"Feature","geometry":{"type":"Point","coordinates":[-73.884655,40.87975]},"properties":{":id":"row-dtnh~cq63.h7dz",":version":"rv-q6hp_eq4h_6vfb",":created_at":"2025-11-26T05:12:28.340Z",":updated_at":"2025-11-26T05:12:33.910Z","gtfs_stop_id":"402","station_id":"379","complex_id":"379","division":"IRT","line":"Jerome Av","stop_name":"Mosholu Pkwy","borough":"Bx","cbd":"false","daytime_routes":"4","structure":"Elevated","gtfs_latitude":"40.87975","gtfs_longitude":"-73.884655","north_direction_label":"Woodlawn","south_direction_label":"Manhattan","ada":"1","ada_northbound":"1","ada_southbound":"1","ada_notes":null,":@computed_region_yamh_8v7k":"307",":@computed_region_wbg7_3whc":"704",":@computed_region_kjdx_g34t":"2032"}},
{"type":"Feature","geometry":{"type":"Point","coordinates":[-73.890064,40.873412]},"properties":{":id":"row-2dre-hymv_62pg",":version":"rv-eamn-txfu-qna9",":created_at":"2025-11-26T05:12:28.340Z",":updated_at":"2025-11-26T05:12:33.910Z","gtfs_stop_id":"405","station_id":"380","complex_id":"380","division":"IRT","line":"Jerome Av","stop_name":"Bedford Park Blvd-Lehman College","borough":"Bx","cbd":"false","daytime_routes":"4","structure":"Elevated","gtfs_latitude":"40.873412","gtfs_longitude":"-73.890064","north_direction_label":"Northbound","south_direction_label":"Manhattan","ada":"0","ada_northbound":"0","ada_southbound":"0","ada_notes":null,":@computed_region_yamh_8v7k":"307",":@computed_region_wbg7_3whc":"705",":@computed_region_kjdx_g34t":"2032"}},
{"type":"Feature","geometry":{"type":"Point","coordinates":[-73.897174,40.86776]},"properties":{":id":"row-7jnv.ewa8-ntvq",":version":"rv-9vip~h53e~db4t",":created_at":"2025-11-26T05:12:28.340Z",":updated_at":"2025-11-26T05:12:33.910Z","gtfs_stop_id":"406","station_id":"381","complex_id":"381","division":"IRT","line":"Jerome Av","stop_name":"Kingsbridge Rd","borough":"Bx","cbd":"false","daytime_routes":"4","structure":"Elevated","gtfs_latitude":"40.86776","gtfs_longitude":"-73.897174","north_direction_label":"Northbound","south_direction_label":"Manhattan","ada":"0","ada_northbound":"0","ada_southbound":"0","ada_notes":null,":@computed_region_yamh_8v7k":"307",":@computed_region_wbg7_3whc":"705",":@computed_region_kjdx_g34t":"2032"}},
{"type":"Feature","geometry":{"type":"Point","coordinates":[-73.901034,40.862803]},"properties":{":id":"row-xcbn_u6xj-dcj7",":version":"rv-rrav_2vrf.zrik",":created_at":"2025-11-26T05:12:28.340Z",":updated_at":"2025-11-26T05:12:33.910Z","gtfs_stop_id":"407","station_id":"382","complex_id":"382","division":"IRT","line":"Jerome Av","stop_name":"Fordham Rd","borough":"Bx","cbd":"false","daytime_routes":"4","structure":"Elevated","gtfs_latitude":"40.862803","gtfs_longitude":"-73.901034","north_direction_label":"Northbound","south_direction_label":"Manhattan","ada":"1","ada_northbound":"1","ada_southbound":"1","ada_notes":null,":@computed_region_yamh_8v7k":"307",":@computed_region_wbg7_3whc":"705",":@computed_region_kjdx_g34t":"2032"}},
{"type":"Feature","geometry":{"type":"Point","coordinates":[-73.903879,40.858407]},"properties":{":id":"row-kdxd_hg33-5yti",":version":"rv-pn6i~pg77-u77j",":created_at":"2025-11-26T05:12:28.340Z",":updated_at":"2025-11-26T05:12:33.910Z","gtfs_stop_id":"408","station_id":"383","complex_id":"383","division":"IRT","line":"Jerome Av","stop_name":"183 St","borough":"Bx","cbd":"false","daytime_routes":"4","structure":"Elevated","gtfs_latitude":"40.858407","gtfs_longitude":"-73.903879","north_direction_label":"Northbound","south_direction_label":"Manhattan","ada":"0","ada_northbound":"0","ada_southbound":"0","ada_notes":null,":@computed_region_yamh_8v7k":"307",":@computed_region_wbg7_3whc":"649",":@computed_region_kjdx_g34t":"2032"}},
{"type":"Feature","geometry":{"type":"Point","coordinates":[-73.907684,40.853453]},"properties":{":id":"row-d2cq.743r_78gx",":version":"rv-stz5-8ve3.t9ng",":created_at":"2025-11-26T05:12:28.340Z",":updated_at":"2025-11-26T05:12:33.910Z","gtfs_stop_id":"409","station_id":"384","complex_id":"384","division":"IRT","line":"Jerome Av","stop_name":"Burnside Av","borough":"Bx","cbd":"false","daytime_routes":"4","structure":"Elevated","gtfs_latitude":"40.853453","gtfs_longitude":"-73.907684","north_direction_label":"Northbound","south_direction_label":"Manhattan","ada":"0","ada_northbound":"0","ada_southbound":"0","ada_notes":null,":@computed_region_yamh_8v7k":"307",":@computed_region_wbg7_3whc":"649",":@computed_region_kjdx_g34t":"2032"}},
{"type":"Feature","geometry":{"type":"Point","coordinates":[-73.911794,40.84848]},"properties":{":id":"row-e6yj-et3t~9nha",":version":"rv-a9t8-ymh3~cif4",":created_at":"2025-11-26T05:12:28.340Z",":updated_at":"2025-11-26T05:12:33.910Z","gtfs_stop_id":"410","station_id":"385","complex_id":"385","division":"IRT","line":"Jerome Av","stop_name":"176 St","borough":"Bx","cbd":"false","daytime_routes":"4","structure":"Elevated","gtfs_latitude":"40.84848","gtfs_longitude":"-73.911794","north_direction_label":"Northbound","south_direction_label":"Manhattan","ada":"0","ada_northbound":"0","ada_southbound":"0","ada_notes":null,":@computed_region_yamh_8v7k":"307",":@computed_region_wbg7_3whc":"649",":@computed_region_kjdx_g34t":"2032"}},
{"type":"Feature","geometry":{"type":"Point","coordinates":[-73.914685,40.844434]},"properties":{":id":"row-3q7q_nkqw.g636",":version":"rv-jk2b~tf4y-8jge",":created_at":"2025-11-26T05:12:28.340Z",":updated_at":"2025-11-26T05:12:33.910Z","gtfs_stop_id":"411","station_id":"386","complex_id":"386","division":"IRT","line":"Jerome Av","stop_name":"Mt Eden Av","borough":"Bx","cbd":"false","daytime_routes":"4","structure":"Elevated","gtfs_latitude":"40.844434","gtfs_longitude":"-73.914685","north_direction_label":"Northbound","south_direction_label":"Manhattan","ada":"0","ada_northbound":"0","ada_southbound":"0","ada_notes":null,":@computed_region_yamh_8v7k":"307",":@computed_region_wbg7_3whc":"648",":@computed_region_kjdx_g34t":"2032"}},
{"type":"Feature","geometry":{"type":"Point","coordinates":[-73.917791,40.840075]},"properties":{":id":"row-ny5a.s6r8_e46q",":version":"rv-tjic.fz7h-r6cw",":created_at":"2025-11-26T05:12:28.340Z",":updated_at":"2025-11-26T05:12:33.910Z","gtfs_stop_id":"412","station_id":"387","complex_id":"387","division":"IRT","line":"Jerome Av","stop_name":"170 St","borough":"Bx","cbd":"false","daytime_routes":"4","structure":"Elevated","gtfs_latitude":"40.840075","gtfs_longitude":"-73.917791","north_direction_label":"Northbound","south_direction_label":"Manhattan","ada":"1","ada_northbound":"1","ada_southbound":"1","ada_notes":null,":@computed_region_yamh_8v7k":"307",":@computed_region_wbg7_3whc":"648",":@computed_region_kjdx_g34t":"2032"}},
{"type":"Feature","geometry":{"type":"Point","coordinates":[-73.9214,40.835537]},"properties":{":id":"row-zrcm~npxf.c7z3",":version":"rv-s7w3-4nnb~f4y8",":created_at":"2025-11-26T05:12:28.340Z",":updated_at":"2025-11-26T05:12:33.910Z","gtfs_stop_id":"413","station_id":"388","complex_id":"388","division":"IRT","line":"Jerome Av","stop_name":"167 St","borough":"Bx","cbd":"false","daytime_routes":"4","structure":"Elevated","gtfs_latitude":"40.835537","gtfs_longitude":"-73.9214","north_direction_label":"Northbound","south_direction_label":"Manhattan","ada":"0","ada_northbound":"0","ada_southbound":"0","ada_notes":null,":@computed_region_yamh_8v7k":"307",":@computed_region_wbg7_3whc":"648",":@computed_region_kjdx_g34t":"2032"}},
{"type":"Feature","geometry":{"type":"Point","coordinates":[-73.925831,40.827994]},"properties":{":id":"row-2n8k-3qnz.hqu7",":version":"rv-jrap~enb2~r4qt",":created_at":"2025-11-26T05:12:28.340Z",":updated_at":"2025-11-26T05:12:33.910Z","gtfs_stop_id":"414","station_id":"389","complex_id":"604","division":"IRT","line":"Jerome Av","stop_name":"161 St-Yankee Stadium","borough":"Bx","cbd":"false","daytime_routes":"4","structure":"Elevated","gtfs_latitude":"40.827994","gtfs_longitude":"-73.925831","north_direction_label":"Northbound","south_direction_label":"Manhattan","ada":"1","ada_northbound":"1","ada_southbound":"1","ada_notes":null,":@computed_region_yamh_8v7k":"307",":@computed_region_wbg7_3whc":"647",":@computed_region_kjdx_g34t":"2032"}},
{"type":"Feature","geometry":{"type":"Point","coordinates":[-73.927351,40.818375]},"properties":{":id":"row-xuxj~d4fy-49km",":version":"rv-ahe4_uzsv_j34m",":created_at":"2025-11-26T05:12:28.340Z",":updated_at":"2025-11-26T05:12:33.910Z","gtfs_stop_id":"415","station_id":"390","complex_id":"603","division":"IRT","line":"Jerome Av","stop_name":"149 St-Grand Concourse","borough":"Bx","cbd":"false","daytime_routes":"4","structure":"Subway","gtfs_latitude":"40.818375","gtfs_longitude":"-73.927351","north_direction_label":"Northbound","south_direction_label":"Manhattan","ada":"0","ada_northbound":"0","ada_southbound":"0","ada_notes":null,":@computed_region_yamh_8v7k":"307",":@computed_region_wbg7_3whc":"647",":@computed_region_kjdx_g34t":"2095"}},
{"type":"Feature","geometry":{"type":"Point","coordinates":[-73.929849,40.813224]},"properties":{":id":"row-7wsv~nia7-nxsa",":version":"rv-tu6d-crck_zmhz",":created_at":"2025-11-26T05:12:28.340Z",":updated_at":"2025-11-26T05:12:33.910Z","gtfs_stop_id":"416","station_id":"391","complex_id":"391","division":"IRT","line":"Jerome Av","stop_name":"138 St-Grand Concourse","borough":"Bx","cbd":"false","daytime_routes":"4 5","structure":"Subway","gtfs_latitude":"40.813224","gtfs_longitude":"-73.929849","north_direction_label":"Northbound","south_direction_label":"Manhattan","ada":"0","ada_northbound":"0","ada_southbound":"0","ada_notes":null,":@computed_region_yamh_8v7k":"307",":@computed_region_wbg7_3whc":"647",":@computed_region_kjdx_g34t":"2095"}},
{"type":"Feature","geometry":{"type":"Point","coordinates":[-73.937594,40.804138]},"properties":{":id":"row-4wrh.2utv~3rfc",":version":"rv-bvc2~gvbi~ajp4",":created_at":"2025-11-26T05:12:28.340Z",":updated_at":"2025-11-26T05:12:33.910Z","gtfs_stop_id":"621","station_id":"392","complex_id":"392","division":"IRT","line":"Lexington Av","stop_name":"125 St","borough":"M","cbd":"false","daytime_routes":"4 5 6","structure":"Subway","gtfs_latitude":"40.804138","gtfs_longitude":"-73.937594","north_direction_label":"The Bronx","south_direction_label":"Downtown","ada":"1","ada_northbound":"1","ada_southbound":"1","ada_notes":null,":@computed_region_yamh_8v7k":"749",":@computed_region_wbg7_3whc":"794",":@computed_region_kjdx_g34t":"2095"}},
{"type":"Feature","geometry":{"type":"Point","coordinates":[-73.941617,40.798629]},"properties":{":id":"row-2gtk_zgev.5ya9",":version":"rv-ytap.kyzg_2cpu",":created_at":"2025-11-26T05:12:28.340Z",":updated_at":"2025-11-26T05:12:33.910Z","gtfs_stop_id":"622","station_id":"393","complex_id":"393","division":"IRT","line":"Lexington Av","stop_name":"116 St","borough":"M","cbd":"false","daytime_routes":"6","structure":"Subway","gtfs_latitude":"40.798629","gtfs_longitude":"-73.941617","north_direction_label":"The Bronx","south_direction_label":"Downtown","ada":"0","ada_northbound":"0","ada_southbound":"0","ada_notes":null,":@computed_region_yamh_8v7k":"749",":@computed_region_wbg7_3whc":"756",":@computed_region_kjdx_g34t":"2095"}},
{"type":"Feature","geometry":{"type":"Point","coordinates":[-73.94425,40.79502]},"properties":{":id":"row-77sv-rvgk.mnja",":version":"rv-frej-4afs_tnbm",":created_at":"2025-11-26T05:12:28.340Z",":updated_at":"2025-11-26T05:12:33.910Z","gtfs_stop_id":"623","station_id":"394","complex_id":"394","division":"IRT","line":"Lexington Av","stop_name":"110 St","borough":"M","cbd":"false","daytime_routes":"6","structure":"Subway","gtfs_latitude":"40.79502","gtfs_longitude":"-73.94425","north_direction_label":"The Bronx","south_direction_label":"Downtown","ada":"0","ada_northbound":"0","ada_southbound":"0","ada_notes":null,":@computed_region_yamh_8v7k":"749",":@computed_region_wbg7_3whc":"756",":@computed_region_kjdx_g34t":"2095"}},
{"type":"Feature","geometry":{"type":"Point","coordinates":[-73.947478,40.7906]},"properties":{":id":"row-yikv.vmhu~23mh",":version":"rv-nzae~n5pe_6nqu",":created_at":"2025-11-26T05:12:28.340Z",":updated_at":"2025-11-26T05:12:33.910Z","gtfs_stop_id":"624","station_id":"395","complex_id":"395","division":"IRT","line":"Lexington Av","stop_name":"103 St","borough":"M","cbd":"false","daytime_routes":"6","structure":"Subway","gtfs_latitude":"40.7906","gtfs_longitude":"-73.947478","north_direction_label":"The Bronx","south_direction_label":"Downtown","ada":"0","ada_northbound":"0","ada_southbound":"0","ada_notes":null,":@computed_region_yamh_8v7k":"749",":@computed_region_wbg7_3whc":"756",":@computed_region_kjdx_g34t":"2095"}},
{"type":"Feature","geometry":{"type":"Point","coordinates":[-73.95107,40.785672]},"properties":{":id":"row-t257_p5nt~v6ym",":version":"rv-i64c~446p~c3u4",":created_at":"2025-11-26T05:12:28.340Z",":updated_at":"2025-11-26T05:12:33.910Z","gtfs_stop_id":"625","station_id":"396","complex_id":"396","division":"IRT","line":"Lexington Av","stop_name":"96 St","borough":"M","cbd":"false","daytime_routes":"6","structure":"Subway","gtfs_latitude":"40.785672","gtfs_longitude":"-73.95107","north_direction_label":"The Bronx","south_direction_label":"Downtown","ada":"0","ada_northbound":"0","ada_southbound":"0","ada_notes":null,":@computed_region_yamh_8v7k":"749",":@computed_region_wbg7_3whc":"583",":@computed_region_kjdx_g34t":"2095"}},
{"type":"Feature","geometry":{"type":"Point","coordinates":[-73.955589,40.779492]},"properties":{":id":"row-3rps_sp3n~zxc7",":version":"rv-3iyd_mcac-apec",":created_at":"2025-11-26T05:12:28.340Z",":updated_at":"2025-11-26T05:12:33.910Z","gtfs_stop_id":"626","station_id":"397","complex_id":"397","division":"IRT","line":"Lexington Av","stop_name":"86 St","borough":"M","cbd":"false","daytime_routes":"4 5 6","structure":"Subway","gtfs_latitude":"40.779492","gtfs_longitude":"-73.955589","north_direction_label":"Uptown","south_direction_label":"Downtown","ada":"2","ada_northbound":"1","ada_southbound":"0","ada_notes":"Uptown local only",":@computed_region_yamh_8v7k":"749",":@computed_region_wbg7_3whc":"755",":@computed_region_kjdx_g34t":"2095"}},
{"type":"Feature","geometry":{"type":"Point","coordinates":[-73.959874,40.77362]},"properties":{":id":"row-9jic.6ud3~7x2p",":version":"rv-ipg4-zjuu~pgc9",":created_at":"2025-11-26T05:12:28.340Z",":updated_at":"2025-11-26T05:12:33.910Z","gtfs_stop_id":"627","station_id":"398","complex_id":"398","division":"IRT","line":"Lexington Av","stop_name":"77 St","borough":"M","cbd":"false","daytime_routes":"6","structure":"Subway","gtfs_latitude":"40.77362","gtfs_longitude":"-73.959874","north_direction_label":"Uptown","south_direction_label":"Downtown","ada":"0","ada_northbound":"0","ada_southbound":"0","ada_notes":null,":@computed_region_yamh_8v7k":"749",":@computed_region_wbg7_3whc":"744",":@computed_region_kjdx_g34t":"2095"}},
{"type":"Feature","geometry":{"type":"Point","coordinates":[-73.96387,40.768141]},"properties":{":id":"row-ze8a~rtgu_pac6",":version":"rv-ank8.tubb-kypr",":created_at":"2025-11-26T05:12:28.340Z",":updated_at":"2025-11-26T05:12:33.910Z","gtfs_stop_id":"628","station_id":"399","complex_id":"399","division":"IRT","line":"Lexington Av","stop_name":"68 St-Hunter College","borough":"M","cbd":"false","daytime_routes":"6","structure":"Subway","gtfs_latitude":"40.768141","gtfs_longitude":"-73.96387","north_direction_label":"Uptown","south_direction_label":"Downtown","ada":"1","ada_northbound":"1","ada_southbound":"1","ada_notes":null,":@computed_region_yamh_8v7k":"749",":@computed_region_wbg7_3whc":null,":@computed_region_kjdx_g34t":"2095"}},
{"type":"Feature","geometry":{"type":"Point","coordinates":[-73.967967,40.762526]},"properties":{":id":"row-c3jb.tpqk_zdiy",":version":"rv-dvw4~5564~7r8j",":created_at":"2025-11-26T05:12:28.340Z",":updated_at":"2025-11-26T05:12:33.910Z","gtfs_stop_id":"629","station_id":"400","complex_id":"613","division":"IRT","line":"Lexington Av","stop_name":"59 St","borough":"M","cbd":"true","daytime_routes":"4 5 6","structure":"Subway","gtfs_latitude":"40.762526","gtfs_longitude":"-73.967967","north_direction_label":"Uptown","south_direction_label":"Downtown","ada":"0","ada_northbound":"0","ada_southbound":"0","ada_notes":null,":@computed_region_yamh_8v7k":"749",":@computed_region_wbg7_3whc":"749",":@computed_region_kjdx_g34t":"2095"}},
{"type":"Feature","geometry":{"type":"Point","coordinates":[-73.97192,40.757107]},"properties":{":id":"row-bxz4~cnuu-tn3p",":version":"rv-tnvv.i925.gw6q",":created_at":"2025-11-26T05:12:28.340Z",":updated_at":"2025-11-26T05:12:33.910Z","gtfs_stop_id":"630","station_id":"401","complex_id":"612","division":"IRT","line":"Lexington Av","stop_name":"51 St","borough":"M","cbd":"true","daytime_routes":"6","structure":"Subway","gtfs_latitude":"40.757107","gtfs_longitude":"-73.97192","north_direction_label":"Uptown","south_direction_label":"Downtown","ada":"1","ada_northbound":"1","ada_southbound":"1","ada_notes":null,":@computed_region_yamh_8v7k":"749",":@computed_region_wbg7_3whc":"749",":@computed_region_kjdx_g34t":"2095"}},
{"type":"Feature","geometry":{"type":"Point","coordinates":[-73.976848,40.751776]},"properties":{":id":"row-rn5v.4zh5-ktuy",":version":"rv-qxch~ezyi_m7cc",":created_at":"2025-11-26T05:12:28.340Z",":updated_at":"2025-11-26T05:12:33.910Z","gtfs_stop_id":"631","station_id":"402","complex_id":"610","division":"IRT","line":"Lexington Av","stop_name":"Grand Central-42 St","borough":"M","cbd":"true","daytime_routes":"4 5 6","structure":"Subway","gtfs_latitude":"40.751776","gtfs_longitude":"-73.976848","north_direction_label":"Uptown","south_direction_label":"Downtown","ada":"1","ada_northbound":"1","ada_southbound":"1","ada_notes":null,":@computed_region_yamh_8v7k":"749",":@computed_region_wbg7_3whc":"590",":@computed_region_kjdx_g34t":"2095"}},
{"type":"Feature","geometry":{"type":"Point","coordinates":[-73.982076,40.746081]},"properties":{":id":"row-uywe.xmhh.49bq",":version":"rv-rn5v_2ji8.7w2a",":created_at":"2025-11-26T05:12:28.340Z",":updated_at":"2025-11-26T05:12:33.910Z","gtfs_stop_id":"632","station_id":"403","complex_id":"403","division":"IRT","line":"Lexington Av","stop_name":"33 St","borough":"M","cbd":"true","daytime_routes":"6","structure":"Subway","gtfs_latitude":"40.746081","gtfs_longitude":"-73.982076","north_direction_label":"Uptown","south_direction_label":"Downtown","ada":"0","ada_northbound":"0","ada_southbound":"0","ada_notes":null,":@computed_region_yamh_8v7k":"749",":@computed_region_wbg7_3whc":"739",":@computed_region_kjdx_g34t":"2095"}},
{"type":"Feature","geometry":{"type":"Point","coordinates":[-73.984264,40.74307]},"properties":{":id":"row-59mc~xra3.5ued",":version":"rv-k84q~m3dt-ap43",":created_at":"2025-11-26T05:12:28.340Z",":updated_at":"2025-11-26T05:12:33.910Z","gtfs_stop_id":"633","station_id":"404","complex_id":"404","division":"IRT","line":"Lexington Av","stop_name":"28 St","borough":"M","cbd":"true","daytime_routes":"6","structure":"Subway","gtfs_latitude":"40.74307","gtfs_longitude":"-73.984264","north_direction_label":"Uptown","south_direction_label":"Downtown","ada":"2","ada_northbound":"0","ada_southbound":"1","ada_notes":"Downtown only",":@computed_region_yamh_8v7k":"749",":@computed_region_wbg7_3whc":"739",":@computed_region_kjdx_g34t":"2095"}},
{"type":"Feature","geometry":{"type":"Point","coordinates":[-73.986599,40.739864]},"properties":{":id":"row-wcd3.q8py~atyt",":version":"rv-stre~kkga.348f",":created_at":"2025-11-26T05:12:28.340Z",":updated_at":"2025-11-26T05:12:33.910Z","gtfs_stop_id":"634","station_id":"405","complex_id":"405","division":"IRT","line":"Lexington Av","stop_name":"23 St-Baruch College","borough":"M","cbd":"true","daytime_routes":"6","structure":"Subway","gtfs_latitude":"40.739864","gtfs_longitude":"-73.986599","north_direction_label":"Uptown","south_direction_label":"Downtown","ada":"1","ada_northbound":"1","ada_southbound":"1","ada_notes":null,":@computed_region_yamh_8v7k":"749",":@computed_region_wbg7_3whc":"734",":@computed_region_kjdx_g34t":"2095"}},
{"type":"Feature","geometry":{"type":"Point","coordinates":[-73.989951,40.734673]},"properties":{":id":"row-nykn_xjpj~c5ib",":version":"rv-mnsn.3g8x_p2fn",":created_at":"2025-11-26T05:12:28.340Z",":updated_at":"2025-11-26T05:12:33.910Z","gtfs_stop_id":"635","station_id":"406","complex_id":"602","division":"IRT","line":"Lexington Av","stop_name":"14 St-Union Sq","borough":"M","cbd":"true","daytime_routes":"4 5 6","structure":"Subway","gtfs_latitude":"40.734673","gtfs_longitude":"-73.989951","north_direction_label":"Uptown","south_direction_label":"Downtown","ada":"0","ada_northbound":"0","ada_southbound":"0","ada_notes":null,":@computed_region_yamh_8v7k":"749",":@computed_region_wbg7_3whc":"719",":@computed_region_kjdx_g34t":"2095"}},
{"type":"Feature","geometry":{"type":"Point","coordinates":[-73.99107,40.730054]},"properties":{":id":"row-dqau_pub2~4emk",":version":"rv-ev6a.rtmf_a6ax",":created_at":"2025-11-26T05:12:28.340Z",":updated_at":"2025-11-26T05:12:33.910Z","gtfs_stop_id":"636","station_id":"407","complex_id":"407","division":"IRT","line":"Lexington Av","stop_name":"Astor Pl","borough":"M","cbd":"true","daytime_routes":"6","structure":"Subway","gtfs_latitude":"40.730054","gtfs_longitude":"-73.99107","north_direction_label":"Uptown","south_direction_label":"Downtown","ada":"0","ada_northbound":"0","ada_southbound":"0","ada_notes":null,":@computed_region_yamh_8v7k":"749",":@computed_region_wbg7_3whc":"719",":@computed_region_kjdx_g34t":"2095"}},
{"type":"Feature","geometry":{"type":"Point","coordinates":[-73.994659,40.725915]},"properties":{":id":"row-wx9j~jjhp.p94p",":version":"rv-qvwt-3av6.b35p",":created_at":"2025-11-26T05:12:28.340Z",":updated_at":"2025-11-26T05:12:33.910Z","gtfs_stop_id":"637","station_id":"408","complex_id":"619","division":"IRT","line":"Lexington Av","stop_name":"Bleecker St","borough":"M","cbd":"true","daytime_routes":"6","structure":"Subway","gtfs_latitude":"40.725915","gtfs_longitude":"-73.994659","north_direction_label":"Uptown","south_direction_label":"Downtown","ada":"1","ada_northbound":"1","ada_southbound":"1","ada_notes":null,":@computed_region_yamh_8v7k":"749",":@computed_region_wbg7_3whc":"736",":@computed_region_kjdx_g34t":"2095"}},
{"type":"Feature","geometry":{"type":"Point","coordinates":[-73.997141,40.722301]},"properties":{":id":"row-ttcj~ps8k.9trc",":version":"rv-kx89~qygh.gidx",":created_at":"2025-11-26T05:12:28.340Z",":updated_at":"2025-11-26T05:12:33.910Z","gtfs_stop_id":"638","station_id":"409","complex_id":"409","division":"IRT","line":"Lexington Av","stop_name":"Spring St","borough":"M","cbd":"true","daytime_routes":"6","structure":"Subway","gtfs_latitude":"40.722301","gtfs_longitude":"-73.997141","north_direction_label":"Uptown","south_direction_label":"Downtown","ada":"0","ada_northbound":"0","ada_southbound":"0","ada_notes":null,":@computed_region_yamh_8v7k":"749",":@computed_region_wbg7_3whc":"736",":@computed_region_kjdx_g34t":"2095"}},
{"type":"Feature","geometry":{"type":"Point","coordinates":[-74.000193,40.718803]},"properties":{":id":"row-69kp~zh58~jjg2",":version":"rv-e4gc~bzji_h5iu",":created_at":"2025-11-26T05:12:28.340Z",":updated_at":"2025-11-26T05:12:33.910Z","gtfs_stop_id":"639","station_id":"410","complex_id":"623","division":"IRT","line":"Lexington Av","stop_name":"Canal St","borough":"M","cbd":"true","daytime_routes":"6","structure":"Subway","gtfs_latitude":"40.718803","gtfs_longitude":"-74.000193","north_direction_label":"Uptown","south_direction_label":"Downtown","ada":"1","ada_northbound":"1","ada_southbound":"1","ada_notes":null,":@computed_region_yamh_8v7k":"749",":@computed_region_wbg7_3whc":"737",":@computed_region_kjdx_g34t":"2095"}},
{"type":"Feature","geometry":{"type":"Point","coordinates":[-74.004131,40.713065]},"properties":{":id":"row-5i6e.hiqf-5ijh",":version":"rv-bw4t-288w-vqfn",":created_at":"2025-11-26T05:12:28.340Z",":updated_at":"2025-11-26T05:12:33.910Z","gtfs_stop_id":"640","station_id":"411","complex_id":"622","division":"IRT","line":"Lexington Av","stop_name":"Brooklyn Bridge-City Hall","borough":"M","cbd":"true","daytime_routes":"4 5 6","structure":"Subway","gtfs_latitude":"40.713065","gtfs_longitude":"-74.004131","north_direction_label":"Uptown","south_direction_label":"Downtown","ada":"1","ada_northbound":"1","ada_southbound":"1","ada_notes":null,":@computed_region_yamh_8v7k":"749",":@computed_region_wbg7_3whc":"723",":@computed_region_kjdx_g34t":"2095"}},
{"type":"Feature","geometry":{"type":"Point","coordinates":[-74.009509,40.710368]},"properties":{":id":"row-3gc8~g4q3_2fn2",":version":"rv-uv6x~r82q-q3p8",":created_at":"2025-11-26T05:12:28.340Z",":updated_at":"2025-11-26T05:12:33.910Z","gtfs_stop_id":"418","station_id":"412","complex_id":"628","division":"IRT","line":"Lexington Av","stop_name":"Fulton St","borough":"M","cbd":"true","daytime_routes":"4 5","structure":"Subway","gtfs_latitude":"40.710368","gtfs_longitude":"-74.009509","north_direction_label":"Uptown","south_direction_label":"Downtown","ada":"1","ada_northbound":"1","ada_southbound":"1","ada_notes":null,":@computed_region_yamh_8v7k":"749",":@computed_region_wbg7_3whc":"723",":@computed_region_kjdx_g34t":"2095"}},
{"type":"Feature","geometry":{"type":"Point","coordinates":[-74.011862,40.707557]},"properties":{":id":"row-yvmm.gmha_bx6a",":version":"rv-mvjm_injw.xw2h",":created_at":"2025-11-26T05:12:28.340Z",":updated_at":"2025-11-26T05:12:33.910Z","gtfs_stop_id":"419","station_id":"413","complex_id":"413","division":"IRT","line":"Lexington Av","stop_name":"Wall St","borough":"M","cbd":"true","daytime_routes":"4 5","structure":"Subway","gtfs_latitude":"40.707557","gtfs_longitude":"-74.011862","north_direction_label":"Uptown","south_direction_label":"Downtown","ada":"0","ada_northbound":"0","ada_southbound":"0","ada_notes":null,":@computed_region_yamh_8v7k":"749",":@computed_region_wbg7_3whc":"721",":@computed_region_kjdx_g34t":"2095"}},
{"type":"Feature","geometry":{"type":"Point","coordinates":[-74.014065,40.704817]},"properties":{":id":"row-kkec_3rqp.gnmv",":version":"rv-w94n-94e8_3gzw",":created_at":"2025-11-26T05:12:28.340Z",":updated_at":"2025-11-26T05:12:33.910Z","gtfs_stop_id":"420","station_id":"414","complex_id":"414","division":"IRT","line":"Lexington Av","stop_name":"Bowling Green","borough":"M","cbd":"true","daytime_routes":"4 5","structure":"Subway","gtfs_latitude":"40.704817","gtfs_longitude":"-74.014065","north_direction_label":"Uptown","south_direction_label":"Downtown","ada":"1","ada_northbound":"1","ada_southbound":"1","ada_notes":null,":@computed_region_yamh_8v7k":"749",":@computed_region_wbg7_3whc":"720",":@computed_region_kjdx_g34t":"2095"}},
{"type":"Feature","geometry":{"type":"Point","coordinates":[-73.990151,40.692404]},"properties":{":id":"row-bq53.8e36-c4y9",":version":"rv-xw36~wp7b_smj4",":created_at":"2025-11-26T05:12:28.340Z",":updated_at":"2025-11-26T05:12:33.910Z","gtfs_stop_id":"423","station_id":"415","complex_id":"620","division":"IRT","line":"Eastern Pky","stop_name":"Borough Hall","borough":"Bk","cbd":"false","daytime_routes":"4 5","structure":"Subway","gtfs_latitude":"40.692404","gtfs_longitude":"-73.990151","north_direction_label":"Manhattan","south_direction_label":"Outbound","ada":"2","ada_northbound":"1","ada_southbound":"0","ada_notes":"Manhattan-bound only",":@computed_region_yamh_8v7k":"894",":@computed_region_wbg7_3whc":"880",":@computed_region_kjdx_g34t":"2090"}},
{"type":"Feature","geometry":{"type":"Point","coordinates":[-73.85062,40.903125]},"properties":{":id":"row-uzvv~5qwy.nyrt",":version":"rv-gxwe_sfet-t4cx",":created_at":"2025-11-26T05:12:28.340Z",":updated_at":"2025-11-26T05:12:33.910Z","gtfs_stop_id":"201","station_id":"416","complex_id":"416","division":"IRT","line":"Lenox - White Plains Rd","stop_name":"Wakefield-241 St","borough":"Bx","cbd":"false","daytime_routes":"2","structure":"Elevated","gtfs_latitude":"40.903125","gtfs_longitude":"-73.85062","north_direction_label":"Last Stop","south_direction_label":"Manhattan","ada":"0","ada_northbound":"0","ada_southbound":"0","ada_notes":null,":@computed_region_yamh_8v7k":"307",":@computed_region_wbg7_3whc":"707",":@computed_region_kjdx_g34t":"2185"}},
{"type":"Feature","geometry":{"type":"Point","coordinates":[-73.854376,40.898379]},"properties":{":id":"row-dk89-i27p~vr6u",":version":"rv-adyi_6pch-52n3",":created_at":"2025-11-26T05:12:28.340Z",":updated_at":"2025-11-26T05:12:33.910Z","gtfs_stop_id":"204","station_id":"417","complex_id":"417","division":"IRT","line":"Lenox - White Plains Rd","stop_name":"Nereid Av","borough":"Bx","cbd":"false","daytime_routes":"2 5","structure":"Elevated","gtfs_latitude":"40.898379","gtfs_longitude":"-73.854376","north_direction_label":"Northbound","south_direction_label":"Manhattan","ada":"0","ada_northbound":"0","ada_southbound":"0","ada_notes":null,":@computed_region_yamh_8v7k":"307",":@computed_region_wbg7_3whc":"679",":@computed_region_kjdx_g34t":"2032"}},
{"type":"Feature","geometry":{"type":"Point","coordinates":[-73.857473,40.893193]},"properties":{":id":"row-jxzn~xgtr_skmm",":version":"rv-6qp5-29sn.f6d3",":created_at":"2025-11-26T05:12:28.340Z",":updated_at":"2025-11-26T05:12:33.910Z","gtfs_stop_id":"205","station_id":"418","complex_id":"418","division":"IRT","line":"Lenox - White Plains Rd","stop_name":"233 St","borough":"Bx","cbd":"false","daytime_routes":"2 5","structure":"Elevated","gtfs_latitude":"40.893193","gtfs_longitude":"-73.857473","north_direction_label":"Northbound","south_direction_label":"Manhattan","ada":"1","ada_northbound":"1","ada_southbound":"1","ada_notes":null,":@computed_region_yamh_8v7k":"307",":@computed_region_wbg7_3whc":"679",":@computed_region_kjdx_g34t":"2032"}},
{"type":"Feature","geometry":{"type":"Point","coordinates":[-73.860341,40.888022]},"properties":{":id":"row-fcip~3jam.m5v7",":version":"rv-3pra_zhzm-7egp",":created_at":"2025-11-26T05:12:28.340Z",":updated_at":"2025-11-26T05:12:33.910Z","gtfs_stop_id":"206","station_id":"419","complex_id":"419","division":"IRT","line":"Lenox - White Plains Rd","stop_name":"225 St","borough":"Bx","cbd":"false","daytime_routes":"2 5","structure":"Elevated","gtfs_latitude":"40.888022","gtfs_longitude":"-73.860341","north_direction_label":"Northbound","south_direction_label":"Manhattan","ada":"0","ada_northbound":"0","ada_southbound":"0","ada_notes":null,":@computed_region_yamh_8v7k":"307",":@computed_region_wbg7_3whc":"679",":@computed_region_kjdx_g34t":"2032"}},
{"type":"Feature","geometry":{"type":"Point","coordinates":[-73.862633,40.883895]},"properties":{":id":"row-eev2-vybb_vsj9",":version":"rv-9u7k~5jcp~zpvc",":created_at":"2025-11-26T05:12:28.340Z",":updated_at":"2025-11-26T05:12:33.910Z","gtfs_stop_id":"207","station_id":"420","complex_id":"420","division":"IRT","line":"Lenox - White Plains Rd","stop_name":"219 St","borough":"Bx","cbd":"false","daytime_routes":"2 5","structure":"Elevated","gtfs_latitude":"40.883895","gtfs_longitude":"-73.862633","north_direction_label":"Northbound","south_direction_label":"Manhattan","ada":"0","ada_northbound":"0","ada_southbound":"0","ada_notes":null,":@computed_region_yamh_8v7k":"307",":@computed_region_wbg7_3whc":"704",":@computed_region_kjdx_g34t":"2032"}},
{"type":"Feature","geometry":{"type":"Point","coordinates":[-73.866256,40.87785]},"properties":{":id":"row-hs89.sctq_xmpv",":version":"rv-b98u.4y2i.smed",":created_at":"2025-11-26T05:12:28.340Z",":updated_at":"2025-11-26T05:12:33.910Z","gtfs_stop_id":"208","station_id":"421","complex_id":"421","division":"IRT","line":"Lenox - White Plains Rd","stop_name":"Gun Hill Rd","borough":"Bx","cbd":"false","daytime_routes":"2 5","structure":"Elevated","gtfs_latitude":"40.87785","gtfs_longitude":"-73.866256","north_direction_label":"Northbound","south_direction_label":"Manhattan","ada":"1","ada_northbound":"1","ada_southbound":"1","ada_notes":null,":@computed_region_yamh_8v7k":"307",":@computed_region_wbg7_3whc":"704",":@computed_region_kjdx_g34t":"2032"}},
{"type":"Feature","geometry":{"type":"Point","coordinates":[-73.867164,40.871356]},"properties":{":id":"row-dj9z.9g8d-ux4s",":version":"rv-ca3n-m8cr.nagx",":created_at":"2025-11-26T05:12:28.340Z",":updated_at":"2025-11-26T05:12:33.910Z","gtfs_stop_id":"209","station_id":"422","complex_id":"422","division":"IRT","line":"Lenox - White Plains Rd","stop_name":"Burke Av","borough":"Bx","cbd":"false","daytime_routes":"2 5","structure":"Elevated","gtfs_latitude":"40.871356","gtfs_longitude":"-73.867164","north_direction_label":"Northbound","south_direction_label":"Manhattan","ada":"0","ada_northbound":"0","ada_southbound":"0","ada_notes":null,":@computed_region_yamh_8v7k":"307",":@computed_region_wbg7_3whc":"704",":@computed_region_kjdx_g34t":"2032"}},
{"type":"Feature","geometry":{"type":"Point","coordinates":[-73.867352,40.865462]},"properties":{":id":"row-xvu6_rbdp~y8sx",":version":"rv-qr5g_xju3_rf72",":created_at":"2025-11-26T05:12:28.340Z",":updated_at":"2025-11-26T05:12:33.910Z","gtfs_stop_id":"210","station_id":"423","complex_id":"423","division":"IRT","line":"Lenox - White Plains Rd","stop_name":"Allerton Av","borough":"Bx","cbd":"false","daytime_routes":"2 5","structure":"Elevated","gtfs_latitude":"40.865462","gtfs_longitude":"-73.867352","north_direction_label":"Northbound","south_direction_label":"Manhattan","ada":"0","ada_northbound":"0","ada_southbound":"0","ada_notes":null,":@computed_region_yamh_8v7k":"307",":@computed_region_wbg7_3whc":"704",":@computed_region_kjdx_g34t":"2032"}},
{"type":"Feature","geometry":{"type":"Point","coordinates":[-73.867615,40.857192]},"properties":{":id":"row-tgjy_uegf~qb38",":version":"rv-mz85~ptsz.p8cf",":created_at":"2025-11-26T05:12:28.340Z",":updated_at":"2025-11-26T05:12:33.910Z","gtfs_stop_id":"211","station_id":"424","complex_id":"424","division":"IRT","line":"Lenox - White Plains Rd","stop_name":"Pelham Pkwy","borough":"Bx","cbd":"false","daytime_routes":"2 5","structure":"Elevated","gtfs_latitude":"40.857192","gtfs_longitude":"-73.867615","north_direction_label":"Northbound","south_direction_label":"Manhattan","ada":"1","ada_northbound":"1","ada_southbound":"1","ada_notes":null,":@computed_region_yamh_8v7k":"307",":@computed_region_wbg7_3whc":"675",":@computed_region_kjdx_g34t":"2032"}},
{"type":"Feature","geometry":{"type":"Point","coordinates":[-73.868457,40.848828]},"properties":{":id":"row-fa2h.b6g6~t9jx",":version":"rv-snkf_6ehd~mdzx",":created_at":"2025-11-26T05:12:28.340Z",":updated_at":"2025-11-26T05:12:33.910Z","gtfs_stop_id":"212","station_id":"425","complex_id":"425","division":"IRT","line":"Lenox - White Plains Rd","stop_name":"Bronx Park East","borough":"Bx","cbd":"false","daytime_routes":"2 5","structure":"Elevated","gtfs_latitude":"40.848828","gtfs_longitude":"-73.868457","north_direction_label":"Northbound","south_direction_label":"Manhattan","ada":"0","ada_northbound":"0","ada_southbound":"0","ada_notes":null,":@computed_region_yamh_8v7k":"307",":@computed_region_wbg7_3whc":"675",":@computed_region_kjdx_g34t":"2032"}},
{"type":"Feature","geometry":{"type":"Point","coordinates":[-73.873488,40.841894]},"properties":{":id":"row-qhxn_gsi2-5i9r",":version":"rv-9vya.7gvw.qnmv",":created_at":"2025-11-26T05:12:28.340Z",":updated_at":"2025-11-26T05:12:33.910Z","gtfs_stop_id":"213","station_id":"426","complex_id":"426","division":"IRT","line":"Lenox - White Plains Rd","stop_name":"E 180 St","borough":"Bx","cbd":"false","daytime_routes":"2 5","structure":"Elevated","gtfs_latitude":"40.841894","gtfs_longitude":"-73.873488","north_direction_label":"Northbound","south_direction_label":"Manhattan","ada":"1","ada_northbound":"1","ada_southbound":"1","ada_notes":null,":@computed_region_yamh_8v7k":"307",":@computed_region_wbg7_3whc":"673",":@computed_region_kjdx_g34t":"2032"}},
{"type":"Feature","geometry":{"type":"Point","coordinates":[-73.880049,40.840295]},"properties":{":id":"row-wxcs~tcsj_qi5r",":version":"rv-mv6u~7xit~fqdv",":created_at":"2025-11-26T05:12:28.340Z",":updated_at":"2025-11-26T05:12:33.910Z","gtfs_stop_id":"214","station_id":"427","complex_id":"427","division":"IRT","line":"Lenox - White Plains Rd","stop_name":"West Farms Sq-E Tremont Av","borough":"Bx","cbd":"false","daytime_routes":"2 5","structure":"Elevated","gtfs_latitude":"40.840295","gtfs_longitude":"-73.880049","north_direction_label":"Northbound","south_direction_label":"Manhattan","ada":"0","ada_northbound":"0","ada_southbound":"0","ada_notes":null,":@computed_region_yamh_8v7k":"307",":@computed_region_wbg7_3whc":"673",":@computed_region_kjdx_g34t":"2032"}},
{"type":"Feature","geometry":{"type":"Point","coordinates":[-73.887734,40.837288]},"properties":{":id":"row-a9ns_yzuu.bbqg",":version":"rv-dgpx.2xxx~nkim",":created_at":"2025-11-26T05:12:28.340Z",":updated_at":"2025-11-26T05:12:33.910Z","gtfs_stop_id":"215","station_id":"428","complex_id":"428","division":"IRT","line":"Lenox - White Plains Rd","stop_name":"174 St","borough":"Bx","cbd":"false","daytime_routes":"2 5","structure":"Elevated","gtfs_latitude":"40.837288","gtfs_longitude":"-73.887734","north_direction_label":"Northbound","south_direction_label":"Manhattan","ada":"0","ada_northbound":"0","ada_southbound":"0","ada_notes":null,":@computed_region_yamh_8v7k":"307",":@computed_region_wbg7_3whc":"673",":@computed_region_kjdx_g34t":"2032"}},
{"type":"Feature","geometry":{"type":"Point","coordinates":[-73.891865,40.829993]},"properties":{":id":"row-ey75-4aam~934y",":version":"rv-w6gy~kr3d~pfea",":created_at":"2025-11-26T05:12:28.340Z",":updated_at":"2025-11-26T05:12:33.910Z","gtfs_stop_id":"216","station_id":"429","complex_id":"429","division":"IRT","line":"Lenox - White Plains Rd","stop_name":"Freeman St","borough":"Bx","cbd":"false","daytime_routes":"2 5","structure":"Elevated","gtfs_latitude":"40.829993","gtfs_longitude":"-73.891865","north_direction_label":"Northbound","south_direction_label":"Manhattan","ada":"0","ada_northbound":"0","ada_southbound":"0","ada_notes":null,":@computed_region_yamh_8v7k":"307",":@computed_region_wbg7_3whc":"655",":@computed_region_kjdx_g34t":"2032"}},
{"type":"Feature","geometry":{"type":"Point","coordinates":[-73.893064,40.824073]},"properties":{":id":"row-xfw9.2zi3_qfhw",":version":"rv-yaam.a4mf~ta4y",":created_at":"2025-11-26T05:12:28.340Z",":updated_at":"2025-11-26T05:12:33.910Z","gtfs_stop_id":"217","station_id":"430","complex_id":"430","division":"IRT","line":"Lenox - White Plains Rd","stop_name":"Simpson St","borough":"Bx","cbd":"false","daytime_routes":"2 5","structure":"Elevated","gtfs_latitude":"40.824073","gtfs_longitude":"-73.893064","north_direction_label":"Northbound","south_direction_label":"Manhattan","ada":"1","ada_northbound":"1","ada_southbound":"1","ada_notes":null,":@computed_region_yamh_8v7k":"307",":@computed_region_wbg7_3whc":"655",":@computed_region_kjdx_g34t":"2032"}},
{"type":"Feature","geometry":{"type":"Point","coordinates":[-73.896736,40.822181]},"properties":{":id":"row-4hm5-7qii_cg39",":version":"rv-bedb-pu4u.fp4v",":created_at":"2025-11-26T05:12:28.340Z",":updated_at":"2025-11-26T05:12:33.910Z","gtfs_stop_id":"218","station_id":"431","complex_id":"431","division":"IRT","line":"Lenox - White Plains Rd","stop_name":"Intervale Av","borough":"Bx","cbd":"false","daytime_routes":"2 5","structure":"Elevated","gtfs_latitude":"40.822181","gtfs_longitude":"-73.896736","north_direction_label":"Northbound","south_direction_label":"Manhattan","ada":"0","ada_northbound":"0","ada_southbound":"0","ada_notes":null,":@computed_region_yamh_8v7k":"307",":@computed_region_wbg7_3whc":"655",":@computed_region_kjdx_g34t":"2032"}},
{"type":"Feature","geometry":{"type":"Point","coordinates":[-73.90177,40.819585]},"properties":{":id":"row-cv6k_anju_8zer",":version":"rv-e7r3.i28k.s5z5",":created_at":"2025-11-26T05:12:28.340Z",":updated_at":"2025-11-26T05:12:33.910Z","gtfs_stop_id":"219","station_id":"432","complex_id":"432","division":"IRT","line":"Lenox - White Plains Rd","stop_name":"Prospect Av","borough":"Bx","cbd":"false","daytime_routes":"2 5","structure":"Elevated","gtfs_latitude":"40.819585","gtfs_longitude":"-73.90177","north_direction_label":"Northbound","south_direction_label":"Manhattan","ada":"0","ada_northbound":"0","ada_southbound":"0","ada_notes":null,":@computed_region_yamh_8v7k":"307",":@computed_region_wbg7_3whc":"655",":@computed_region_kjdx_g34t":"2032"}},
{"type":"Feature","geometry":{"type":"Point","coordinates":[-73.907807,40.81649]},"properties":{":id":"row-vrze-8uku.gyk8",":version":"rv-596v_8xgp_mu2r",":created_at":"2025-11-26T05:12:28.340Z",":updated_at":"2025-11-26T05:12:33.910Z","gtfs_stop_id":"220","station_id":"433","complex_id":"433","division":"IRT","line":"Lenox - White Plains Rd","stop_name":"Jackson Av","borough":"Bx","cbd":"false","daytime_routes":"2 5","structure":"Elevated","gtfs_latitude":"40.81649","gtfs_longitude":"-73.907807","north_direction_label":"Northbound","south_direction_label":"Manhattan","ada":"0","ada_northbound":"0","ada_southbound":"0","ada_notes":null,":@computed_region_yamh_8v7k":"307",":@computed_region_wbg7_3whc":"651",":@computed_region_kjdx_g34t":"2032"}},
{"type":"Feature","geometry":{"type":"Point","coordinates":[-73.917757,40.816109]},"properties":{":id":"row-fqek-xif2~3x3i",":version":"rv-t6qq-akwv_yffb",":created_at":"2025-11-26T05:12:28.340Z",":updated_at":"2025-11-26T05:12:33.910Z","gtfs_stop_id":"221","station_id":"434","complex_id":"434","division":"IRT","line":"Lenox - White Plains Rd","stop_name":"3 Av-149 St","borough":"Bx","cbd":"false","daytime_routes":"2 5","structure":"Subway","gtfs_latitude":"40.816109","gtfs_longitude":"-73.917757","north_direction_label":"Northbound","south_direction_label":"Manhattan","ada":"1","ada_northbound":"1","ada_southbound":"1","ada_notes":null,":@computed_region_yamh_8v7k":"307",":@computed_region_wbg7_3whc":"651",":@computed_region_kjdx_g34t":"2032"}},
{"type":"Feature","geometry":{"type":"Point","coordinates":[-73.926718,40.81841]},"properties":{":id":"row-fwbt_pnqw_gwye",":version":"rv-6abu_zy3e~pevt",":created_at":"2025-11-26T05:12:28.340Z",":updated_at":"2025-11-26T05:12:33.910Z","gtfs_stop_id":"222","station_id":"435","complex_id":"603","division":"IRT","line":"Lenox - White Plains Rd","stop_name":"149 St-Grand Concourse","borough":"Bx","cbd":"false","daytime_routes":"2 5","structure":"Subway","gtfs_latitude":"40.81841","gtfs_longitude":"-73.926718","north_direction_label":"Northbound","south_direction_label":"Manhattan","ada":"0","ada_northbound":"0","ada_southbound":"0","ada_notes":null,":@computed_region_yamh_8v7k":"307",":@computed_region_wbg7_3whc":"647",":@computed_region_kjdx_g34t":"2095"}},
{"type":"Feature","geometry":{"type":"Point","coordinates":[-73.93647,40.82388]},"properties":{":id":"row-m46s-nxbd-pp8t",":version":"rv-2jv3-nakz_hwdt",":created_at":"2025-11-26T05:12:28.340Z",":updated_at":"2025-11-26T05:12:33.910Z","gtfs_stop_id":"301","station_id":"436","complex_id":"436","division":"IRT","line":"Lenox - White Plains Rd","stop_name":"Harlem-148 St","borough":"M","cbd":"false","daytime_routes":"3","structure":"Subway","gtfs_latitude":"40.82388","gtfs_longitude":"-73.93647","north_direction_label":"Last Stop","south_direction_label":"Downtown","ada":"0","ada_northbound":"0","ada_southbound":"0","ada_notes":null,":@computed_region_yamh_8v7k":"749",":@computed_region_wbg7_3whc":"798",":@computed_region_kjdx_g34t":"2095"}},
{"type":"Feature","geometry":{"type":"Point","coordinates":[-73.936245,40.820421]},"properties":{":id":"row-rpp5-hrq7_b99p",":version":"rv-hpfx~gi4q~58ua",":created_at":"2025-11-26T05:12:28.340Z",":updated_at":"2025-11-26T05:12:33.910Z","gtfs_stop_id":"302","station_id":"437","complex_id":"437","division":"IRT","line":"Lenox - White Plains Rd","stop_name":"145 St","borough":"M","cbd":"false","daytime_routes":"3","structure":"Subway","gtfs_latitude":"40.820421","gtfs_longitude":"-73.936245","north_direction_label":"Harlem","south_direction_label":"Downtown","ada":"0","ada_northbound":"0","ada_southbound":"0","ada_notes":null,":@computed_region_yamh_8v7k":"749",":@computed_region_wbg7_3whc":"798",":@computed_region_kjdx_g34t":"2095"}},
{"type":"Feature","geometry":{"type":"Point","coordinates":[-73.94077,40.814229]},"properties":{":id":"row-khak.qg6k_4b5t",":version":"rv-hrft-vcvc_dk2w",":created_at":"2025-11-26T05:12:28.340Z",":updated_at":"2025-11-26T05:12:33.910Z","gtfs_stop_id":"224","station_id":"438","complex_id":"438","division":"IRT","line":"Lenox - White Plains Rd","stop_name":"135 St","borough":"M","cbd":"false","daytime_routes":"2 3","structure":"Subway","gtfs_latitude":"40.814229","gtfs_longitude":"-73.94077","north_direction_label":"Uptown","south_direction_label":"Downtown","ada":"1","ada_northbound":"1","ada_southbound":"1","ada_notes":null,":@computed_region_yamh_8v7k":"749",":@computed_region_wbg7_3whc":"796",":@computed_region_kjdx_g34t":"2095"}},
{"type":"Feature","geometry":{"type":"Point","coordinates":[-73.945495,40.807754]},"properties":{":id":"row-a4zd.9ywk~za98",":version":"rv-g25q.6qkx_q69h",":created_at":"2025-11-26T05:12:28.340Z",":updated_at":"2025-11-26T05:12:33.910Z","gtfs_stop_id":"225","station_id":"439","complex_id":"439","division":"IRT","line":"Lenox - White Plains Rd","stop_name":"125 St","borough":"M","cbd":"false","daytime_routes":"2 3","structure":"Subway","gtfs_latitude":"40.807754","gtfs_longitude":"-73.945495","north_direction_label":"Uptown","south_direction_label":"Downtown","ada":"0","ada_northbound":"0","ada_southbound":"0","ada_notes":null,":@computed_region_yamh_8v7k":"749",":@computed_region_wbg7_3whc":"754",":@computed_region_kjdx_g34t":"2095"}},
{"type":"Feature","geometry":{"type":"Point","coordinates":[-73.949625,40.802098]},"properties":{":id":"row-9mbe~uanp_tujr",":version":"rv-g4cf_5p7v~rk87",":created_at":"2025-11-26T05:12:28.340Z",":updated_at":"2025-11-26T05:12:33.910Z","gtfs_stop_id":"226","station_id":"440","complex_id":"440","division":"IRT","line":"Lenox - White Plains Rd","stop_name":"116 St","borough":"M","cbd":"false","daytime_routes":"2 3","structure":"Subway","gtfs_latitude":"40.802098","gtfs_longitude":"-73.949625","north_direction_label":"Uptown","south_direction_label":"Downtown","ada":"0","ada_northbound":"0","ada_southbound":"0","ada_notes":null,":@computed_region_yamh_8v7k":"749",":@computed_region_wbg7_3whc":"753",":@computed_region_kjdx_g34t":"2095"}},
{"type":"Feature","geometry":{"type":"Point","coordinates":[-73.951822,40.799075]},"properties":{":id":"row-d658_a93v.rfvs",":version":"rv-wzcs-am42_8cs8",":created_at":"2025-11-26T05:12:28.340Z",":updated_at":"2025-11-26T05:12:33.910Z","gtfs_stop_id":"227","station_id":"441","complex_id":"441","division":"IRT","line":"Lenox - White Plains Rd","stop_name":"110 St-Malcolm X Plaza","borough":"M","cbd":"false","daytime_routes":"2 3","structure":"Subway","gtfs_latitude":"40.799075","gtfs_longitude":"-73.951822","north_direction_label":"Uptown","south_direction_label":"Downtown","ada":"0","ada_northbound":"0","ada_southbound":"0","ada_notes":null,":@computed_region_yamh_8v7k":"749",":@computed_region_wbg7_3whc":"753",":@computed_region_kjdx_g34t":"2095"}},
{"type":"Feature","geometry":{"type":"Point","coordinates":[-73.830834,40.8883]},"properties":{":id":"row-ck48~hkip_9a8x",":version":"rv-f3wr.224f_6bfk",":created_at":"2025-11-26T05:12:28.340Z",":updated_at":"2025-11-26T05:12:33.910Z","gtfs_stop_id":"501","station_id":"442","complex_id":"442","division":"IRT","line":"Dyre Av","stop_name":"Eastchester-Dyre Av","borough":"Bx","cbd":"false","daytime_routes":"5","structure":"At Grade","gtfs_latitude":"40.8883","gtfs_longitude":"-73.830834","north_direction_label":"Last Stop","south_direction_label":"Manhattan","ada":"0","ada_northbound":"0","ada_southbound":"0","ada_notes":null,":@computed_region_yamh_8v7k":"307",":@computed_region_wbg7_3whc":"679",":@computed_region_kjdx_g34t":"2032"}},
{"type":"Feature","geometry":{"type":"Point","coordinates":[-73.838591,40.878663]},"properties":{":id":"row-ehvk-73qn.s4az",":version":"rv-8rt5_kh9x.3ysm",":created_at":"2025-11-26T05:12:28.340Z",":updated_at":"2025-11-26T05:12:33.910Z","gtfs_stop_id":"502","station_id":"443","complex_id":"443","division":"IRT","line":"Dyre Av","stop_name":"Baychester Av","borough":"Bx","cbd":"false","daytime_routes":"5","structure":"Open Cut","gtfs_latitude":"40.878663","gtfs_longitude":"-73.838591","north_direction_label":"Eastchester","south_direction_label":"Manhattan","ada":"0","ada_northbound":"0","ada_southbound":"0","ada_notes":null,":@computed_region_yamh_8v7k":"307",":@computed_region_wbg7_3whc":"706",":@computed_region_kjdx_g34t":"2032"}},
{"type":"Feature","geometry":{"type":"Point","coordinates":[-73.846384,40.869526]},"properties":{":id":"row-avpz~a9t2.726y",":version":"rv-fti9-a928.jfbk",":created_at":"2025-11-26T05:12:28.340Z",":updated_at":"2025-11-26T05:12:33.910Z","gtfs_stop_id":"503","station_id":"444","complex_id":"444","division":"IRT","line":"Dyre Av","stop_name":"Gun Hill Rd","borough":"Bx","cbd":"false","daytime_routes":"5","structure":"Open Cut","gtfs_latitude":"40.869526","gtfs_longitude":"-73.846384","north_direction_label":"Eastchester","south_direction_label":"Manhattan","ada":"1","ada_northbound":"1","ada_southbound":"1","ada_notes":null,":@computed_region_yamh_8v7k":"307",":@computed_region_wbg7_3whc":"706",":@computed_region_kjdx_g34t":"2032"}},
{"type":"Feature","geometry":{"type":"Point","coordinates":[-73.855359,40.858985]},"properties":{":id":"row-funh.gq7v.z7th",":version":"rv-4bqq-wym5_isw4",":created_at":"2025-11-26T05:12:28.340Z",":updated_at":"2025-11-26T05:12:33.910Z","gtfs_stop_id":"504","station_id":"445","complex_id":"445","division":"IRT","line":"Dyre Av","stop_name":"Pelham Pkwy","borough":"Bx","cbd":"false","daytime_routes":"5","structure":"Open Cut","gtfs_latitude":"40.858985","gtfs_longitude":"-73.855359","north_direction_label":"Eastchester","south_direction_label":"Manhattan","ada":"0","ada_northbound":"0","ada_southbound":"0","ada_notes":null,":@computed_region_yamh_8v7k":"307",":@computed_region_wbg7_3whc":"706",":@computed_region_kjdx_g34t":"2032"}},
{"type":"Feature","geometry":{"type":"Point","coordinates":[-73.860495,40.854364]},"properties":{":id":"row-33t5-xcxg-6kx4",":version":"rv-fsr4.sqhz-axmi",":created_at":"2025-11-26T05:12:28.340Z",":updated_at":"2025-11-26T05:12:33.910Z","gtfs_stop_id":"505","station_id":"446","complex_id":"446","division":"IRT","line":"Dyre Av","stop_name":"Morris Park","borough":"Bx","cbd":"false","daytime_routes":"5","structure":"Open Cut","gtfs_latitude":"40.854364","gtfs_longitude":"-73.860495","north_direction_label":"Eastchester","south_direction_label":"Manhattan","ada":"0","ada_northbound":"0","ada_southbound":"0","ada_notes":null,":@computed_region_yamh_8v7k":"307",":@computed_region_wbg7_3whc":"675",":@computed_region_kjdx_g34t":"2032"}},
{"type":"Feature","geometry":{"type":"Point","coordinates":[-73.83003,40.7596]},"properties":{":id":"row-rqzd~fms3~cqz6",":version":"rv-wdyz.556g-b9p7",":created_at":"2025-11-26T05:12:28.340Z",":updated_at":"2025-11-26T05:12:33.910Z","gtfs_stop_id":"701","station_id":"447","complex_id":"447","division":"IRT","line":"Flushing","stop_name":"Flushing-Main St","borough":"Q","cbd":"false","daytime_routes":"7","structure":"Subway","gtfs_latitude":"40.7596","gtfs_longitude":"-73.83003","north_direction_label":"Last Stop","south_direction_label":"Manhattan","ada":"1","ada_northbound":"1","ada_southbound":"1","ada_notes":null,":@computed_region_yamh_8v7k":"196",":@computed_region_wbg7_3whc":"824",":@computed_region_kjdx_g34t":"2137"}},
{"type":"Feature","geometry":{"type":"Point","coordinates":[-73.845625,40.754622]},"properties":{":id":"row-jkbz_nkef.t4ss",":version":"rv-hbi4~72t3-d7j9",":created_at":"2025-11-26T05:12:28.340Z",":updated_at":"2025-11-26T05:12:33.910Z","gtfs_stop_id":"702","station_id":"448","complex_id":"448","division":"IRT","line":"Flushing","stop_name":"Mets-Willets Point","borough":"Q","cbd":"false","daytime_routes":"7","structure":"Elevated","gtfs_latitude":"40.754622","gtfs_longitude":"-73.845625","north_direction_label":"Outbound","south_direction_label":"Manhattan","ada":"0","ada_northbound":"0","ada_southbound":"0","ada_notes":null,":@computed_region_yamh_8v7k":"196",":@computed_region_wbg7_3whc":"838",":@computed_region_kjdx_g34t":"2137"}},
{"type":"Feature","geometry":{"type":"Point","coordinates":[-73.855334,40.75173]},"properties":{":id":"row-yfdj_krfd_n9jn",":version":"rv-yrm4.fxi7.xm4d",":created_at":"2025-11-26T05:12:28.340Z",":updated_at":"2025-11-26T05:12:33.910Z","gtfs_stop_id":"705","station_id":"449","complex_id":"449","division":"IRT","line":"Flushing","stop_name":"111 St","borough":"Q","cbd":"false","daytime_routes":"7","structure":"Elevated","gtfs_latitude":"40.75173","gtfs_longitude":"-73.855334","north_direction_label":"Outbound","south_direction_label":"Manhattan","ada":"0","ada_northbound":"0","ada_southbound":"0","ada_notes":null,":@computed_region_yamh_8v7k":"196",":@computed_region_wbg7_3whc":"838",":@computed_region_kjdx_g34t":"2137"}},
{"type":"Feature","geometry":{"type":"Point","coordinates":[-73.8627,40.749865]},"properties":{":id":"row-iykk_wah4.kcsd",":version":"rv-vurm-sa9s.46h6",":created_at":"2025-11-26T05:12:28.340Z",":updated_at":"2025-11-26T05:12:33.910Z","gtfs_stop_id":"706","station_id":"450","complex_id":"450","division":"IRT","line":"Flushing","stop_name":"103 St-Corona Plaza","borough":"Q","cbd":"false","daytime_routes":"7","structure":"Elevated","gtfs_latitude":"40.749865","gtfs_longitude":"-73.8627","north_direction_label":"Outbound","south_direction_label":"Manhattan","ada":"0","ada_northbound":"0","ada_southbound":"0","ada_notes":null,":@computed_region_yamh_8v7k":"196",":@computed_region_wbg7_3whc":"838",":@computed_region_kjdx_g34t":"2137"}},
{"type":"Feature","geometry":{"type":"Point","coordinates":[-73.869527,40.749145]},"properties":{":id":"row-krni_5kb4-ru3g",":version":"rv-thdx-5psx~y8ck",":created_at":"2025-11-26T05:12:28.340Z",":updated_at":"2025-11-26T05:12:33.910Z","gtfs_stop_id":"707","station_id":"451","complex_id":"451","division":"IRT","line":"Flushing","stop_name":"Junction Blvd","borough":"Q","cbd":"false","daytime_routes":"7","structure":"Elevated","gtfs_latitude":"40.749145","gtfs_longitude":"-73.869527","north_direction_label":"Outbound","south_direction_label":"Manhattan","ada":"1","ada_northbound":"1","ada_southbound":"1","ada_notes":null,":@computed_region_yamh_8v7k":"196",":@computed_region_wbg7_3whc":"843",":@computed_region_kjdx_g34t":"2137"}},
{"type":"Feature","geometry":{"type":"Point","coordinates":[-73.876613,40.748408]},"properties":{":id":"row-etkw.fznp-b4ui",":version":"rv-2auk-ekeu-yc5t",":created_at":"2025-11-26T05:12:28.340Z",":updated_at":"2025-11-26T05:12:33.910Z","gtfs_stop_id":"708","station_id":"452","complex_id":"452","division":"IRT","line":"Flushing","stop_name":"90 St-Elmhurst Av","borough":"Q","cbd":"false","daytime_routes":"7","structure":"Elevated","gtfs_latitude":"40.748408","gtfs_longitude":"-73.876613","north_direction_label":"Outbound","south_direction_label":"Manhattan","ada":"0","ada_northbound":"0","ada_southbound":"0","ada_notes":null,":@computed_region_yamh_8v7k":"196",":@computed_region_wbg7_3whc":"843",":@computed_region_kjdx_g34t":"2137"}},
{"type":"Feature","geometry":{"type":"Point","coordinates":[-73.883697,40.747659]},"properties":{":id":"row-5x3s_ejcb-typs",":version":"rv-e8fm.mpfr_pyyj",":created_at":"2025-11-26T05:12:28.340Z",":updated_at":"2025-11-26T05:12:33.910Z","gtfs_stop_id":"709","station_id":"453","complex_id":"453","division":"IRT","line":"Flushing","stop_name":"82 St-Jackson Hts","borough":"Q","cbd":"false","daytime_routes":"7","structure":"Elevated","gtfs_latitude":"40.747659","gtfs_longitude":"-73.883697","north_direction_label":"Outbound","south_direction_label":"Manhattan","ada":"0","ada_northbound":"0","ada_southbound":"0","ada_notes":null,":@computed_region_yamh_8v7k":"196",":@computed_region_wbg7_3whc":"843",":@computed_region_kjdx_g34t":"2137"}},
{"type":"Feature","geometry":{"type":"Point","coordinates":[-73.891394,40.746848]},"properties":{":id":"row-qup6~6y8a-xit8",":version":"rv-4sry~btxz_mcme",":created_at":"2025-11-26T05:12:28.340Z",":updated_at":"2025-11-26T05:12:33.910Z","gtfs_stop_id":"710","station_id":"454","complex_id":"616","division":"IRT","line":"Flushing","stop_name":"74 St-Broadway","borough":"Q","cbd":"false","daytime_routes":"7","structure":"Elevated","gtfs_latitude":"40.746848","gtfs_longitude":"-73.891394","north_direction_label":"Outbound","south_direction_label":"Manhattan","ada":"1","ada_northbound":"1","ada_southbound":"1","ada_notes":null,":@computed_region_yamh_8v7k":"196",":@computed_region_wbg7_3whc":"843",":@computed_region_kjdx_g34t":"2137"}},
{"type":"Feature","geometry":{"type":"Point","coordinates":[-73.896403,40.746325]},"properties":{":id":"row-prqw.b7dq.hxq7",":version":"rv-6qeb_t44w-8t49",":created_at":"2025-11-26T05:12:28.340Z",":updated_at":"2025-11-26T05:12:33.910Z","gtfs_stop_id":"711","station_id":"455","complex_id":"455","division":"IRT","line":"Flushing","stop_name":"69 St","borough":"Q","cbd":"false","daytime_routes":"7","structure":"Elevated","gtfs_latitude":"40.746325","gtfs_longitude":"-73.896403","north_direction_label":"Outbound","south_direction_label":"Manhattan","ada":"0","ada_northbound":"0","ada_southbound":"0","ada_notes":null,":@computed_region_yamh_8v7k":"196",":@computed_region_wbg7_3whc":"846",":@computed_region_kjdx_g34t":"2137"}},
{"type":"Feature","geometry":{"type":"Point","coordinates":[-73.902984,40.74563]},"properties":{":id":"row-mfrf_xr9f-e3vu",":version":"rv-yeu8~fhy8~347s",":created_at":"2025-11-26T05:12:28.340Z",":updated_at":"2025-11-26T05:12:33.910Z","gtfs_stop_id":"712","station_id":"456","complex_id":"456","division":"IRT","line":"Flushing","stop_name":"61 St-Woodside","borough":"Q","cbd":"false","daytime_routes":"7","structure":"Elevated","gtfs_latitude":"40.74563","gtfs_longitude":"-73.902984","north_direction_label":"Outbound","south_direction_label":"Manhattan","ada":"1","ada_northbound":"1","ada_southbound":"1","ada_notes":null,":@computed_region_yamh_8v7k":"196",":@computed_region_wbg7_3whc":"846",":@computed_region_kjdx_g34t":"2137"}},
{"type":"Feature","geometry":{"type":"Point","coordinates":[-73.912549,40.744149]},"properties":{":id":"row-mh3v_gz9k_sger",":version":"rv-63j5.7kfc-f2b3",":created_at":"2025-11-26T05:12:28.340Z",":updated_at":"2025-11-26T05:12:33.910Z","gtfs_stop_id":"713","station_id":"457","complex_id":"457","division":"IRT","line":"Flushing","stop_name":"52 St","borough":"Q","cbd":"false","daytime_routes":"7","structure":"Elevated","gtfs_latitude":"40.744149","gtfs_longitude":"-73.912549","north_direction_label":"Outbound","south_direction_label":"Manhattan","ada":"0","ada_northbound":"0","ada_southbound":"0","ada_notes":null,":@computed_region_yamh_8v7k":"196",":@computed_region_wbg7_3whc":"846",":@computed_region_kjdx_g34t":"2137"}},
{"type":"Feature","geometry":{"type":"Point","coordinates":[-73.918435,40.743132]},"properties":{":id":"row-sw8q.75zg.quk7",":version":"rv-4yn5-jkee.888d",":created_at":"2025-11-26T05:12:28.340Z",":updated_at":"2025-11-26T05:12:33.910Z","gtfs_stop_id":"714","station_id":"458","complex_id":"458","division":"IRT","line":"Flushing","stop_name":"46 St-Bliss St","borough":"Q","cbd":"false","daytime_routes":"7","structure":"Elevated","gtfs_latitude":"40.743132","gtfs_longitude":"-73.918435","north_direction_label":"Outbound","south_direction_label":"Manhattan","ada":"0","ada_northbound":"0","ada_southbound":"0","ada_notes":null,":@computed_region_yamh_8v7k":"196",":@computed_region_wbg7_3whc":"876",":@computed_region_kjdx_g34t":"2137"}},
{"type":"Feature","geometry":{"type":"Point","coordinates":[-73.924016,40.743781]},"properties":{":id":"row-rium_vxc5.j8sk",":version":"rv-vfpb_qia9-8ziy",":created_at":"2025-11-26T05:12:28.340Z",":updated_at":"2025-11-26T05:12:33.910Z","gtfs_stop_id":"715","station_id":"459","complex_id":"459","division":"IRT","line":"Flushing","stop_name":"40 St-Lowery St","borough":"Q","cbd":"false","daytime_routes":"7","structure":"Elevated","gtfs_latitude":"40.743781","gtfs_longitude":"-73.924016","north_direction_label":"Outbound","south_direction_label":"Manhattan","ada":"0","ada_northbound":"0","ada_southbound":"0","ada_notes":null,":@computed_region_yamh_8v7k":"196",":@computed_region_wbg7_3whc":"876",":@computed_region_kjdx_g34t":"2137"}},
{"type":"Feature","geometry":{"type":"Point","coordinates":[-73.930997,40.744587]},"properties":{":id":"row-yiq7_q8va.i7y7",":version":"rv-qq3s~x6kc_d3ns",":created_at":"2025-11-26T05:12:28.340Z",":updated_at":"2025-11-26T05:12:33.910Z","gtfs_stop_id":"716","station_id":"460","complex_id":"460","division":"IRT","line":"Flushing","stop_name":"33 St-Rawson St","borough":"Q","cbd":"false","daytime_routes":"7","structure":"Elevated","gtfs_latitude":"40.744587","gtfs_longitude":"-73.930997","north_direction_label":"Outbound","south_direction_label":"Manhattan","ada":"0","ada_northbound":"0","ada_southbound":"0","ada_notes":null,":@computed_region_yamh_8v7k":"196",":@computed_region_wbg7_3whc":"873",":@computed_region_kjdx_g34t":"2137"}},
{"type":"Feature","geometry":{"type":"Point","coordinates":[-73.940202,40.750582]},"properties":{":id":"row-cpzn.x97d_4wu7",":version":"rv-73ky~ghqk.vckz",":created_at":"2025-11-26T05:12:28.340Z",":updated_at":"2025-11-26T05:12:33.910Z","gtfs_stop_id":"718","station_id":"461","complex_id":"461","division":"IRT","line":"Flushing","stop_name":"Queensboro Plaza","borough":"Q","cbd":"false","daytime_routes":"7","structure":"Elevated","gtfs_latitude":"40.750582","gtfs_longitude":"-73.940202","north_direction_label":"Outbound","south_direction_label":"Manhattan","ada":"1","ada_northbound":"1","ada_southbound":"1","ada_notes":null,":@computed_region_yamh_8v7k":"196",":@computed_region_wbg7_3whc":"873",":@computed_region_kjdx_g34t":"2137"}},
{"type":"Feature","geometry":{"type":"Point","coordinates":[-73.940202,40.750582]},"properties":{":id":"row-7255-p9nf.v343",":version":"rv-v5uu-f7qp-wiub",":created_at":"2025-11-26T05:12:28.340Z",":updated_at":"2025-11-26T05:12:33.910Z","gtfs_stop_id":"R09","station_id":"461","complex_id":"461","division":"BMT","line":"Astoria","stop_name":"Queensboro Plaza","borough":"Q","cbd":"false","daytime_routes":"N W","structure":"Elevated","gtfs_latitude":"40.750582","gtfs_longitude":"-73.940202","north_direction_label":"Astoria","south_direction_label":"Manhattan","ada":"1","ada_northbound":"1","ada_southbound":"1","ada_notes":null,":@computed_region_yamh_8v7k":"196",":@computed_region_wbg7_3whc":"873",":@computed_region_kjdx_g34t":"2137"}},
{"type":"Feature","geometry":{"type":"Point","coordinates":[-73.945264,40.747023]},"properties":{":id":"row-ufuw_gyti~vxts",":version":"rv-dtnx_hh9v~aeki",":created_at":"2025-11-26T05:12:28.340Z",":updated_at":"2025-11-26T05:12:33.910Z","gtfs_stop_id":"719","station_id":"462","complex_id":"606","division":"IRT","line":"Flushing","stop_name":"Court Sq","borough":"Q","cbd":"false","daytime_routes":"7","structure":"Elevated","gtfs_latitude":"40.747023","gtfs_longitude":"-73.945264","north_direction_label":"Outbound","south_direction_label":"Manhattan","ada":"1","ada_northbound":"1","ada_southbound":"1","ada_notes":null,":@computed_region_yamh_8v7k":"196",":@computed_region_wbg7_3whc":"873",":@computed_region_kjdx_g34t":"2137"}},
{"type":"Feature","geometry":{"type":"Point","coordinates":[-73.948916,40.742216]},"properties":{":id":"row-83mf-3ura.jm2h",":version":"rv-jtd8~8wtz_z4av",":created_at":"2025-11-26T05:12:28.340Z",":updated_at":"2025-11-26T05:12:33.910Z","gtfs_stop_id":"720","station_id":"463","complex_id":"463","division":"IRT","line":"Flushing","stop_name":"Hunters Point Av","borough":"Q","cbd":"false","daytime_routes":"7","structure":"Subway","gtfs_latitude":"40.742216","gtfs_longitude":"-73.948916","north_direction_label":"Outbound","south_direction_label":"Manhattan","ada":"0","ada_northbound":"0","ada_southbound":"0","ada_notes":null,":@computed_region_yamh_8v7k":"196",":@computed_region_wbg7_3whc":"873",":@computed_region_kjdx_g34t":"2137"}},
{"type":"Feature","geometry":{"type":"Point","coordinates":[-73.953581,40.742626]},"properties":{":id":"row-fpy7~jd3r_2sm8",":version":"rv-nf4i-ipqb.jmpw",":created_at":"2025-11-26T05:12:28.340Z",":updated_at":"2025-11-26T05:12:33.910Z","gtfs_stop_id":"721","station_id":"464","complex_id":"464","division":"IRT","line":"Flushing","stop_name":"Vernon Blvd-Jackson Av","borough":"Q","cbd":"false","daytime_routes":"7","structure":"Subway","gtfs_latitude":"40.742626","gtfs_longitude":"-73.953581","north_direction_label":"Outbound","south_direction_label":"Manhattan","ada":"0","ada_northbound":"0","ada_southbound":"0","ada_notes":null,":@computed_region_yamh_8v7k":"196",":@computed_region_wbg7_3whc":"873",":@computed_region_kjdx_g34t":"2137"}},
{"type":"Feature","geometry":{"type":"Point","coordinates":[-73.976041,40.751431]},"properties":{":id":"row-yqv3~hcn8-8jpp",":version":"rv-jurd_d3e4_sg8c",":created_at":"2025-11-26T05:12:28.340Z",":updated_at":"2025-11-26T05:12:33.910Z","gtfs_stop_id":"723","station_id":"465","complex_id":"610","division":"IRT","line":"Flushing","stop_name":"Grand Central-42 St","borough":"M","cbd":"true","daytime_routes":"7","structure":"Subway","gtfs_latitude":"40.751431","gtfs_longitude":"-73.976041","north_direction_label":"Queens","south_direction_label":"Hudson Yards","ada":"1","ada_northbound":"1","ada_southbound":"1","ada_notes":null,":@computed_region_yamh_8v7k":"749",":@computed_region_wbg7_3whc":"740",":@computed_region_kjdx_g34t":"2095"}},
{"type":"Feature","geometry":{"type":"Point","coordinates":[-73.981963,40.753821]},"properties":{":id":"row-z9st-yi2z~n5yb",":version":"rv-hvq6-xvzx_hbgc",":created_at":"2025-11-26T05:12:28.340Z",":updated_at":"2025-11-26T05:12:33.910Z","gtfs_stop_id":"724","station_id":"466","complex_id":"609","division":"IRT","line":"Flushing","stop_name":"5 Av","borough":"M","cbd":"true","daytime_routes":"7","structure":"Subway","gtfs_latitude":"40.753821","gtfs_longitude":"-73.981963","north_direction_label":"Queens","south_direction_label":"Hudson Yards","ada":"0","ada_northbound":"0","ada_southbound":"0","ada_notes":null,":@computed_region_yamh_8v7k":"749",":@computed_region_wbg7_3whc":"795",":@computed_region_kjdx_g34t":"2095"}},
{"type":"Feature","geometry":{"type":"Point","coordinates":[-73.987691,40.755477]},"properties":{":id":"row-hqkd-djzt~atyz",":version":"rv-e55u.6522_5my2",":created_at":"2025-11-26T05:12:28.340Z",":updated_at":"2025-11-26T05:12:33.910Z","gtfs_stop_id":"725","station_id":"467","complex_id":"611","division":"IRT","line":"Flushing","stop_name":"Times Sq-42 St","borough":"M","cbd":"true","daytime_routes":"7","structure":"Subway","gtfs_latitude":"40.755477","gtfs_longitude":"-73.987691","north_direction_label":"Queens","south_direction_label":"Hudson Yards","ada":"1","ada_northbound":"1","ada_southbound":"1","ada_notes":null,":@computed_region_yamh_8v7k":"749",":@computed_region_wbg7_3whc":"741",":@computed_region_kjdx_g34t":"2095"}},
{"type":"Feature","geometry":{"type":"Point","coordinates":[-73.986229,40.755983]},"properties":{":id":"row-8n98.ccw4_ti47",":version":"rv-swcj_z3rg-7bxm",":created_at":"2025-11-26T05:12:28.340Z",":updated_at":"2025-11-26T05:12:33.910Z","gtfs_stop_id":"902","station_id":"468","complex_id":"611","division":"IRT","line":"Lexington - Shuttle","stop_name":"Times Sq-42 St","borough":"M","cbd":"true","daytime_routes":"S","structure":"Subway","gtfs_latitude":"40.755983","gtfs_longitude":"-73.986229","north_direction_label":"Last Stop","south_direction_label":"Grand Central","ada":"1","ada_northbound":"1","ada_southbound":"1","ada_notes":null,":@computed_region_yamh_8v7k":"749",":@computed_region_wbg7_3whc":"795",":@computed_region_kjdx_g34t":"2095"}},
{"type":"Feature","geometry":{"type":"Point","coordinates":[-73.979189,40.752769]},"properties":{":id":"row-9jvx~reqp_755u",":version":"rv-q2ga_zdmi.2pmg",":created_at":"2025-11-26T05:12:28.340Z",":updated_at":"2025-11-26T05:12:33.910Z","gtfs_stop_id":"901","station_id":"469","complex_id":"610","division":"IRT","line":"Lexington - Shuttle","stop_name":"Grand Central-42 St","borough":"M","cbd":"true","daytime_routes":"S","structure":"Subway","gtfs_latitude":"40.752769","gtfs_longitude":"-73.979189","north_direction_label":"Times Square","south_direction_label":"Last Stop","ada":"1","ada_northbound":"1","ada_southbound":"1","ada_notes":null,":@computed_region_yamh_8v7k":"749",":@computed_region_wbg7_3whc":"740",":@computed_region_kjdx_g34t":"2095"}},
{"type":"Feature","geometry":{"type":"Point","coordinates":[-74.00191,40.755882]},"properties":{":id":"row-t8rc~qwh7-m7tu",":version":"rv-vbkw.u6hv~x4ex",":created_at":"2025-11-26T05:12:28.340Z",":updated_at":"2025-11-26T05:12:33.910Z","gtfs_stop_id":"726","station_id":"471","complex_id":"471","division":"IRT","line":"Flushing","stop_name":"34 St-Hudson Yards","borough":"M","cbd":"true","daytime_routes":"7","structure":"Subway","gtfs_latitude":"40.755882","gtfs_longitude":"-74.00191","north_direction_label":"Last Stop","south_direction_label":"Queens","ada":"1","ada_northbound":"1","ada_southbound":"1","ada_notes":null,":@computed_region_yamh_8v7k":"749",":@computed_region_wbg7_3whc":"717",":@computed_region_kjdx_g34t":"2095"}},
{"type":"Feature","geometry":{"type":"Point","coordinates":[-73.947152,40.784318]},"properties":{":id":"row-wmbz-znia_3ixx",":version":"rv-488g~3r2s~ndx7",":created_at":"2025-11-26T05:12:28.340Z",":updated_at":"2025-11-26T05:12:33.910Z","gtfs_stop_id":"Q05","station_id":"475","complex_id":"475","division":"IND","line":"Second Av","stop_name":"96 St","borough":"M","cbd":"false","daytime_routes":"Q","structure":"Subway","gtfs_latitude":"40.784318","gtfs_longitude":"-73.947152","north_direction_label":"Last Stop","south_direction_label":"Downtown","ada":"1","ada_northbound":"1","ada_southbound":"1","ada_notes":null,":@computed_region_yamh_8v7k":"749",":@computed_region_wbg7_3whc":"583",":@computed_region_kjdx_g34t":"2095"}},
{"type":"Feature","geometry":{"type":"Point","coordinates":[-73.951787,40.777891]},"properties":{":id":"row-cwkk-jdzg.ek6y",":version":"rv-t7xb~ahi2.4zqh",":created_at":"2025-11-26T05:12:28.340Z",":updated_at":"2025-11-26T05:12:33.910Z","gtfs_stop_id":"Q04","station_id":"476","complex_id":"476","division":"IND","line":"Second Av","stop_name":"86 St","borough":"M","cbd":"false","daytime_routes":"Q","structure":"Subway","gtfs_latitude":"40.777891","gtfs_longitude":"-73.951787","north_direction_label":"Uptown","south_direction_label":"Downtown","ada":"1","ada_northbound":"1","ada_southbound":"1","ada_notes":null,":@computed_region_yamh_8v7k":"749",":@computed_region_wbg7_3whc":"755",":@computed_region_kjdx_g34t":"2095"}},
{"type":"Feature","geometry":{"type":"Point","coordinates":[-73.958424,40.768799]},"properties":{":id":"row-d8wh_5m9k.gdqq",":version":"rv-pgmd_2v7q_nsta",":created_at":"2025-11-26T05:12:28.340Z",":updated_at":"2025-11-26T05:12:33.910Z","gtfs_stop_id":"Q03","station_id":"477","complex_id":"477","division":"IND","line":"Second Av","stop_name":"72 St","borough":"M","cbd":"false","daytime_routes":"Q","structure":"Subway","gtfs_latitude":"40.768799","gtfs_longitude":"-73.958424","north_direction_label":"Uptown","south_direction_label":"Downtown","ada":"1","ada_northbound":"1","ada_southbound":"1","ada_notes":null,":@computed_region_yamh_8v7k":"749",":@computed_region_wbg7_3whc":"744",":@computed_region_kjdx_g34t":"2095"}},
{"type":"Feature","geometry":{"type":"Point","coordinates":[-74.073643,40.643748]},"properties":{":id":"row-3qg5-4m6e~fnpd",":version":"rv-gjxa-8h2s-62c9",":created_at":"2025-11-26T05:12:28.340Z",":updated_at":"2025-11-26T05:12:33.910Z","gtfs_stop_id":"S31","station_id":"501","complex_id":"501","division":"SIR","line":"Staten Island","stop_name":"St George","borough":"SI","cbd":"false","daytime_routes":"SIR","structure":"Open Cut","gtfs_latitude":"40.643748","gtfs_longitude":"-74.073643","north_direction_label":"Last Stop","south_direction_label":"South Shore","ada":"1","ada_northbound":"1","ada_southbound":"1","ada_notes":null,":@computed_region_yamh_8v7k":"585",":@computed_region_wbg7_3whc":"604",":@computed_region_kjdx_g34t":null}},
{"type":"Feature","geometry":{"type":"Point","coordinates":[-74.074835,40.636949]},"properties":{":id":"row-s2cj~tavk.pwxx",":version":"rv-egjh.q2sv-3igk",":created_at":"2025-11-26T05:12:28.340Z",":updated_at":"2025-11-26T05:12:33.910Z","gtfs_stop_id":"S30","station_id":"502","complex_id":"502","division":"SIR","line":"Staten Island","stop_name":"Tompkinsville","borough":"SI","cbd":"false","daytime_routes":"SIR","structure":"At Grade","gtfs_latitude":"40.636949","gtfs_longitude":"-74.074835","north_direction_label":"Ferry","south_direction_label":"South Shore","ada":"0","ada_northbound":"0","ada_southbound":"0","ada_notes":null,":@computed_region_yamh_8v7k":"585",":@computed_region_wbg7_3whc":"607",":@computed_region_kjdx_g34t":null}},
{"type":"Feature","geometry":{"type":"Point","coordinates":[-74.075162,40.627915]},"properties":{":id":"row-t3bz~bs56~ht93",":version":"rv-8ru9-rk54_ymnf",":created_at":"2025-11-26T05:12:28.340Z",":updated_at":"2025-11-26T05:12:33.910Z","gtfs_stop_id":"S29","station_id":"503","complex_id":"503","division":"SIR","line":"Staten Island","stop_name":"Stapleton","borough":"SI","cbd":"false","daytime_routes":"SIR","structure":"Elevated","gtfs_latitude":"40.627915","gtfs_longitude":"-74.075162","north_direction_label":"Ferry","south_direction_label":"South Shore","ada":"0","ada_northbound":"0","ada_southbound":"0","ada_notes":null,":@computed_region_yamh_8v7k":"585",":@computed_region_wbg7_3whc":"607",":@computed_region_kjdx_g34t":"2139"}},
{"type":"Feature","geometry":{"type":"Point","coordinates":[-74.071402,40.621319]},"properties":{":id":"row-pfb4.naqd_497e",":version":"rv-xe9e.4z8p_xhgy",":created_at":"2025-11-26T05:12:28.340Z",":updated_at":"2025-11-26T05:12:33.910Z","gtfs_stop_id":"S28","station_id":"504","complex_id":"504","division":"SIR","line":"Staten Island","stop_name":"Clifton","borough":"SI","cbd":"false","daytime_routes":"SIR","structure":"Elevated","gtfs_latitude":"40.621319","gtfs_longitude":"-74.071402","north_direction_label":"Ferry","south_direction_label":"South Shore","ada":"0","ada_northbound":"0","ada_southbound":"0","ada_notes":null,":@computed_region_yamh_8v7k":"585",":@computed_region_wbg7_3whc":"607",":@computed_region_kjdx_g34t":"2139"}},
{"type":"Feature","geometry":{"type":"Point","coordinates":[-74.084087,40.603117]},"properties":{":id":"row-2aph~3zdj_zd2f",":version":"rv-qmqp~3s2q~yp3e",":created_at":"2025-11-26T05:12:28.340Z",":updated_at":"2025-11-26T05:12:33.910Z","gtfs_stop_id":"S27","station_id":"505","complex_id":"505","division":"SIR","line":"Staten Island","stop_name":"Grasmere","borough":"SI","cbd":"false","daytime_routes":"SIR","structure":"Open Cut","gtfs_latitude":"40.603117","gtfs_longitude":"-74.084087","north_direction_label":"Ferry","south_direction_label":"South Shore","ada":"0","ada_northbound":"0","ada_southbound":"0","ada_notes":null,":@computed_region_yamh_8v7k":"585",":@computed_region_wbg7_3whc":"607",":@computed_region_kjdx_g34t":"2139"}},
{"type":"Feature","geometry":{"type":"Point","coordinates":[-74.087368,40.596612]},"properties":{":id":"row-jtf7~77ni.v4fi",":version":"rv-yajt~7kxr_c9hr",":created_at":"2025-11-26T05:12:28.340Z",":updated_at":"2025-11-26T05:12:33.910Z","gtfs_stop_id":"S26","station_id":"506","complex_id":"506","division":"SIR","line":"Staten Island","stop_name":"Old Town","borough":"SI","cbd":"false","daytime_routes":"SIR","structure":"Embankment","gtfs_latitude":"40.596612","gtfs_longitude":"-74.087368","north_direction_label":"Ferry","south_direction_label":"South Shore","ada":"0","ada_northbound":"0","ada_southbound":"0","ada_notes":null,":@computed_region_yamh_8v7k":"585",":@computed_region_wbg7_3whc":"608",":@computed_region_kjdx_g34t":"2139"}},
{"type":"Feature","geometry":{"type":"Point","coordinates":[-74.09609,40.588849]},"properties":{":id":"row-5785~bpar_c6mt",":version":"rv-tudh_8ffm-rzfn",":created_at":"2025-11-26T05:12:28.340Z",":updated_at":"2025-11-26T05:12:33.910Z","gtfs_stop_id":"S25","station_id":"507","complex_id":"507","division":"SIR","line":"Staten Island","stop_name":"Dongan Hills","borough":"SI","cbd":"false","daytime_routes":"SIR","structure":"Embankment","gtfs_latitude":"40.588849","gtfs_longitude":"-74.09609","north_direction_label":"Ferry","south_direction_label":"South Shore","ada":"1","ada_northbound":"1","ada_southbound":"1","ada_notes":null,":@computed_region_yamh_8v7k":"585",":@computed_region_wbg7_3whc":"608",":@computed_region_kjdx_g34t":"2139"}},
{"type":"Feature","geometry":{"type":"Point","coordinates":[-74.103338,40.583591]},"properties":{":id":"row-9dw3-39ik-pvxs",":version":"rv-mrnn-iprd~6aiz",":created_at":"2025-11-26T05:12:28.340Z",":updated_at":"2025-11-26T05:12:33.910Z","gtfs_stop_id":"S24","station_id":"508","complex_id":"508","division":"SIR","line":"Staten Island","stop_name":"Jefferson Av","borough":"SI","cbd":"false","daytime_routes":"SIR","structure":"Embankment","gtfs_latitude":"40.583591","gtfs_longitude":"-74.103338","north_direction_label":"Ferry","south_direction_label":"South Shore","ada":"0","ada_northbound":"0","ada_southbound":"0","ada_notes":null,":@computed_region_yamh_8v7k":"585",":@computed_region_wbg7_3whc":"609",":@computed_region_kjdx_g34t":"2139"}},
{"type":"Feature","geometry":{"type":"Point","coordinates":[-74.109704,40.578965]},"properties":{":id":"row-zb7p~dhws.rdbs",":version":"rv-ki3n~kj56~yihx",":created_at":"2025-11-26T05:12:28.340Z",":updated_at":"2025-11-26T05:12:33.910Z","gtfs_stop_id":"S23","station_id":"509","complex_id":"509","division":"SIR","line":"Staten Island","stop_name":"Grant City","borough":"SI","cbd":"false","daytime_routes":"SIR","structure":"Open Cut","gtfs_latitude":"40.578965","gtfs_longitude":"-74.109704","north_direction_label":"Ferry","south_direction_label":"South Shore","ada":"0","ada_northbound":"0","ada_southbound":"0","ada_notes":null,":@computed_region_yamh_8v7k":"585",":@computed_region_wbg7_3whc":"609",":@computed_region_kjdx_g34t":"2139"}},
{"type":"Feature","geometry":{"type":"Point","coordinates":[-74.11721,40.57348]},"properties":{":id":"row-ytg7_zyxf.3mg3",":version":"rv-4cyp~2793~iejv",":created_at":"2025-11-26T05:12:28.340Z",":updated_at":"2025-11-26T05:12:33.910Z","gtfs_stop_id":"S22","station_id":"510","complex_id":"510","division":"SIR","line":"Staten Island","stop_name":"New Dorp","borough":"SI","cbd":"false","daytime_routes":"SIR","structure":"Open Cut","gtfs_latitude":"40.57348","gtfs_longitude":"-74.11721","north_direction_label":"Ferry","south_direction_label":"South Shore","ada":"1","ada_northbound":"1","ada_southbound":"1","ada_notes":null,":@computed_region_yamh_8v7k":"585",":@computed_region_wbg7_3whc":"609",":@computed_region_kjdx_g34t":"2139"}},
{"type":"Feature","geometry":{"type":"Point","coordinates":[-74.12632,40.56511]},"properties":{":id":"row-sqku_4fjp~q28i",":version":"rv-7hv4.yzyr~r6hc",":created_at":"2025-11-26T05:12:28.340Z",":updated_at":"2025-11-26T05:12:33.910Z","gtfs_stop_id":"S21","station_id":"511","complex_id":"511","division":"SIR","line":"Staten Island","stop_name":"Oakwood Heights","borough":"SI","cbd":"false","daytime_routes":"SIR","structure":"Open Cut","gtfs_latitude":"40.56511","gtfs_longitude":"-74.12632","north_direction_label":"Ferry","south_direction_label":"South Shore","ada":"0","ada_northbound":"0","ada_southbound":"0","ada_notes":null,":@computed_region_yamh_8v7k":"585",":@computed_region_wbg7_3whc":"609",":@computed_region_kjdx_g34t":"2139"}},
{"type":"Feature","geometry":{"type":"Point","coordinates":[-74.136907,40.5564]},"properties":{":id":"row-pxzf.idd2.af2y",":version":"rv-gh32~bi5x.edxq",":created_at":"2025-11-26T05:12:28.340Z",":updated_at":"2025-11-26T05:12:33.910Z","gtfs_stop_id":"S20","station_id":"512","complex_id":"512","division":"SIR","line":"Staten Island","stop_name":"Bay Terrace","borough":"SI","cbd":"false","daytime_routes":"SIR","structure":"Embankment","gtfs_latitude":"40.5564","gtfs_longitude":"-74.136907","north_direction_label":"Ferry","south_direction_label":"South Shore","ada":"0","ada_northbound":"0","ada_southbound":"0","ada_notes":null,":@computed_region_yamh_8v7k":"585",":@computed_region_wbg7_3whc":"609",":@computed_region_kjdx_g34t":"2139"}},
{"type":"Feature","geometry":{"type":"Point","coordinates":[-74.151399,40.551231]},"properties":{":id":"row-tzxs-a7d8-vf2b",":version":"rv-84t5_38jq~b922",":created_at":"2025-11-26T05:12:28.340Z",":updated_at":"2025-11-26T05:12:33.910Z","gtfs_stop_id":"S19","station_id":"513","complex_id":"513","division":"SIR","line":"Staten Island","stop_name":"Great Kills","borough":"SI","cbd":"false","daytime_routes":"SIR","structure":"Open Cut","gtfs_latitude":"40.551231","gtfs_longitude":"-74.151399","north_direction_label":"Ferry","south_direction_label":"South Shore","ada":"1","ada_northbound":"1","ada_southbound":"1","ada_notes":null,":@computed_region_yamh_8v7k":"585",":@computed_region_wbg7_3whc":"611",":@computed_region_kjdx_g34t":"2139"}},
{"type":"Feature","geometry":{"type":"Point","coordinates":[-74.16457,40.544601]},"properties":{":id":"row-i7h7_guzn_59bq",":version":"rv-kk5z.snxz-ezey",":created_at":"2025-11-26T05:12:28.340Z",":updated_at":"2025-11-26T05:12:33.910Z","gtfs_stop_id":"S18","station_id":"514","complex_id":"514","division":"SIR","line":"Staten Island","stop_name":"Eltingville","borough":"SI","cbd":"false","daytime_routes":"SIR","structure":"Embankment","gtfs_latitude":"40.544601","gtfs_longitude":"-74.16457","north_direction_label":"Ferry","south_direction_label":"South Shore","ada":"0","ada_northbound":"0","ada_southbound":"0","ada_notes":null,":@computed_region_yamh_8v7k":"585",":@computed_region_wbg7_3whc":"615",":@computed_region_kjdx_g34t":"2139"}},
{"type":"Feature","geometry":{"type":"Point","coordinates":[-74.178217,40.54046]},"properties":{":id":"row-wj54.rbr6.94jc",":version":"rv-pbrq~cn4b-q3c6",":created_at":"2025-11-26T05:12:28.340Z",":updated_at":"2025-11-26T05:12:33.910Z","gtfs_stop_id":"S17","station_id":"515","complex_id":"515","division":"SIR","line":"Staten Island","stop_name":"Annadale","borough":"SI","cbd":"false","daytime_routes":"SIR","structure":"Open Cut","gtfs_latitude":"40.54046","gtfs_longitude":"-74.178217","north_direction_label":"Ferry","south_direction_label":"South Shore","ada":"0","ada_northbound":"0","ada_southbound":"0","ada_notes":null,":@computed_region_yamh_8v7k":"585",":@computed_region_wbg7_3whc":"615",":@computed_region_kjdx_g34t":"2139"}},
{"type":"Feature","geometry":{"type":"Point","coordinates":[-74.191794,40.533674]},"properties":{":id":"row-a6uz-c3mf~mmkk",":version":"rv-d7gc_ri2r_48p5",":created_at":"2025-11-26T05:12:28.340Z",":updated_at":"2025-11-26T05:12:33.910Z","gtfs_stop_id":"S16","station_id":"516","complex_id":"516","division":"SIR","line":"Staten Island","stop_name":"Huguenot","borough":"SI","cbd":"false","daytime_routes":"SIR","structure":"Open Cut","gtfs_latitude":"40.533674","gtfs_longitude":"-74.191794","north_direction_label":"Ferry","south_direction_label":"South Shore","ada":"0","ada_northbound":"0","ada_southbound":"0","ada_notes":null,":@computed_region_yamh_8v7k":"585",":@computed_region_wbg7_3whc":"615",":@computed_region_kjdx_g34t":"2139"}},
{"type":"Feature","geometry":{"type":"Point","coordinates":[-74.200064,40.525507]},"properties":{":id":"row-zuhp~mabh_wa29",":version":"rv-cbms~n95f_7aj9",":created_at":"2025-11-26T05:12:28.340Z",":updated_at":"2025-11-26T05:12:33.910Z","gtfs_stop_id":"S15","station_id":"517","complex_id":"517","division":"SIR","line":"Staten Island","stop_name":"Prince's Bay","borough":"SI","cbd":"false","daytime_routes":"SIR","structure":"Open Cut","gtfs_latitude":"40.525507","gtfs_longitude":"-74.200064","north_direction_label":"Ferry","south_direction_label":"South Shore","ada":"0","ada_northbound":"0","ada_southbound":"0","ada_notes":null,":@computed_region_yamh_8v7k":"585",":@computed_region_wbg7_3whc":"612",":@computed_region_kjdx_g34t":"2139"}},
{"type":"Feature","geometry":{"type":"Point","coordinates":[-74.217847,40.52241]},"properties":{":id":"row-972r~nnun_hcmw",":version":"rv-528s~bxqu-ubz5",":created_at":"2025-11-26T05:12:28.340Z",":updated_at":"2025-11-26T05:12:33.910Z","gtfs_stop_id":"S14","station_id":"518","complex_id":"518","division":"SIR","line":"Staten Island","stop_name":"Pleasant Plains","borough":"SI","cbd":"false","daytime_routes":"SIR","structure":"Embankment","gtfs_latitude":"40.52241","gtfs_longitude":"-74.217847","north_direction_label":"Ferry","south_direction_label":"South Shore","ada":"0","ada_northbound":"0","ada_southbound":"0","ada_notes":null,":@computed_region_yamh_8v7k":"585",":@computed_region_wbg7_3whc":"612",":@computed_region_kjdx_g34t":"2139"}},
{"type":"Feature","geometry":{"type":"Point","coordinates":[-74.229141,40.519631]},"properties":{":id":"row-nqcy-4wsr-yqhu",":version":"rv-ftdu_zssb-jhmz",":created_at":"2025-11-26T05:12:28.340Z",":updated_at":"2025-11-26T05:12:33.910Z","gtfs_stop_id":"S13","station_id":"519","complex_id":"519","division":"SIR","line":"Staten Island","stop_name":"Richmond Valley","borough":"SI","cbd":"false","daytime_routes":"SIR","structure":"Open Cut","gtfs_latitude":"40.519631","gtfs_longitude":"-74.229141","north_direction_label":"Ferry","south_direction_label":"Tottenville","ada":"0","ada_northbound":"0","ada_southbound":"0","ada_notes":null,":@computed_region_yamh_8v7k":"585",":@computed_region_wbg7_3whc":"612",":@computed_region_kjdx_g34t":"2139"}},
{"type":"Feature","geometry":{"type":"Point","coordinates":[-74.251961,40.512764]},"properties":{":id":"row-wi5r_e9je~x59k",":version":"rv-bw5h-npmw.dwfp",":created_at":"2025-11-26T05:12:28.340Z",":updated_at":"2025-11-26T05:12:33.910Z","gtfs_stop_id":"S09","station_id":"522","complex_id":"522","division":"SIR","line":"Staten Island","stop_name":"Tottenville","borough":"SI","cbd":"false","daytime_routes":"SIR","structure":"At Grade","gtfs_latitude":"40.512764","gtfs_longitude":"-74.251961","north_direction_label":"Ferry","south_direction_label":"Last Stop","ada":"1","ada_northbound":"1","ada_southbound":"1","ada_notes":null,":@computed_region_yamh_8v7k":"585",":@computed_region_wbg7_3whc":"610",":@computed_region_kjdx_g34t":null}},
{"type":"Feature","geometry":{"type":"Point","coordinates":[-74.242096,40.516578]},"properties":{":id":"row-h42g~ptma~yuyc",":version":"rv-8rym.sr65-rp9m",":created_at":"2025-11-26T05:12:28.340Z",":updated_at":"2025-11-26T05:12:33.910Z","gtfs_stop_id":"S11","station_id":"523","complex_id":"523","division":"SIR","line":"Staten Island","stop_name":"Arthur Kill","borough":"SI","cbd":"false","daytime_routes":"SIR","structure":"At Grade","gtfs_latitude":"40.516578","gtfs_longitude":"-74.242096","north_direction_label":"Ferry","south_direction_label":"Tottenville","ada":"1","ada_northbound":"1","ada_southbound":"1","ada_notes":null,":@computed_region_yamh_8v7k":"585",":@computed_region_wbg7_3whc":"610",":@computed_region_kjdx_g34t":"2139"}}
] }
